Employee #,First Name,Preferred Name,Last Name,First Name Last Name,Job Title,Department,Division,Reporting to,Hire Date,Work Email,Birth Date,Gender,Employment Status,City,State,Zip Code,Compensation: Date,Pay rate,Time Type,Exempt,Pay Schedule,Termination Date,Radford Level,Bonus Type,Bonus Amount,EEID,People Leader?,Annualized Pay,Annual Pay,Director,E-1,First Executive,Top Executive,Skip Level Manager,HRBP,July Threshold,Jan Threshold,Job Code,Band Number,Min,25% RP,Mid,75% RP,Max,RP %
EMP00001,Alistair,,Ironwood,Alistair Ironwood,CEO,Corporate Strategy,Operations,,2015-03-01,alistair.ironwood@theguild.com,1975-06-15,Male,Active,Salt Lake City,UT,84101,2026-01-01,1500000,Salary,Exempt,Monthly,,E6,Annual Bonus,3000000,EEID00001,Yes,1500000,1500000,,,,,,Emily Stone,150000,150000,210,6,1500000,2000000,2500000,3000000,5000000,60.0
EMP00002,Meredith,,Kingsley,Meredith Kingsley,CFO,Finance,G&A,EMP00001,2019-04-04,meredith.kingsley@theguild.com,1975-12-15,Male,Active,Salt Lake City,TX,84101,2026-01-01,346810,Salary,Exempt,Monthly,,E1,Annual Bonus,173405,EEID00002,Yes,346810,346810,,,,,,Emily Stone,34681,34681,211,1,300000,350000,400000,450000,500000,86.7
EMP00003,Dorian,,Blackthorn,Dorian Blackthorn,CTO,Architecture,Engineering & Technology,EMP00001,2018-06-12,dorian.blackthorn@theguild.com,1983-08-07,Male,Active,Austin,CA,84101,2026-01-01,564457,Salary,Exempt,Monthly,,E2,Annual Bonus,282228,EEID00003,Yes,564457,564457,,,,,,Emily Stone,56445,56445,213,3,500000,600000,700000,800000,900000,80.6
EMP00004,Seraphina,,Ravenscroft,Seraphina Ravenscroft,CMO,Corporate Communications,Marketing,EMP00001,2019-12-22,seraphina.ravenscroft@theguild.com,1979-10-13,Male,Active,San Francisco,NY,84101,2026-01-01,523271,Salary,Exempt,Monthly,,E3,Annual Bonus,313962,EEID00004,Yes,523271,523271,,,,,,Emily Stone,52327,52327,214,4,600000,750000,900000,1050000,1200000,58.1
EMP00005,Thorne,,Ashford,Thorne Ashford,CRO,Revenue Operations,Sales & Revenue,EMP00001,2019-09-22,thorne.ashford@theguild.com,1977-05-28,Female,Active,Salt Lake City,NY,84101,2026-01-01,673372,Salary,Exempt,Monthly,,E4,Annual Bonus,336686,EEID00005,Yes,673372,673372,,,,,,Emily Stone,67337,67337,215,5,800000,1100000,1400000,1700000,2000000,48.1
EMP00006,Gideon,,Stonewall,Gideon Stonewall,COO,Corporate Strategy,Operations,EMP00001,2017-10-30,gideon.stonewall@theguild.com,1979-01-10,Female,Active,San Francisco,CA,84101,2026-01-01,1656462,Salary,Exempt,Monthly,,E5,Annual Bonus,993877,EEID00006,Yes,1656462,1656462,,,,,,Emily Stone,165646,165646,216,6,1500000,2375000,3250000,4125000,5000000,51.0
EMP00007,Eleanor,,Whitmore,Eleanor Whitmore,General Counsel,Legal,G&A,EMP00001,2018-02-15,eleanor.whitmore@theguild.com,1985-03-11,Female,Active,New York,TX,84101,2026-01-01,4288916,Salary,Exempt,Monthly,,E6,Annual Bonus,1286674,EEID00007,Yes,4288916,4288916,,,,,,Emily Stone,428891,428891,212,2,400000,475000,550000,625000,700000,779.8
EMP00008,Will,,Jackson,Will Jackson,Director of Engineering,Software Engineering,Engineering & Technology,EMP00005,2021-05-29,will.jackson@theguild.com,1985-03-24,Female,Active,Denver,CO,84101,2026-01-01,202549,Salary,Exempt,Monthly,,M3,Annual Bonus,40509,EEID00008,Yes,202549,202549,EMP00008,,,,,Priya Patel,20254,20254,107,3,175000,193750,212500,231250,250000,95.3
EMP00009,Lauren,,Carter,Lauren Carter,Director of Design,Product Management,Product,EMP00003,2019-11-22,lauren.carter@theguild.com,1985-07-08,Male,Active,San Francisco,TX,84101,2026-01-01,186114,Salary,Exempt,Monthly,,M3,Annual Bonus,18611,EEID00009,Yes,186114,186114,EMP00009,,,,,Emily Stone,18611,18611,115,3,175000,193750,212500,231250,250000,87.6
EMP00010,Taylor,,Williams,Taylor Williams,Director of Sales,Enterprise Sales,Sales & Revenue,EMP00005,2020-06-05,taylor.williams@theguild.com,1979-08-20,Female,Active,Denver,WA,84101,2026-01-01,207092,Salary,Exempt,Monthly,,M3,Annual Bonus,41418,EEID00010,Yes,207092,207092,EMP00010,,,,,Marcus Webb,20709,20709,149,3,175000,193750,212500,231250,250000,97.5
EMP00011,Nora,,Thomas,Nora Thomas,Director of Marketing,Demand Generation,Marketing,EMP00001,2021-03-18,nora.thomas@theguild.com,1980-05-23,Female,Active,San Francisco,CA,84101,2026-01-01,194342,Salary,Exempt,Monthly,,M3,Commission,9717,EEID00011,Yes,194342,194342,EMP00011,,,,,Priya Patel,19434,19434,141,3,175000,193750,212500,231250,250000,91.5
EMP00012,Kayla,,Rogers,Kayla Rogers,Director of Customer Success,Customer Success Management,Customer Success,EMP00005,2017-10-01,kayla.rogers@theguild.com,1988-06-03,Female,Active,Denver,WA,84101,2026-01-01,190906,Salary,Exempt,Monthly,,M3,Commission,38181,EEID00012,Yes,190906,190906,EMP00012,,,,,Emily Stone,19090,19090,157,3,175000,193750,212500,231250,250000,89.8
EMP00013,Leo,,Lewis,Leo Lewis,Director of Finance,Finance,G&A,EMP00002,2021-09-17,leo.lewis@theguild.com,1984-03-21,Female,Active,San Francisco,TX,84101,2026-01-01,208972,Salary,Exempt,Monthly,,M3,Commission,10448,EEID00013,Yes,208972,208972,EMP00013,,,,,Priya Patel,20897,20897,165,3,175000,193750,212500,231250,250000,98.3
EMP00014,Ben,,Thomas,Ben Thomas,Director of Analytics,Business Operations,Operations,EMP00003,2018-10-17,ben.thomas@theguild.com,1990-02-11,Male,Active,San Francisco,CA,84101,2026-01-01,210614,Salary,Exempt,Monthly,,M3,Annual Bonus,42122,EEID00014,Yes,210614,210614,EMP00014,,,,,Priya Patel,21061,21061,132,3,175000,193750,212500,231250,250000,99.1
EMP00015,Stephanie,,Turner,Stephanie Turner,Senior Product Manager,Product Management,Product,EMP00009,2021-12-11,stephanie.turner@theguild.com,1988-05-24,,Active,Dallas,TX,75201,2026-01-01,109080,Salary,Exempt,Twice a Month,,P3,Commission,10908,EEID00015,No,119988,109080,,,,,,Jordan Kim,10908,10908,118,3,105000,116250,127500,138750,150000,85.6
EMP00016,Reid,,Campbell,Reid Campbell,Senior HR Business Partner,Talent Acquisition,G&A,EMP00011,2023-12-28,reid.campbell@theguild.com,1976-03-17,,Active,Dallas,TX,75201,2026-01-01,106902,Salary,Exempt,Twice a Month,,P3,Annual Bonus,16035,EEID00016,No,122937,106902,,,,,,Emily Stone,10690,10690,168,3,105000,116250,127500,138750,150000,83.8
EMP00017,Michael,,Nelson,Michael Nelson,Marketing Specialist,Content Marketing,Marketing,EMP00010,2018-12-02,michael.nelson@theguild.com,1996-02-05,Male,Active,Los Angeles,CA,90001,2026-01-01,104844,Salary,Non-Exempt,Bi-Weekly,,P2,Commission,20968,EEID00017,No,125812,104844,,,,,,Emily Stone,10484,10484,135,2,80000,90000,100000,110000,120000,104.8
EMP00018,Dylan,,Anderson,Dylan Anderson,Finance Associate,Legal,G&A,EMP00014,2019-04-14,dylan.anderson@theguild.com,2000-04-19,Female,Active,New York,NY,10001,2026-01-01,61532,Salary,Exempt,Twice a Month,,P1,No Bonus,0,EEID00018,No,61532,61532,,,,,,Jordan Kim,6153,6153,158,1,55000,62500,70000,77500,85000,87.9
EMP00019,Jake,,Evans,Jake Evans,Sales Development Representative,SMB Sales,Sales & Revenue,EMP00012,2025-09-29,jake.evans@theguild.com,1985-11-22,Male,Active,Salt Lake City,UT,84101,2026-01-01,58542,Hourly,Non-Exempt,Bi-Weekly,,P1,Annual Bonus,8781,EEID00019,No,67323,58542,,,,,,Priya Patel,5854,5854,142,1,55000,62500,70000,77500,85000,83.6
EMP00020,Rowan,,Collins,Rowan Collins,Staff Software Engineer,Software Engineering,Engineering & Technology,EMP00013,2025-02-16,rowan.collins@theguild.com,1995-08-16,Female,Active,Phoenix,AZ,85001,2026-01-01,168158,Hourly,Exempt,Monthly,,P4,Commission,33631,EEID00020,No,201789,168158,,,,,,Jordan Kim,16815,16815,103,4,135000,147500,160000,172500,185000,105.1
EMP00021,Andrew,,Phillips,Andrew Phillips,CS Team Lead,Renewals,Customer Success,EMP00012,2023-03-19,andrew.phillips@theguild.com,2000-07-24,,Active,Chicago,IL,60601,2026-01-01,182908,Salary,Exempt,Bi-Weekly,,P4,Commission,18290,EEID00021,No,201198,182908,,,,,,Priya Patel,18290,18290,153,4,135000,147500,160000,172500,185000,114.3
EMP00023,Cole,,Lewis,Cole Lewis,Operations Manager,Business Operations,Operations,EMP00014,2024-03-04,cole.lewis@theguild.com,1989-11-02,Non-Binary,Active,Raleigh,NC,27601,2026-01-01,140067,Salary,Exempt,Twice a Month,,M1,No Bonus,0,EEID00023,Yes,140067,140067,,,,,,Jordan Kim,14006,14006,130,1,120000,132500,145000,157500,170000,96.6
EMP00024,Sam,,Martin,Sam Martin,Sales Manager,Sales Development,Sales & Revenue,EMP00010,2021-04-28,sam.martin@theguild.com,1985-03-16,Non-Binary,Active,Raleigh,NC,27601,2026-01-01,168685,Salary,Exempt,Bi-Weekly,,M1,Annual Bonus,8434,EEID00024,Yes,177119,168685,,,,,,Marcus Webb,16868,16868,147,1,120000,132500,145000,157500,170000,116.3
EMP00025,Will,,Smith,Will Smith,HR Coordinator,People & HR,G&A,EMP00023,2020-01-26,will.smith@theguild.com,1977-04-21,Non-Binary,Active,San Francisco,CA,94101,2026-01-01,59137,Salary,Non-Exempt,Twice a Month,,P1,Commission,11827,EEID00025,No,70964,59137,,,,,,Jordan Kim,5913,5913,174,1,55000,62500,70000,77500,85000,84.5
EMP00026,Daniel,,Stewart,Daniel Stewart,Junior Software Engineer,Platform Engineering,Engineering & Technology,EMP00012,2023-01-20,daniel.stewart@theguild.com,1994-11-10,Non-Binary,Active,Chicago,IL,60601,2026-01-01,81579,Salary,Non-Exempt,Bi-Weekly,,P1,Commission,16315,EEID00026,No,97894,81579,,,,,,Jordan Kim,8157,8157,100,1,55000,62500,70000,77500,85000,116.5
EMP00027,Aria,,Torres,Aria Torres,Customer Success Associate,Customer Success Management,Customer Success,EMP00009,2025-09-24,aria.torres@theguild.com,1996-01-30,Non-Binary,Active,Boston,MA,02101,2026-01-01,63671,Salary,Exempt,Monthly,,P1,Commission,12734,EEID00027,No,76405,63671,,,,,,Emily Stone,6367,6367,150,1,55000,62500,70000,77500,85000,91.0
EMP00028,Samantha,,Jackson,Samantha Jackson,Finance Manager,Facilities & Admin,G&A,EMP00012,2020-07-09,samantha.jackson@theguild.com,1981-09-07,Non-Binary,Active,Provo,UT,84601,2026-01-01,150297,Salary,Exempt,Twice a Month,,P4,Annual Bonus,22544,EEID00028,No,172841,150297,,,,,,Marcus Webb,15029,15029,177,4,135000,147500,160000,172500,185000,93.9
EMP00029,Sarah,,Brown,Sarah Brown,Senior Product Manager,UX Research,Product,EMP00012,2018-06-13,sarah.brown@theguild.com,1994-05-19,Non-Binary,Active,Portland,OR,97201,2026-01-01,135716,Hourly,Exempt,Twice a Month,,P3,Annual Bonus,20357,EEID00029,No,156073,135716,,,,,,Priya Patel,13571,13571,110,3,105000,116250,127500,138750,150000,106.4
EMP00030,Taylor,,Garcia,Taylor Garcia,Senior Product Manager,Product Management,Product,EMP00024,2023-07-08,taylor.garcia@theguild.com,1979-02-03,,Active,Portland,OR,97201,2026-01-01,135834,Salary,Exempt,Twice a Month,,P3,No Bonus,0,EEID00030,No,135834,135834,,,,,,Priya Patel,13583,13583,118,3,105000,116250,127500,138750,150000,106.5
EMP00031,Owen,,Perez,Owen Perez,Senior Account Executive,Mid-Market Sales,Sales & Revenue,EMP00014,2020-10-30,owen.perez@theguild.com,1989-07-02,Male,Active,Lehi,UT,84043,2026-01-01,123888,Salary,Exempt,Twice a Month,,P3,Annual Bonus,9911,EEID00031,No,133799,123888,,,,,,Jordan Kim,12388,12388,144,3,105000,116250,127500,138750,150000,97.2
EMP00032,Aria,,Stewart,Aria Stewart,Junior Software Engineer,Architecture,Engineering & Technology,EMP00023,2025-10-31,aria.stewart@theguild.com,1996-09-28,Male,Active,San Jose,CA,95101,2026-01-01,66854,Salary,Non-Exempt,Bi-Weekly,,P1,Annual Bonus,6685,EEID00032,No,73539,66854,,,,,,Emily Stone,6685,6685,204,1,55000,62500,70000,77500,85000,95.5
EMP00033,Drew,,Collins,Drew Collins,Associate Product Manager,Product Design,Product,EMP00009,2021-01-24,drew.collins@theguild.com,1993-08-21,,Active,Seattle,WA,98101,2026-01-01,62362,Salary,Non-Exempt,Bi-Weekly,,P1,Commission,18708,EEID00033,No,81070,62362,,,,,,Jordan Kim,6236,6236,108,1,55000,62500,70000,77500,85000,89.1
EMP00035,Reid,,Walker,Reid Walker,Enterprise Account Executive,Revenue Operations,Sales & Revenue,EMP00011,2025-11-28,reid.walker@theguild.com,1992-02-07,,Active,Chicago,IL,60601,2026-01-01,147363,Hourly,Exempt,Monthly,,P4,Annual Bonus,14736,EEID00035,No,162099,147363,,,,,,Marcus Webb,14736,14736,145,4,135000,147500,160000,172500,185000,92.1
EMP00036,Violet,,Williams,Violet Williams,Staff Product Manager,UX Research,Product,EMP00010,2024-12-27,violet.williams@theguild.com,1992-10-30,Male,Active,New York,NY,10001,2026-01-01,136005,Salary,Exempt,Twice a Month,,P4,Annual Bonus,10880,EEID00036,No,146885,136005,,,,,,Priya Patel,13600,13600,119,4,135000,147500,160000,172500,185000,85.0
EMP00038,Ella,,Edwards,Ella Edwards,Staff Software Engineer,Data Engineering,Engineering & Technology,EMP00014,2022-04-16,ella.edwards@theguild.com,1985-10-20,,Active,Boston,MA,02101,2026-01-01,169810,Salary,Exempt,Bi-Weekly,,P4,Annual Bonus,25471,EEID00038,No,195281,169810,,,,,,Marcus Webb,16981,16981,193,4,135000,147500,160000,172500,185000,106.1
EMP00039,Samantha,,Robinson,Samantha Robinson,HR Coordinator,Facilities & Admin,G&A,EMP00024,2020-10-21,samantha.robinson@theguild.com,1995-06-29,Non-Binary,Active,Minneapolis,MN,55401,2026-01-01,77203,Salary,Non-Exempt,Twice a Month,,P1,No Bonus,0,EEID00039,No,77203,77203,,,,,,Marcus Webb,7720,7720,166,1,55000,62500,70000,77500,85000,110.3
EMP00040,Zoe,,Nguyen,Zoe Nguyen,Senior Marketing Manager,Brand Marketing,Marketing,EMP00014,2024-10-22,zoe.nguyen@theguild.com,1990-10-21,Female,Active,Provo,UT,84601,2026-01-01,106437,Salary,Exempt,Twice a Month,,P3,Annual Bonus,5321,EEID00040,No,111758,106437,,,,,,Marcus Webb,10643,10643,136,3,105000,116250,127500,138750,150000,83.5
EMP00041,Emerson,,Taylor,Emerson Taylor,HR Coordinator,People & HR,G&A,EMP00013,2019-06-26,emerson.taylor@theguild.com,1999-03-13,Non-Binary,Active,Austin,TX,73301,2026-01-01,56093,Salary,Non-Exempt,Twice a Month,,P1,Annual Bonus,2804,EEID00041,No,58896,56093,,,,,,Priya Patel,5609,5609,166,1,55000,62500,70000,77500,85000,80.1
EMP00042,Lauren,,Taylor,Lauren Taylor,Senior Operations Analyst,FP&A,Operations,EMP00009,2018-02-27,lauren.taylor@theguild.com,1986-11-11,Male,Active,Chicago,IL,60601,2026-01-01,135692,Hourly,Exempt,Bi-Weekly,,P3,Annual Bonus,13569,EEID00042,No,149261,135692,,,,,,Jordan Kim,13569,13569,126,3,105000,116250,127500,138750,150000,106.4
EMP00043,Chloe,,Mitchell,Chloe Mitchell,Senior Financial Analyst,Facilities & Admin,G&A,EMP00023,2018-09-16,chloe.mitchell@theguild.com,1995-10-29,Non-Binary,Active,Lehi,UT,84043,2026-01-01,120323,Salary,Exempt,Bi-Weekly,,P3,No Bonus,0,EEID00043,No,120323,120323,,,,,,Jordan Kim,12032,12032,176,3,105000,116250,127500,138750,150000,94.4
EMP00044,Daniel,,Rodriguez,Daniel Rodriguez,Staff Software Engineer,Software Engineering,Engineering & Technology,EMP00024,2019-09-25,daniel.rodriguez@theguild.com,1993-08-11,Male,Active,Minneapolis,MN,55401,2026-01-01,150387,Salary,Exempt,Twice a Month,,P4,Commission,45116,EEID00044,No,195503,150387,,,,,,Jordan Kim,15038,15038,103,4,135000,147500,160000,172500,185000,94.0
EMP00045,Skyler,,Clark,Skyler Clark,Account Executive,Enterprise Sales,Sales & Revenue,EMP00013,2019-05-16,skyler.clark@theguild.com,1995-05-26,Male,Active,Atlanta,GA,30301,2026-01-01,95473,Salary,Exempt,Twice a Month,,P2,Annual Bonus,4773,EEID00045,No,100246,95473,,,,,,Marcus Webb,9547,9547,143,2,80000,90000,100000,110000,120000,95.5
EMP00046,Rowan,,Johnson,Rowan Johnson,Software Engineer,AI & Machine Learning,Engineering & Technology,EMP00011,2019-06-17,rowan.johnson@theguild.com,1999-03-26,Non-Binary,Active,Chicago,IL,60601,2026-01-01,116320,Salary,Exempt,Monthly,,P2,Annual Bonus,5816,EEID00046,No,122136,116320,,,,,,Marcus Webb,11632,11632,101,2,80000,90000,100000,110000,120000,116.3
EMP00047,Daniel,,Carter,Daniel Carter,Senior Ops Manager,Business Operations,Operations,EMP00014,2018-09-18,daniel.carter@theguild.com,1996-05-12,,Active,New York,NY,10001,2026-01-01,151034,Hourly,Exempt,Monthly,,M2,No Bonus,0,EEID00047,Yes,151034,151034,,,,,,Priya Patel,15103,15103,188,2,150000,165000,180000,195000,210000,83.9
EMP00048,Aria,,Hill,Aria Hill,Junior Software Engineer,IT,Engineering & Technology,EMP00008,2022-12-22,aria.hill@theguild.com,1978-04-19,Male,Active,Raleigh,NC,27601,2026-01-01,76080,Hourly,Non-Exempt,Monthly,,P1,Commission,22824,EEID00048,No,98904,76080,,,,,,Priya Patel,7608,7608,190,1,55000,62500,70000,77500,85000,108.7
EMP00049,Drew,,Martinez,Drew Martinez,Senior Software Engineer,Quality Assurance,Engineering & Technology,EMP00024,2020-07-24,drew.martinez@theguild.com,1993-07-24,Non-Binary,Active,Seattle,WA,98101,2026-01-01,134734,Salary,Exempt,Bi-Weekly,,P3,Commission,26946,EEID00049,No,161680,134734,,,,,,Jordan Kim,13473,13473,206,3,105000,116250,127500,138750,150000,105.7
EMP00050,Nora,,Clark,Nora Clark,Senior HR Business Partner,Legal,G&A,EMP00023,2019-06-17,nora.clark@theguild.com,1999-12-16,Male,Active,Austin,TX,73301,2026-01-01,115003,Salary,Exempt,Twice a Month,,P3,Annual Bonus,9200,EEID00050,No,124203,115003,,,,,,Priya Patel,11500,11500,168,3,105000,116250,127500,138750,150000,90.2
EMP00051,Ashley,,Clark,Ashley Clark,Sales Development Representative,Channel & Partnerships,Sales & Revenue,EMP00009,2024-03-28,ashley.clark@theguild.com,1991-06-28,Male,Active,Denver,CO,80201,2026-01-01,66522,Salary,Non-Exempt,Bi-Weekly,,P1,Annual Bonus,5321,EEID00051,No,71842,66522,,,,,,Priya Patel,6652,6652,142,1,55000,62500,70000,77500,85000,95.0
EMP00052,Bryn,,Anderson,Bryn Anderson,Operations Associate,FP&A,Operations,EMP00012,2024-05-08,bryn.anderson@theguild.com,1992-12-23,Male,Active,Salt Lake City,UT,84101,2026-01-01,60911,Salary,Non-Exempt,Monthly,,P1,Annual Bonus,3045,EEID00052,No,63956,60911,,,,,,Marcus Webb,6091,6091,124,1,55000,62500,70000,77500,85000,87.0
EMP00053,Taylor,,Garcia,Taylor Garcia,HRBP Lead,Talent Acquisition,G&A,EMP00012,2024-12-05,taylor.garcia@theguild.com,1977-03-26,Male,Active,Provo,UT,84601,2026-01-01,159251,Salary,Exempt,Monthly,,P4,Annual Bonus,7962,EEID00053,No,167213,159251,,,,,,Priya Patel,15925,15925,161,4,135000,147500,160000,172500,185000,99.5
EMP00054,Kai,,Carter,Kai Carter,Associate Director of Marketing,Corporate Communications,Marketing,EMP00024,2025-08-11,kai.carter@theguild.com,1996-10-29,Non-Binary,Active,Phoenix,AZ,85001,2026-01-01,184475,Salary,Exempt,Bi-Weekly,,P4,No Bonus,0,EEID00054,No,184475,184475,,,,,,Emily Stone,18447,18447,137,4,135000,147500,160000,172500,185000,115.3
EMP00055,Jason,,Sanchez,Jason Sanchez,Senior CS Manager,Customer Success Management,Customer Success,EMP00012,2022-10-30,jason.sanchez@theguild.com,1982-11-18,Female,Active,Seattle,WA,98101,2026-01-01,200080,Salary,Exempt,Twice a Month,,M2,No Bonus,0,EEID00055,Yes,200080,200080,,,,,,Jordan Kim,20008,20008,156,2,150000,165000,180000,195000,210000,111.2
EMP00056,Reid,,Turner,Reid Turner,Design Manager,UX Research,Product,EMP00009,2025-03-07,reid.turner@theguild.com,1993-09-26,Non-Binary,Active,Provo,UT,84601,2026-01-01,150130,Hourly,Exempt,Twice a Month,,M1,No Bonus,0,EEID00056,Yes,150130,150130,,,,,,Emily Stone,15013,15013,113,1,120000,132500,145000,157500,170000,103.5
EMP00057,Nora,,Johnson,Nora Johnson,Enterprise Account Executive,SMB Sales,Sales & Revenue,EMP00009,2021-10-22,nora.johnson@theguild.com,1984-12-09,Non-Binary,Active,Provo,UT,84601,2026-01-01,163620,Hourly,Exempt,Monthly,,P4,Commission,32724,EEID00057,No,196344,163620,,,,,,Marcus Webb,16362,16362,145,4,135000,147500,160000,172500,185000,102.3
EMP00058,Sarah,,Allen,Sarah Allen,HR Generalist,Legal,G&A,EMP00011,2018-11-05,sarah.allen@theguild.com,1982-12-12,,Active,Portland,OR,97201,2026-01-01,89679,Salary,Exempt,Bi-Weekly,,P2,No Bonus,0,EEID00058,No,89679,89679,,,,,,Jordan Kim,8967,8967,167,2,80000,90000,100000,110000,120000,89.7
EMP00059,Blake,,Parker,Blake Parker,Senior Customer Success Manager,Professional Services,Customer Success,EMP00009,2018-10-31,blake.parker@theguild.com,1988-12-03,,Active,Salt Lake City,UT,84101,2026-01-01,133820,Salary,Exempt,Monthly,,P3,Annual Bonus,20073,EEID00059,No,153893,133820,,,,,,Jordan Kim,13382,13382,152,3,105000,116250,127500,138750,150000,105.0
EMP00061,Aurora,,Miller,Aurora Miller,Operations Associate,Data Analytics & Insights,Operations,EMP00056,2022-08-02,aurora.miller@theguild.com,1990-03-06,Male,Active,Minneapolis,MN,55401,2026-01-01,63118,Salary,Non-Exempt,Bi-Weekly,,P1,Annual Bonus,6311,EEID00061,No,69429,63118,,,,,,Priya Patel,6311,6311,124,1,55000,62500,70000,77500,85000,90.2
EMP00062,James,,Perez,James Perez,Senior Software Engineer,Architecture,Engineering & Technology,EMP00047,2025-05-11,james.perez@theguild.com,1992-07-31,Female,Active,Los Angeles,CA,90001,2026-01-01,148028,Salary,Exempt,Bi-Weekly,,P3,Annual Bonus,11842,EEID00062,No,159870,148028,,,,,,Emily Stone,14802,14802,206,3,105000,116250,127500,138750,150000,116.1
EMP00063,Aria,,Scott,Aria Scott,Marketing Coordinator,Events & Community,Marketing,EMP00013,2019-09-27,aria.scott@theguild.com,1978-06-18,Non-Binary,Active,Denver,CO,80201,2026-01-01,55597,Salary,Non-Exempt,Bi-Weekly,,P1,Annual Bonus,2779,EEID00063,No,58376,55597,,,,,,Emily Stone,5559,5559,134,1,55000,62500,70000,77500,85000,79.4
EMP00064,Finn,,Evans,Finn Evans,Customer Success Associate,Renewals,Customer Success,EMP00014,2025-08-02,finn.evans@theguild.com,1985-08-27,,Active,Boston,MA,02101,2026-01-01,74570,Salary,Non-Exempt,Monthly,,P1,Commission,14914,EEID00064,No,89484,74570,,,,,,Priya Patel,7457,7457,150,1,55000,62500,70000,77500,85000,106.5
EMP00066,Jake,,Brown,Jake Brown,Finance Associate,Compliance,G&A,EMP00060,2021-12-02,jake.brown@theguild.com,1976-03-12,,Active,Minneapolis,MN,55401,2026-01-01,57748,Salary,Non-Exempt,Monthly,,P1,Annual Bonus,5774,EEID00066,No,63522,57748,,,,,,Emily Stone,5774,5774,166,1,55000,62500,70000,77500,85000,82.5
EMP00068,Skyler,,Smith,Skyler Smith,Software Engineer,Software Engineering,Engineering & Technology,EMP00011,2023-08-10,skyler.smith@theguild.com,1999-01-17,Male,Active,San Jose,CA,95101,2026-01-01,98881,Salary,Non-Exempt,Twice a Month,,P2,Annual Bonus,2966,EEID00068,No,101847,98881,,,,,,Marcus Webb,9888,9888,101,2,80000,90000,100000,110000,120000,98.9
EMP00070,James,,Thompson,James Thompson,Senior Product Manager,Product Management,Product,EMP00024,2020-01-17,james.thompson@theguild.com,1981-01-18,Male,Active,Boston,MA,02101,2026-01-01,128088,Hourly,Exempt,Twice a Month,,P3,No Bonus,0,EEID00070,No,128088,128088,,,,,,Jordan Kim,12808,12808,118,3,105000,116250,127500,138750,150000,100.5
EMP00072,Luke,,Moore,Luke Moore,Staff Software Engineer,AI & Machine Learning,Engineering & Technology,EMP00010,2018-11-20,luke.moore@theguild.com,1994-04-26,Female,Active,Raleigh,NC,27601,2026-01-01,157219,Salary,Exempt,Bi-Weekly,,P4,Annual Bonus,15721,EEID00072,No,172940,157219,,,,,,Priya Patel,15721,15721,193,4,135000,147500,160000,172500,185000,98.3
EMP00073,Ella,,Miller,Ella Miller,Senior Software Engineer,AI & Machine Learning,Engineering & Technology,EMP00010,2021-12-15,ella.miller@theguild.com,1994-07-06,Non-Binary,Active,Atlanta,GA,30301,2026-01-01,132925,Hourly,Exempt,Monthly,,P3,No Bonus,0,EEID00073,No,132925,132925,,,,,,Emily Stone,13292,13292,206,3,105000,116250,127500,138750,150000,104.3
EMP00074,Sarah,,Carter,Sarah Carter,Financial Analyst,Payroll,G&A,EMP00055,2022-02-09,sarah.carter@theguild.com,1991-03-31,,Active,San Jose,CA,95101,2026-01-01,119817,Salary,Exempt,Bi-Weekly,,P2,No Bonus,0,EEID00074,No,119817,119817,,,,,,Emily Stone,11981,11981,159,2,80000,90000,100000,110000,120000,119.8
EMP00075,Drew,,Martinez,Drew Martinez,Senior HR Business Partner,Compliance,G&A,EMP00010,2018-04-17,drew.martinez@theguild.com,1983-05-07,,Active,Dallas,TX,75201,2026-01-01,142612,Salary,Exempt,Bi-Weekly,,P3,Annual Bonus,4278,EEID00075,No,146890,142612,,,,,,Jordan Kim,14261,14261,160,3,105000,116250,127500,138750,150000,111.9
EMP00076,Sage,,Davis,Sage Davis,Account Executive,Sales Operations,Sales & Revenue,EMP00009,2025-06-28,sage.davis@theguild.com,1990-08-02,Male,Active,Austin,TX,73301,2026-01-01,93118,Hourly,Exempt,Twice a Month,,P2,Annual Bonus,7449,EEID00076,No,100567,93118,,,,,,Priya Patel,9311,9311,143,2,80000,90000,100000,110000,120000,93.1
EMP00077,Will,,Nguyen,Will Nguyen,Product Manager,Product Design,Product,EMP00011,2024-11-11,will.nguyen@theguild.com,1978-11-13,Male,Active,San Francisco,CA,94101,2026-01-01,89101,Salary,Non-Exempt,Twice a Month,,P2,Commission,8910,EEID00077,No,98011,89101,,,,,,Priya Patel,8910,8910,109,2,80000,90000,100000,110000,120000,89.1
EMP00078,Liam,,Turner,Liam Turner,Finance Manager,Compliance,G&A,EMP00055,2024-08-04,liam.turner@theguild.com,1983-03-01,Female,Active,Minneapolis,MN,55401,2026-01-01,155776,Salary,Exempt,Bi-Weekly,,P4,Commission,46732,EEID00078,No,202508,155776,,,,,,Jordan Kim,15577,15577,161,4,135000,147500,160000,172500,185000,97.4
EMP00081,Will,,Walker,Will Walker,Associate Product Manager,Product Operations,Product,EMP00014,2021-07-31,will.walker@theguild.com,1990-06-29,,Active,Denver,CO,80201,2026-01-01,69404,Salary,Exempt,Bi-Weekly,,P1,No Bonus,0,EEID00081,No,69404,69404,,,,,,Marcus Webb,6940,6940,108,1,55000,62500,70000,77500,85000,99.1
EMP00082,Chloe,,Allen,Chloe Allen,CS Team Lead,Customer Success Management,Customer Success,EMP00011,2020-10-13,chloe.allen@theguild.com,1982-03-01,Non-Binary,Active,San Jose,CA,95101,2026-01-01,164464,Salary,Exempt,Twice a Month,,P4,Commission,32892,EEID00082,No,197356,164464,,,,,,Priya Patel,16446,16446,153,4,135000,147500,160000,172500,185000,102.8
EMP00083,Kevin,,Parker,Kevin Parker,Staff Product Manager,Product Operations,Product,EMP00008,2021-12-16,kevin.parker@theguild.com,1977-03-08,Male,Active,Dallas,TX,75201,2026-01-01,167595,Hourly,Exempt,Bi-Weekly,,P4,Annual Bonus,25139,EEID00083,No,192734,167595,,,,,,Priya Patel,16759,16759,119,4,135000,147500,160000,172500,185000,104.7
EMP00084,Violet,,Green,Violet Green,Operations Associate,FP&A,Operations,EMP00012,2024-04-20,violet.green@theguild.com,1983-09-25,Non-Binary,Active,Dallas,TX,75201,2026-01-01,59388,Salary,Exempt,Twice a Month,,P1,Annual Bonus,8908,EEID00084,No,68296,59388,,,,,,Priya Patel,5938,5938,182,1,55000,62500,70000,77500,85000,84.8
EMP00085,Sarah,,Harris,Sarah Harris,Senior Customer Success Manager,Professional Services,Customer Success,EMP00014,2023-09-17,sarah.harris@theguild.com,1993-01-02,Male,Active,Los Angeles,CA,90001,2026-01-01,111336,Salary,Exempt,Bi-Weekly,,P3,Annual Bonus,16700,EEID00085,No,128036,111336,,,,,,Emily Stone,11133,11133,152,3,105000,116250,127500,138750,150000,87.3
EMP00086,Casey,,Rodriguez,Casey Rodriguez,Finance Manager,Procurement,G&A,EMP00010,2021-05-10,casey.rodriguez@theguild.com,1990-02-02,,Active,Boise,ID,83701,2026-01-01,168784,Salary,Exempt,Bi-Weekly,,P4,Commission,50635,EEID00086,No,219419,168784,,,,,,Priya Patel,16878,16878,177,4,135000,147500,160000,172500,185000,105.5
EMP00088,Matt,,Stewart,Matt Stewart,Finance Manager,Talent Acquisition,G&A,EMP00013,2023-04-16,matt.stewart@theguild.com,1977-10-17,Female,Active,Phoenix,AZ,85001,2026-01-01,148903,Salary,Exempt,Twice a Month,,M1,Commission,44670,EEID00088,Yes,193573,148903,,,,,,Marcus Webb,14890,14890,163,1,120000,132500,145000,157500,170000,102.7
EMP00089,Sage,,Lee,Sage Lee,Senior Financial Analyst,Compliance,G&A,EMP00013,2024-04-04,sage.lee@theguild.com,1988-05-22,Female,Active,Portland,OR,97201,2026-01-01,139939,Hourly,Exempt,Bi-Weekly,,P3,Annual Bonus,11195,EEID00089,No,151134,139939,,,,,,Priya Patel,13993,13993,168,3,105000,116250,127500,138750,150000,109.8
EMP00090,Ben,,Turner,Ben Turner,Senior Product Manager,Product Operations,Product,EMP00047,2018-06-22,ben.turner@theguild.com,1987-11-26,Male,Active,Dallas,TX,75201,2026-01-01,112987,Hourly,Exempt,Bi-Weekly,,P3,Annual Bonus,9038,EEID00090,No,122025,112987,,,,,,Priya Patel,11298,11298,118,3,105000,116250,127500,138750,150000,88.6
EMP00091,Kai,,Nelson,Kai Nelson,Senior Account Executive,Account Management,Sales & Revenue,EMP00047,2023-12-16,kai.nelson@theguild.com,1985-02-14,Female,Active,Chicago,IL,60601,2026-01-01,112158,Salary,Exempt,Monthly,,P3,No Bonus,0,EEID00091,No,112158,112158,,,,,,Emily Stone,11215,11215,144,3,105000,116250,127500,138750,150000,88.0
EMP00093,Reid,,Campbell,Reid Campbell,HR Generalist,Finance,G&A,EMP00088,2024-05-15,reid.campbell@theguild.com,1979-10-25,Non-Binary,Active,Raleigh,NC,27601,2026-01-01,82381,Salary,Non-Exempt,Monthly,,P2,Annual Bonus,6590,EEID00093,No,88971,82381,,,,,,Priya Patel,8238,8238,175,2,80000,90000,100000,110000,120000,82.4
EMP00094,Ezra,,Nelson,Ezra Nelson,Customer Success Manager,Solutions Engineering,Customer Success,EMP00060,2021-04-23,ezra.nelson@theguild.com,2000-06-20,Female,Active,Boston,MA,02101,2026-01-01,92636,Hourly,Non-Exempt,Bi-Weekly,,P2,Annual Bonus,7410,EEID00094,No,100046,92636,,,,,,Marcus Webb,9263,9263,151,2,80000,90000,100000,110000,120000,92.6
EMP00095,Skyler,,Nguyen,Skyler Nguyen,Senior Financial Analyst,Payroll,G&A,EMP00009,2020-12-04,skyler.nguyen@theguild.com,1992-03-16,Female,Active,New York,NY,10001,2026-01-01,148860,Hourly,Exempt,Bi-Weekly,,P3,Annual Bonus,4465,EEID00095,No,153325,148860,,,,,,Jordan Kim,14886,14886,168,3,105000,116250,127500,138750,150000,116.8
EMP00096,Sam,,Perez,Sam Perez,Senior Account Executive,Enterprise Sales,Sales & Revenue,EMP00009,2019-04-26,sam.perez@theguild.com,1988-03-26,Non-Binary,Active,Boston,MA,02101,2026-01-01,148764,Hourly,Exempt,Bi-Weekly,,P3,No Bonus,0,EEID00096,No,148764,148764,,,,,,Marcus Webb,14876,14876,144,3,105000,116250,127500,138750,150000,116.7
EMP00097,Jason,,Rodriguez,Jason Rodriguez,Senior Marketing Manager,Content Marketing,Marketing,EMP00060,2023-12-04,jason.rodriguez@theguild.com,1991-03-25,Male,Active,Denver,CO,80201,2026-01-01,140226,Salary,Exempt,Monthly,,P3,Commission,28045,EEID00097,No,168271,140226,,,,,,Emily Stone,14022,14022,136,3,105000,116250,127500,138750,150000,110.0
EMP00098,Quinn,,Morris,Quinn Morris,Customer Success Manager,Solutions Engineering,Customer Success,EMP00023,2019-06-25,quinn.morris@theguild.com,1998-01-09,,Active,Denver,CO,80201,2026-01-01,114101,Hourly,Exempt,Twice a Month,,P2,Annual Bonus,11410,EEID00098,No,125511,114101,,,,,,Jordan Kim,11410,11410,151,2,80000,90000,100000,110000,120000,114.1
EMP00099,Blake,,Brown,Blake Brown,Senior Customer Success Manager,Professional Services,Customer Success,EMP00088,2025-11-08,blake.brown@theguild.com,1977-11-10,Male,Active,Denver,CO,80201,2026-01-01,121676,Salary,Exempt,Monthly,,P3,Commission,24335,EEID00099,No,146011,121676,,,,,,Emily Stone,12167,12167,152,3,105000,116250,127500,138750,150000,95.4
EMP00100,Leo,,Williams,Leo Williams,Account Executive,Channel & Partnerships,Sales & Revenue,EMP00023,2021-11-25,leo.williams@theguild.com,1980-04-27,Female,Active,Dallas,TX,75201,2026-01-01,105066,Hourly,Exempt,Bi-Weekly,,P2,No Bonus,0,EEID00100,No,105066,105066,,,,,,Jordan Kim,10506,10506,143,2,80000,90000,100000,110000,120000,105.1
EMP00101,Isla,,Rodriguez,Isla Rodriguez,HR Coordinator,Talent Acquisition,G&A,EMP00056,2019-09-28,isla.rodriguez@theguild.com,1987-05-14,Female,Active,Lehi,UT,84043,2026-01-01,77069,Hourly,Exempt,Bi-Weekly,,P1,Commission,15413,EEID00101,No,92482,77069,,,,,,Emily Stone,7706,7706,166,1,55000,62500,70000,77500,85000,110.1
EMP00102,Casey,,Collins,Casey Collins,Finance Associate,Payroll,G&A,EMP00009,2020-08-17,casey.collins@theguild.com,1999-03-19,Female,Active,Minneapolis,MN,55401,2026-01-01,57204,Salary,Exempt,Monthly,,P1,Commission,11440,EEID00102,No,68644,57204,,,,,,Emily Stone,5720,5720,158,1,55000,62500,70000,77500,85000,81.7
EMP00103,Amanda,,Allen,Amanda Allen,Senior Account Executive,Sales Development,Sales & Revenue,EMP00092,2018-09-07,amanda.allen@theguild.com,1999-12-22,Female,Active,Boulder,CO,80301,2026-01-01,124776,Salary,Exempt,Twice a Month,,P3,Annual Bonus,9982,EEID00103,No,134758,124776,,,,,,Jordan Kim,12477,12477,144,3,105000,116250,127500,138750,150000,97.9
EMP00104,Sage,,Young,Sage Young,Staff Software Engineer,AI & Machine Learning,Engineering & Technology,EMP00010,2025-12-08,sage.young@theguild.com,1981-06-23,,Active,Boston,MA,02101,2026-01-01,161755,Hourly,Exempt,Bi-Weekly,,P4,Annual Bonus,12940,EEID00104,No,174695,161755,,,,,,Emily Stone,16175,16175,193,4,135000,147500,160000,172500,185000,101.1
EMP00106,Peyton,,Phillips,Peyton Phillips,Senior HR Business Partner,Talent Acquisition,G&A,EMP00092,2024-10-11,peyton.phillips@theguild.com,1984-03-04,,Active,Seattle,WA,98101,2026-01-01,118881,Hourly,Exempt,Bi-Weekly,,P3,No Bonus,0,EEID00106,No,118881,118881,,,,,,Marcus Webb,11888,11888,160,3,105000,116250,127500,138750,150000,93.2
EMP00108,Matt,,Johnson,Matt Johnson,Account Executive,Channel & Partnerships,Sales & Revenue,EMP00047,2025-03-13,matt.johnson@theguild.com,1997-01-02,,Active,Raleigh,NC,27601,2026-01-01,104893,Salary,Non-Exempt,Twice a Month,,P2,No Bonus,0,EEID00108,No,104893,104893,,,,,,Marcus Webb,10489,10489,143,2,80000,90000,100000,110000,120000,104.9
EMP00109,Lily,,Hernandez,Lily Hernandez,Associate Product Manager,Product Operations,Product,EMP00055,2018-02-07,lily.hernandez@theguild.com,1984-10-23,,Active,San Francisco,CA,94101,2026-01-01,81804,Hourly,Exempt,Bi-Weekly,,P1,Annual Bonus,4090,EEID00109,No,85894,81804,,,,,,Priya Patel,8180,8180,108,1,55000,62500,70000,77500,85000,116.9
EMP00110,Quinn,,Adams,Quinn Adams,Finance Associate,Compliance,G&A,EMP00008,2019-01-30,quinn.adams@theguild.com,1998-07-10,Female,Active,Portland,OR,97201,2026-01-01,55388,Salary,Exempt,Twice a Month,,P1,Annual Bonus,1661,EEID00110,No,57049,55388,,,,,,Marcus Webb,5538,5538,166,1,55000,62500,70000,77500,85000,79.1
EMP00111,Kevin,,Adams,Kevin Adams,Senior Customer Success Manager,Implementation & Onboarding,Customer Success,EMP00014,2018-11-27,kevin.adams@theguild.com,1976-06-03,Male,Active,Chicago,IL,60601,2026-01-01,129448,Salary,Exempt,Bi-Weekly,,P3,No Bonus,0,EEID00111,No,129448,129448,,,,,,Jordan Kim,12944,12944,152,3,105000,116250,127500,138750,150000,101.5
EMP00112,Noah,,Harris,Noah Harris,CS Manager,Professional Services,Customer Success,EMP00012,2025-10-06,noah.harris@theguild.com,2000-06-04,,Active,Los Angeles,CA,90001,2026-01-01,152758,Salary,Exempt,Monthly,,M1,Annual Bonus,7637,EEID00112,Yes,160395,152758,,,,,,Priya Patel,15275,15275,155,1,120000,132500,145000,157500,170000,105.4
EMP00113,Riley,,Morgan,Riley Morgan,Junior Software Engineer,Data Engineering,Engineering & Technology,EMP00014,2024-05-10,riley.morgan@theguild.com,1992-06-15,Non-Binary,Active,Dallas,TX,75201,2026-01-01,55513,Salary,Non-Exempt,Bi-Weekly,,P1,Commission,5551,EEID00113,No,61064,55513,,,,,,Jordan Kim,5551,5551,190,1,55000,62500,70000,77500,85000,79.3
EMP00114,Amanda,,Edwards,Amanda Edwards,Senior Financial Analyst,Legal,G&A,EMP00023,2023-01-20,amanda.edwards@theguild.com,1997-01-03,Female,Active,Los Angeles,CA,90001,2026-01-01,133645,Hourly,Exempt,Bi-Weekly,,P3,Annual Bonus,10691,EEID00114,No,144336,133645,,,,,,Priya Patel,13364,13364,160,3,105000,116250,127500,138750,150000,104.8
EMP00115,Jade,,Harris,Jade Harris,Associate Director of Marketing,Content Marketing,Marketing,EMP00010,2022-05-15,jade.harris@theguild.com,1989-03-16,Non-Binary,Active,New York,NY,10001,2026-01-01,151151,Hourly,Exempt,Bi-Weekly,,P4,No Bonus,0,EEID00115,No,151151,151151,,,,,,Emily Stone,15115,15115,137,4,135000,147500,160000,172500,185000,94.5
EMP00116,Emily,,Smith,Emily Smith,Senior Account Executive,Account Management,Sales & Revenue,EMP00013,2021-12-20,emily.smith@theguild.com,1999-11-11,Male,Active,Lehi,UT,84043,2026-01-01,110721,Hourly,Exempt,Monthly,,P3,Annual Bonus,3321,EEID00116,No,114041,110721,,,,,,Priya Patel,11072,11072,144,3,105000,116250,127500,138750,150000,86.8
EMP00117,Zoe,,Smith,Zoe Smith,Sales Development Representative,Channel & Partnerships,Sales & Revenue,EMP00060,2019-11-16,zoe.smith@theguild.com,1994-07-01,Non-Binary,Active,Portland,OR,97201,2026-01-01,77456,Salary,Non-Exempt,Twice a Month,,P1,Annual Bonus,2323,EEID00117,No,79779,77456,,,,,,Jordan Kim,7745,7745,142,1,55000,62500,70000,77500,85000,110.7
EMP00118,Will,,Walker,Will Walker,Operations Analyst,Business Operations,Operations,EMP00011,2021-10-03,will.walker@theguild.com,1994-04-26,Female,Active,San Francisco,CA,94101,2026-01-01,110006,Hourly,Non-Exempt,Twice a Month,,P2,Annual Bonus,11000,EEID00118,No,121006,110006,,,,,,Priya Patel,11000,11000,125,2,80000,90000,100000,110000,120000,110.0
EMP00120,Jade,,Johnson,Jade Johnson,HR Generalist,Compliance,G&A,EMP00088,2019-09-24,jade.johnson@theguild.com,1993-12-24,,Active,New York,NY,10001,2026-01-01,84532,Salary,Exempt,Bi-Weekly,,P2,No Bonus,0,EEID00120,No,84532,84532,,,,,,Emily Stone,8453,8453,167,2,80000,90000,100000,110000,120000,84.5
EMP00121,Aurora,,Green,Aurora Green,Associate Director of Marketing,Sales Enablement,Marketing,EMP00010,2024-11-14,aurora.green@theguild.com,1976-12-26,,Active,Chicago,IL,60601,2026-01-01,180982,Salary,Exempt,Bi-Weekly,,P4,No Bonus,0,EEID00121,No,180982,180982,,,,,,Priya Patel,18098,18098,137,4,135000,147500,160000,172500,185000,113.1
EMP00122,Stella,,Miller,Stella Miller,Software Engineer,DevOps & Infrastructure,Engineering & Technology,EMP00092,2021-04-25,stella.miller@theguild.com,1993-08-29,Male,Active,Provo,UT,84601,2026-01-01,105633,Salary,Non-Exempt,Monthly,,P2,Commission,10563,EEID00122,No,116195,105633,,,,,,Emily Stone,10563,10563,101,2,80000,90000,100000,110000,120000,105.6
EMP00123,Matt,,Thompson,Matt Thompson,Account Executive,Revenue Operations,Sales & Revenue,EMP00011,2018-04-03,matt.thompson@theguild.com,1990-05-22,Male,Active,Minneapolis,MN,55401,2026-01-01,111205,Salary,Exempt,Bi-Weekly,,P2,Annual Bonus,3336,EEID00123,No,114541,111205,,,,,,Marcus Webb,11120,11120,143,2,80000,90000,100000,110000,120000,111.2
EMP00124,Kayla,,King,Kayla King,Staff Product Manager,Product Design,Product,EMP00013,2024-11-20,kayla.king@theguild.com,1983-11-07,,Active,Phoenix,AZ,85001,2026-01-01,161545,Hourly,Exempt,Monthly,,P4,No Bonus,0,EEID00124,No,161545,161545,,,,,,Jordan Kim,16154,16154,111,4,135000,147500,160000,172500,185000,101.0
EMP00125,Zoe,,Smith,Zoe Smith,Finance Associate,Talent Acquisition,G&A,EMP00056,2021-07-07,zoe.smith@theguild.com,1992-06-07,,Active,Minneapolis,MN,55401,2026-01-01,61126,Salary,Non-Exempt,Twice a Month,,P1,Commission,18337,EEID00125,No,79463,61126,,,,,,Emily Stone,6112,6112,174,1,55000,62500,70000,77500,85000,87.3
EMP00126,Dylan,,Thompson,Dylan Thompson,Senior Operations Analyst,FP&A,Operations,EMP00011,2019-08-03,dylan.thompson@theguild.com,1997-11-30,,Active,Seattle,WA,98101,2026-01-01,125524,Salary,Exempt,Bi-Weekly,,P3,No Bonus,0,EEID00126,No,125524,125524,,,,,,Jordan Kim,12552,12552,126,3,105000,116250,127500,138750,150000,98.5
EMP00127,Rowan,,Rodriguez,Rowan Rodriguez,CS Team Lead,Professional Services,Customer Success,EMP00047,2023-06-08,rowan.rodriguez@theguild.com,1981-02-14,Female,Active,Los Angeles,CA,90001,2026-01-01,167089,Hourly,Exempt,Monthly,,P4,Annual Bonus,5012,EEID00127,No,172101,167089,,,,,,Jordan Kim,16708,16708,153,4,135000,147500,160000,172500,185000,104.4
EMP00128,Sage,,Allen,Sage Allen,HRBP Lead,Compliance,G&A,EMP00013,2020-07-09,sage.allen@theguild.com,1999-02-12,Non-Binary,Active,San Francisco,CA,94101,2026-01-01,167027,Salary,Exempt,Bi-Weekly,,P4,Annual Bonus,13362,EEID00128,No,180389,167027,,,,,,Marcus Webb,16702,16702,169,4,135000,147500,160000,172500,185000,104.4
EMP00129,Ezra,,Torres,Ezra Torres,Finance Associate,Compliance,G&A,EMP00056,2021-05-04,ezra.torres@theguild.com,1976-06-12,,Active,San Jose,CA,95101,2026-01-01,80398,Hourly,Exempt,Twice a Month,,P1,Annual Bonus,4019,EEID00129,No,84417,80398,,,,,,Priya Patel,8039,8039,166,1,55000,62500,70000,77500,85000,114.9
EMP00130,Dylan,,Murphy,Dylan Murphy,Operations Associate,Business Operations,Operations,EMP00056,2018-09-01,dylan.murphy@theguild.com,2000-07-28,Non-Binary,Active,Boise,ID,83701,2026-01-01,81565,Hourly,Exempt,Bi-Weekly,,P1,Annual Bonus,4078,EEID00130,No,85643,81565,,,,,,Priya Patel,8156,8156,124,1,55000,62500,70000,77500,85000,116.5
EMP00131,Rowan,,Wright,Rowan Wright,Senior Product Manager,UX Research,Product,EMP00011,2019-06-04,rowan.wright@theguild.com,1980-12-14,Female,Active,Phoenix,AZ,85001,2026-01-01,138712,Salary,Exempt,Bi-Weekly,,P3,No Bonus,0,EEID00131,No,138712,138712,,,,,,Marcus Webb,13871,13871,118,3,105000,116250,127500,138750,150000,108.8
EMP00132,Ella,,Morris,Ella Morris,Senior Product Manager,Product Operations,Product,EMP00010,2022-02-20,ella.morris@theguild.com,1995-05-25,,Active,Austin,TX,73301,2026-01-01,134621,Hourly,Exempt,Bi-Weekly,,P3,No Bonus,0,EEID00132,No,134621,134621,,,,,,Priya Patel,13462,13462,118,3,105000,116250,127500,138750,150000,105.6
EMP00133,Ash,,Smith,Ash Smith,Operations Manager,Business Operations,Operations,EMP00060,2021-03-07,ash.smith@theguild.com,1990-02-24,Female,Active,Phoenix,AZ,85001,2026-01-01,170024,Salary,Exempt,Twice a Month,,P4,Annual Bonus,13601,EEID00133,No,183625,170024,,,,,,Jordan Kim,17002,17002,127,4,135000,147500,160000,172500,185000,106.3
EMP00134,Mia,,Cook,Mia Cook,Senior Finance Manager,Finance,G&A,EMP00013,2019-06-25,mia.cook@theguild.com,1988-07-16,Female,Active,San Francisco,CA,94101,2026-01-01,206207,Hourly,Exempt,Bi-Weekly,,M2,No Bonus,0,EEID00134,Yes,206207,206207,,,,,,Priya Patel,20620,20620,180,2,150000,165000,180000,195000,210000,114.6
EMP00135,Emily,,Nelson,Emily Nelson,Sales Manager,Sales Operations,Sales & Revenue,EMP00010,2019-01-25,emily.nelson@theguild.com,1975-01-18,Female,Active,Chicago,IL,60601,2026-01-01,160999,Hourly,Exempt,Monthly,,M1,No Bonus,0,EEID00135,Yes,160999,160999,,,,,,Jordan Kim,16099,16099,147,1,120000,132500,145000,157500,170000,111.0
EMP00136,Sarah,,Rodriguez,Sarah Rodriguez,CS Team Lead,Customer Support,Customer Success,EMP00055,2022-04-19,sarah.rodriguez@theguild.com,1979-01-03,Male,Active,Phoenix,AZ,85001,2026-01-01,180586,Salary,Exempt,Twice a Month,,P4,Annual Bonus,9029,EEID00136,No,189615,180586,,,,,,Emily Stone,18058,18058,153,4,135000,147500,160000,172500,185000,112.9
EMP00137,Nate,,White,Nate White,Account Executive,SMB Sales,Sales & Revenue,EMP00008,2019-09-13,nate.white@theguild.com,1993-06-20,,Active,Boston,MA,02101,2026-01-01,114767,Hourly,Non-Exempt,Bi-Weekly,,P2,No Bonus,0,EEID00137,No,114767,114767,,,,,,Marcus Webb,11476,11476,143,2,80000,90000,100000,110000,120000,114.8
EMP00138,Emily,,Cook,Emily Cook,Staff Software Engineer,Quality Assurance,Engineering & Technology,EMP00012,2018-04-20,emily.cook@theguild.com,1988-07-13,Female,Active,Austin,TX,73301,2026-01-01,155611,Salary,Exempt,Bi-Weekly,,P4,No Bonus,0,EEID00138,No,155611,155611,,,,,,Marcus Webb,15561,15561,193,4,135000,147500,160000,172500,185000,97.3
EMP00139,Liam,,Jackson,Liam Jackson,HR Generalist,Finance,G&A,EMP00023,2022-05-04,liam.jackson@theguild.com,2000-06-30,,Active,Boise,ID,83701,2026-01-01,87388,Salary,Exempt,Bi-Weekly,,P2,Annual Bonus,4369,EEID00139,No,91757,87388,,,,,,Priya Patel,8738,8738,175,2,80000,90000,100000,110000,120000,87.4
EMP00140,June,,Mitchell,June Mitchell,Associate Product Manager,Product Operations,Product,EMP00024,2022-07-06,june.mitchell@theguild.com,1978-09-12,Female,Active,San Jose,CA,95101,2026-01-01,55451,Hourly,Non-Exempt,Twice a Month,,P1,Commission,16635,EEID00140,No,72086,55451,,,,,,Priya Patel,5545,5545,108,1,55000,62500,70000,77500,85000,79.2
EMP00141,Michael,,Martin,Michael Martin,Software Engineer,Architecture,Engineering & Technology,EMP00010,2019-04-21,michael.martin@theguild.com,1995-05-04,Male,Active,Phoenix,AZ,85001,2026-01-01,118432,Salary,Exempt,Bi-Weekly,,P2,Annual Bonus,11843,EEID00141,No,130275,118432,,,,,,Priya Patel,11843,11843,191,2,80000,90000,100000,110000,120000,118.4
EMP00142,Andrew,,Davis,Andrew Davis,Software Engineer,Quality Assurance,Engineering & Technology,EMP00134,2021-01-05,andrew.davis@theguild.com,1980-04-18,Male,Active,Portland,OR,97201,2026-01-01,114275,Salary,Non-Exempt,Bi-Weekly,,P2,No Bonus,0,EEID00142,No,114275,114275,,,,,,Priya Patel,11427,11427,205,2,80000,90000,100000,110000,120000,114.3
EMP00143,Miles,,Moore,Miles Moore,Customer Success Associate,Customer Success Management,Customer Success,EMP00056,2024-06-08,miles.moore@theguild.com,1980-03-04,Female,Active,Provo,UT,84601,2026-01-01,71737,Salary,Non-Exempt,Bi-Weekly,,P1,Annual Bonus,2152,EEID00143,No,73889,71737,,,,,,Emily Stone,7173,7173,150,1,55000,62500,70000,77500,85000,102.5
EMP00147,Luke,,Smith,Luke Smith,Senior Operations Analyst,FP&A,Operations,EMP00023,2020-08-06,luke.smith@theguild.com,1998-04-25,,Active,San Jose,CA,95101,2026-01-01,139721,Salary,Exempt,Bi-Weekly,,P3,Annual Bonus,4191,EEID00147,No,143912,139721,,,,,,Priya Patel,13972,13972,126,3,105000,116250,127500,138750,150000,109.6
EMP00148,Ezra,,Campbell,Ezra Campbell,Staff Software Engineer,DevOps & Infrastructure,Engineering & Technology,EMP00012,2021-08-29,ezra.campbell@theguild.com,1989-04-08,,Active,Portland,OR,97201,2026-01-01,163507,Salary,Exempt,Twice a Month,,P4,No Bonus,0,EEID00148,No,163507,163507,,,,,,Priya Patel,16350,16350,103,4,135000,147500,160000,172500,185000,102.2
EMP00149,Samantha,,Jones,Samantha Jones,Associate Product Manager,Product Design,Product,EMP00092,2023-03-13,samantha.jones@theguild.com,1986-11-20,Male,Active,Phoenix,AZ,85001,2026-01-01,60386,Salary,Non-Exempt,Bi-Weekly,,P1,Commission,12077,EEID00149,No,72463,60386,,,,,,Emily Stone,6038,6038,108,1,55000,62500,70000,77500,85000,86.3
EMP00150,Ryan,,Collins,Ryan Collins,Finance Associate,Facilities & Admin,G&A,EMP00010,2018-05-08,ryan.collins@theguild.com,1993-02-20,,Active,Atlanta,GA,30301,2026-01-01,59860,Hourly,Exempt,Bi-Weekly,,P1,Annual Bonus,2993,EEID00150,No,62853,59860,,,,,,Marcus Webb,5986,5986,166,1,55000,62500,70000,77500,85000,85.5
EMP00151,David,,Robinson,David Robinson,Engineering Manager,Quality Assurance,Engineering & Technology,EMP00008,2020-03-20,david.robinson@theguild.com,1994-11-22,Female,Active,Austin,TX,73301,2026-01-01,132984,Salary,Exempt,Monthly,,M1,Annual Bonus,3989,EEID00151,Yes,136973,132984,,,,,,Emily Stone,13298,13298,207,1,120000,132500,145000,157500,170000,91.7
EMP00152,Luke,,Davis,Luke Davis,Senior Engineering Manager,IT,Engineering & Technology,EMP00008,2021-02-20,luke.davis@theguild.com,1995-01-03,Female,Active,Boston,MA,02101,2026-01-01,151932,Salary,Exempt,Bi-Weekly,,M2,Annual Bonus,12154,EEID00152,Yes,164086,151932,,,,,,Emily Stone,15193,15193,196,2,150000,165000,180000,195000,210000,84.4
EMP00153,Skyler,,Adams,Skyler Adams,CS Team Lead,Customer Support,Customer Success,EMP00010,2023-11-24,skyler.adams@theguild.com,1986-03-06,Male,Active,New York,NY,10001,2026-01-01,138996,Hourly,Exempt,Bi-Weekly,,P4,No Bonus,0,EEID00153,No,138996,138996,,,,,,Jordan Kim,13899,13899,153,4,135000,147500,160000,172500,185000,86.9
EMP00154,Lily,,Walker,Lily Walker,Senior Customer Success Manager,Professional Services,Customer Success,EMP00008,2023-12-09,lily.walker@theguild.com,1991-01-13,Female,Active,Chicago,IL,60601,2026-01-01,116784,Salary,Exempt,Bi-Weekly,,P3,Annual Bonus,11678,EEID00154,No,128462,116784,,,,,,Marcus Webb,11678,11678,152,3,105000,116250,127500,138750,150000,91.6
EMP00155,David,,Thomas,David Thomas,Finance Associate,Talent Acquisition,G&A,EMP00060,2025-10-28,david.thomas@theguild.com,1991-02-04,Male,Active,Boston,MA,02101,2026-01-01,82738,Salary,Exempt,Bi-Weekly,,P1,No Bonus,0,EEID00155,No,82738,82738,,,,,,Priya Patel,8273,8273,174,1,55000,62500,70000,77500,85000,118.2
EMP00156,Blake,,Torres,Blake Torres,Staff Product Manager,Product Design,Product,EMP00009,2018-01-03,blake.torres@theguild.com,1989-11-18,Female,Active,Chicago,IL,60601,2026-01-01,167141,Salary,Exempt,Monthly,,P4,Commission,33428,EEID00156,No,200569,167141,,,,,,Marcus Webb,16714,16714,111,4,135000,147500,160000,172500,185000,104.5
EMP00158,Cole,,Nelson,Cole Nelson,Senior Account Executive,SMB Sales,Sales & Revenue,EMP00047,2018-01-08,cole.nelson@theguild.com,2000-09-11,,Active,Salt Lake City,UT,84101,2026-01-01,129797,Salary,Exempt,Bi-Weekly,,P3,No Bonus,0,EEID00158,No,129797,129797,,,,,,Emily Stone,12979,12979,144,3,105000,116250,127500,138750,150000,101.8
EMP00159,Rachel,,Green,Rachel Green,Sales Development Representative,Sales Development,Sales & Revenue,EMP00010,2020-12-22,rachel.green@theguild.com,1984-05-28,Female,Active,Los Angeles,CA,90001,2026-01-01,65851,Salary,Exempt,Bi-Weekly,,P1,Commission,6585,EEID00159,No,72436,65851,,,,,,Emily Stone,6585,6585,142,1,55000,62500,70000,77500,85000,94.1
EMP00161,Aurora,,Jones,Aurora Jones,Senior Operations Analyst,Business Operations,Operations,EMP00055,2021-10-16,aurora.jones@theguild.com,1996-08-27,Male,Active,Dallas,TX,75201,2026-01-01,109862,Salary,Exempt,Monthly,,P3,Commission,10986,EEID00161,No,120848,109862,,,,,,Jordan Kim,10986,10986,126,3,105000,116250,127500,138750,150000,86.2
EMP00162,Lauren,,Green,Lauren Green,Senior Marketing Manager,Content Marketing,Marketing,EMP00011,2019-01-28,lauren.green@theguild.com,1977-03-24,,Active,Lehi,UT,84043,2026-01-01,176822,Salary,Exempt,Bi-Weekly,,M2,Annual Bonus,8841,EEID00162,Yes,185663,176822,,,,,,Jordan Kim,17682,17682,140,2,150000,165000,180000,195000,210000,98.2
EMP00163,Stephanie,,Brown,Stephanie Brown,Senior Account Executive,Enterprise Sales,Sales & Revenue,EMP00008,2022-06-17,stephanie.brown@theguild.com,1996-02-15,,Active,Salt Lake City,UT,84101,2026-01-01,111356,Salary,Exempt,Twice a Month,,P3,Annual Bonus,8908,EEID00163,No,120264,111356,,,,,,Priya Patel,11135,11135,144,3,105000,116250,127500,138750,150000,87.3
EMP00164,Emily,,Nelson,Emily Nelson,CS Team Lead,Professional Services,Customer Success,EMP00009,2018-09-10,emily.nelson@theguild.com,1981-10-12,Male,Active,Minneapolis,MN,55401,2026-01-01,164214,Salary,Exempt,Bi-Weekly,,P4,Annual Bonus,24632,EEID00164,No,188846,164214,,,,,,Emily Stone,16421,16421,153,4,135000,147500,160000,172500,185000,102.6
EMP00166,Aurora,,Lopez,Aurora Lopez,Product Manager,Product Design,Product,EMP00162,2024-03-28,aurora.lopez@theguild.com,1992-10-28,Non-Binary,Active,New York,NY,10001,2026-01-01,85135,Salary,Non-Exempt,Monthly,,P2,Annual Bonus,8513,EEID00166,No,93648,85135,,,,,,Priya Patel,8513,8513,109,2,80000,90000,100000,110000,120000,85.1
EMP00167,Wren,,Robinson,Wren Robinson,Operations Manager,Business Operations,Operations,EMP00012,2021-03-17,wren.robinson@theguild.com,1999-01-10,Non-Binary,Active,Provo,UT,84601,2026-01-01,144806,Salary,Exempt,Monthly,,P4,Commission,14480,EEID00167,No,159286,144806,,,,,,Jordan Kim,14480,14480,185,4,135000,147500,160000,172500,185000,90.5
EMP00168,Hannah,,Harris,Hannah Harris,Finance Manager,Compliance,G&A,EMP00060,2025-09-29,hannah.harris@theguild.com,1985-08-28,Male,Active,Boise,ID,83701,2026-01-01,153049,Hourly,Exempt,Monthly,,P4,Commission,30609,EEID00168,No,183658,153049,,,,,,Jordan Kim,15304,15304,161,4,135000,147500,160000,172500,185000,95.7
EMP00169,Sam,,Cook,Sam Cook,Senior Account Executive,Enterprise Sales,Sales & Revenue,EMP00162,2022-12-20,sam.cook@theguild.com,1989-05-24,Non-Binary,Active,Chicago,IL,60601,2026-01-01,137218,Salary,Exempt,Bi-Weekly,,P3,No Bonus,0,EEID00169,No,137218,137218,,,,,,Jordan Kim,13721,13721,144,3,105000,116250,127500,138750,150000,107.6
EMP00170,Drew,,Nelson,Drew Nelson,Staff Software Engineer,Security,Engineering & Technology,EMP00134,2024-05-18,drew.nelson@theguild.com,1976-04-19,Female,Active,Austin,TX,73301,2026-01-01,138683,Salary,Exempt,Twice a Month,,P4,Annual Bonus,20802,EEID00170,No,159485,138683,,,,,,Marcus Webb,13868,13868,193,4,135000,147500,160000,172500,185000,86.7
EMP00171,Megan,,Morris,Megan Morris,Engineering Manager,Security,Engineering & Technology,EMP00008,2018-05-06,megan.morris@theguild.com,1985-11-07,Non-Binary,Active,Minneapolis,MN,55401,2026-01-01,133048,Hourly,Exempt,Monthly,,M1,No Bonus,0,EEID00171,Yes,133048,133048,,,,,,Jordan Kim,13304,13304,207,1,120000,132500,145000,157500,170000,91.8
EMP00172,Rowan,,Lewis,Rowan Lewis,Senior Product Manager,Product Operations,Product,EMP00171,2020-05-27,rowan.lewis@theguild.com,1984-12-05,Female,Active,San Francisco,CA,94101,2026-01-01,121951,Hourly,Exempt,Monthly,,P3,Annual Bonus,18292,EEID00172,No,140243,121951,,,,,,Marcus Webb,12195,12195,110,3,105000,116250,127500,138750,150000,95.6
EMP00173,Sam,,Nelson,Sam Nelson,Marketing Coordinator,Demand Generation,Marketing,EMP00013,2025-12-15,sam.nelson@theguild.com,1987-05-09,,Active,San Francisco,CA,94101,2026-01-01,76213,Salary,Non-Exempt,Bi-Weekly,,P1,No Bonus,0,EEID00173,No,76213,76213,,,,,,Jordan Kim,7621,7621,134,1,55000,62500,70000,77500,85000,108.9
EMP00176,Luna,,Sanchez,Luna Sanchez,Marketing Specialist,Demand Generation,Marketing,EMP00157,2023-04-13,luna.sanchez@theguild.com,1980-09-27,Non-Binary,Active,Atlanta,GA,30301,2026-01-01,115037,Salary,Exempt,Bi-Weekly,,P2,Annual Bonus,3451,EEID00176,No,118488,115037,,,,,,Marcus Webb,11503,11503,135,2,80000,90000,100000,110000,120000,115.0
EMP00177,Luke,,Nelson,Luke Nelson,Senior Software Engineer,Security,Engineering & Technology,EMP00024,2024-07-04,luke.nelson@theguild.com,1978-03-12,,Active,Minneapolis,MN,55401,2026-01-01,129358,Salary,Exempt,Twice a Month,,P3,Annual Bonus,19403,EEID00177,No,148761,129358,,,,,,Marcus Webb,12935,12935,192,3,105000,116250,127500,138750,150000,101.5
EMP00178,Finn,,Davis,Finn Davis,Operations Manager,FP&A,Operations,EMP00014,2018-11-28,finn.davis@theguild.com,1996-11-14,Non-Binary,Active,Provo,UT,84601,2026-01-01,144002,Hourly,Exempt,Bi-Weekly,,P4,Annual Bonus,7200,EEID00178,No,151201,144002,,,,,,Marcus Webb,14400,14400,127,4,135000,147500,160000,172500,185000,90.0
EMP00179,Nate,,Baker,Nate Baker,Software Engineer,Software Engineering,Engineering & Technology,EMP00112,2023-05-10,nate.baker@theguild.com,1992-03-12,Male,Active,Austin,TX,73301,2026-01-01,90383,Salary,Non-Exempt,Twice a Month,,P2,Commission,18076,EEID00179,No,108459,90383,,,,,,Emily Stone,9038,9038,205,2,80000,90000,100000,110000,120000,90.4
EMP00180,Reid,,Gonzalez,Reid Gonzalez,Senior Financial Analyst,Procurement,G&A,EMP00008,2019-02-25,reid.gonzalez@theguild.com,1992-03-16,Non-Binary,Active,Chicago,IL,60601,2026-01-01,149351,Salary,Exempt,Bi-Weekly,,P3,Annual Bonus,7467,EEID00180,No,156818,149351,,,,,,Marcus Webb,14935,14935,160,3,105000,116250,127500,138750,150000,117.1
EMP00181,James,,Stewart,James Stewart,Staff Software Engineer,Data Engineering,Engineering & Technology,EMP00012,2018-03-20,james.stewart@theguild.com,1985-03-31,Female,Active,Raleigh,NC,27601,2026-01-01,180008,Salary,Exempt,Bi-Weekly,,P4,Annual Bonus,18000,EEID00181,No,198008,180008,,,,,,Marcus Webb,18000,18000,193,4,135000,147500,160000,172500,185000,112.5
EMP00182,Nicole,,Phillips,Nicole Phillips,Senior Software Engineer,Architecture,Engineering & Technology,EMP00024,2019-03-19,nicole.phillips@theguild.com,1975-11-20,Male,Active,Boise,ID,83701,2026-01-01,146964,Salary,Exempt,Monthly,,P3,No Bonus,0,EEID00182,No,146964,146964,,,,,,Emily Stone,14696,14696,192,3,105000,116250,127500,138750,150000,115.3
EMP00183,Luna,,Lewis,Luna Lewis,Associate Director of Marketing,Brand Marketing,Marketing,EMP00162,2023-11-02,luna.lewis@theguild.com,1987-02-10,Female,Active,Salt Lake City,UT,84101,2026-01-01,180560,Hourly,Exempt,Monthly,,P4,No Bonus,0,EEID00183,No,180560,180560,,,,,,Jordan Kim,18056,18056,137,4,135000,147500,160000,172500,185000,112.9
EMP00184,Jessica,,Allen,Jessica Allen,HR Coordinator,Legal,G&A,EMP00014,2018-06-11,jessica.allen@theguild.com,1999-08-03,,Active,Boulder,CO,80301,2026-01-01,74955,Salary,Non-Exempt,Twice a Month,,P1,Annual Bonus,3747,EEID00184,No,78702,74955,,,,,,Marcus Webb,7495,7495,158,1,55000,62500,70000,77500,85000,107.1
EMP00185,Ivy,,Perez,Ivy Perez,Operations Manager,Product Management,Product,EMP00009,2020-08-04,ivy.perez@theguild.com,1995-06-28,Non-Binary,Active,Austin,TX,73301,2026-01-01,129774,Salary,Exempt,Bi-Weekly,,M1,No Bonus,0,EEID00185,Yes,129774,129774,,,,,,Priya Patel,12977,12977,121,1,120000,132500,145000,157500,170000,89.5
EMP00186,Hazel,,Brown,Hazel Brown,Senior Software Engineer,Quality Assurance,Engineering & Technology,EMP00185,2025-04-04,hazel.brown@theguild.com,1982-08-25,Non-Binary,Active,San Jose,CA,95101,2026-01-01,132918,Salary,Exempt,Bi-Weekly,,P3,No Bonus,0,EEID00186,No,132918,132918,,,,,,Priya Patel,13291,13291,206,3,105000,116250,127500,138750,150000,104.2
EMP00188,Ryan,,Miller,Ryan Miller,Associate Director of Marketing,Corporate Communications,Marketing,EMP00152,2022-12-11,ryan.miller@theguild.com,1977-01-23,Male,Active,New York,NY,10001,2026-01-01,158501,Hourly,Exempt,Twice a Month,,P4,Annual Bonus,15850,EEID00188,No,174351,158501,,,,,,Priya Patel,15850,15850,137,4,135000,147500,160000,172500,185000,99.1
EMP00189,Nate,,Smith,Nate Smith,Senior Financial Analyst,Talent Acquisition,G&A,EMP00185,2018-08-12,nate.smith@theguild.com,1975-07-10,Female,Active,Atlanta,GA,30301,2026-01-01,148366,Hourly,Exempt,Bi-Weekly,,P3,Commission,44509,EEID00189,No,192875,148366,,,,,,Jordan Kim,14836,14836,168,3,105000,116250,127500,138750,150000,116.4
EMP00190,Violet,,Murphy,Violet Murphy,Senior Product Manager,Product Management,Product,EMP00009,2023-02-24,violet.murphy@theguild.com,1994-12-04,,Active,Lehi,UT,84043,2026-01-01,123229,Hourly,Exempt,Twice a Month,,P3,Annual Bonus,3696,EEID00190,No,126925,123229,,,,,,Emily Stone,12322,12322,118,3,105000,116250,127500,138750,150000,96.7
EMP00191,Violet,,Lewis,Violet Lewis,Sales Development Representative,Mid-Market Sales,Sales & Revenue,EMP00009,2025-07-13,violet.lewis@theguild.com,1995-06-19,Non-Binary,Active,San Francisco,CA,94101,2026-01-01,68511,Salary,Non-Exempt,Bi-Weekly,,P1,No Bonus,0,EEID00191,No,68511,68511,,,,,,Priya Patel,6851,6851,142,1,55000,62500,70000,77500,85000,97.9
EMP00192,Avery,,Stewart,Avery Stewart,Staff Product Manager,Product Operations,Product,EMP00011,2024-02-22,avery.stewart@theguild.com,1998-06-01,Non-Binary,Active,Chicago,IL,60601,2026-01-01,142472,Salary,Exempt,Bi-Weekly,,P4,Annual Bonus,11397,EEID00192,No,153869,142472,,,,,,Emily Stone,14247,14247,119,4,135000,147500,160000,172500,185000,89.0
EMP00193,Riley,,Cook,Riley Cook,Senior Ops Manager,Product Operations,Product,EMP00009,2019-03-18,riley.cook@theguild.com,1993-08-04,Male,Active,Dallas,TX,75201,2026-01-01,190032,Salary,Exempt,Twice a Month,,M2,Annual Bonus,15202,EEID00193,Yes,205234,190032,,,,,,Emily Stone,19003,19003,122,2,150000,165000,180000,195000,210000,105.6
EMP00194,Aurora,,Robinson,Aurora Robinson,Finance Associate,People & HR,G&A,EMP00151,2025-05-17,aurora.robinson@theguild.com,1989-06-09,,Active,Boulder,CO,80301,2026-01-01,69182,Salary,Exempt,Bi-Weekly,,P1,Annual Bonus,6918,EEID00194,No,76100,69182,,,,,,Jordan Kim,6918,6918,174,1,55000,62500,70000,77500,85000,98.8
EMP00195,Drew,,Rogers,Drew Rogers,Senior HR Business Partner,Talent Acquisition,G&A,EMP00012,2024-03-17,drew.rogers@theguild.com,1984-09-30,Female,Active,Boulder,CO,80301,2026-01-01,113740,Salary,Exempt,Bi-Weekly,,P3,No Bonus,0,EEID00195,No,113740,113740,,,,,,Marcus Webb,11374,11374,168,3,105000,116250,127500,138750,150000,89.2
EMP00196,Emerson,,Turner,Emerson Turner,Account Executive,Revenue Operations,Sales & Revenue,EMP00193,2019-03-13,emerson.turner@theguild.com,1976-02-19,,Active,Raleigh,NC,27601,2026-01-01,87563,Hourly,Non-Exempt,Twice a Month,,P2,Annual Bonus,13134,EEID00196,No,100697,87563,,,,,,Marcus Webb,8756,8756,143,2,80000,90000,100000,110000,120000,87.6
EMP00197,Avery,,Carter,Avery Carter,Software Engineer,Security,Engineering & Technology,EMP00012,2024-11-28,avery.carter@theguild.com,2000-03-15,Female,Active,Salt Lake City,UT,84101,2026-01-01,96420,Salary,Exempt,Bi-Weekly,,P2,Commission,9642,EEID00197,No,106062,96420,,,,,,Jordan Kim,9642,9642,205,2,80000,90000,100000,110000,120000,96.4
EMP00198,Tyler,,Allen,Tyler Allen,Operations Associate,Data Analytics & Insights,Operations,EMP00162,2022-12-20,tyler.allen@theguild.com,1985-02-12,Non-Binary,Active,Lehi,UT,84043,2026-01-01,68650,Salary,Exempt,Bi-Weekly,,P1,Annual Bonus,10297,EEID00198,No,78947,68650,,,,,,Marcus Webb,6865,6865,182,1,55000,62500,70000,77500,85000,98.1
EMP00199,Kevin,,Jackson,Kevin Jackson,Marketing Coordinator,Content Marketing,Marketing,EMP00134,2024-07-20,kevin.jackson@theguild.com,1986-06-10,Male,Active,San Jose,CA,95101,2026-01-01,79087,Hourly,Non-Exempt,Bi-Weekly,,P1,Annual Bonus,3954,EEID00199,No,83041,79087,,,,,,Priya Patel,7908,7908,134,1,55000,62500,70000,77500,85000,113.0
EMP00200,Hazel,,Turner,Hazel Turner,Senior Product Manager,Product Management,Product,EMP00151,2018-10-07,hazel.turner@theguild.com,1997-08-29,Female,Active,Austin,TX,73301,2026-01-01,137148,Salary,Exempt,Bi-Weekly,,P3,Annual Bonus,20572,EEID00200,No,157720,137148,,,,,,Jordan Kim,13714,13714,118,3,105000,116250,127500,138750,150000,107.6
EMP00201,June,,Wright,June Wright,Marketing Specialist,Brand Marketing,Marketing,EMP00047,2021-11-18,june.wright@theguild.com,1994-12-28,Female,Active,Boise,ID,83701,2026-01-01,103645,Hourly,Exempt,Monthly,,P2,No Bonus,0,EEID00201,No,103645,103645,,,,,,Marcus Webb,10364,10364,135,2,80000,90000,100000,110000,120000,103.6
EMP00202,Riley,,Mitchell,Riley Mitchell,Sales Development Representative,Channel & Partnerships,Sales & Revenue,EMP00185,2025-04-22,riley.mitchell@theguild.com,1983-08-21,Non-Binary,Active,Boulder,CO,80301,2026-01-01,72702,Salary,Non-Exempt,Twice a Month,,P1,Annual Bonus,5816,EEID00202,No,78518,72702,,,,,,Emily Stone,7270,7270,142,1,55000,62500,70000,77500,85000,103.9
EMP00203,David,,Hernandez,David Hernandez,Operations Associate,Program Management,Operations,EMP00162,2025-09-11,david.hernandez@theguild.com,1981-11-24,Male,Active,Seattle,WA,98101,2026-01-01,83342,Salary,Non-Exempt,Monthly,,P1,No Bonus,0,EEID00203,No,83342,83342,,,,,,Jordan Kim,8334,8334,124,1,55000,62500,70000,77500,85000,119.1
EMP00204,Luke,,Williams,Luke Williams,Senior Engineering Manager,DevOps & Infrastructure,Engineering & Technology,EMP00008,2022-05-15,luke.williams@theguild.com,1980-04-22,Male,Active,Minneapolis,MN,55401,2026-01-01,209702,Hourly,Exempt,Twice a Month,,M2,Annual Bonus,6291,EEID00204,Yes,215993,209702,,,,,,Emily Stone,20970,20970,106,2,150000,165000,180000,195000,210000,116.5
EMP00205,Ash,,Williams,Ash Williams,HR Coordinator,Legal,G&A,EMP00152,2023-12-26,ash.williams@theguild.com,1984-11-11,Female,Active,Minneapolis,MN,55401,2026-01-01,64874,Hourly,Non-Exempt,Monthly,,P1,Commission,6487,EEID00205,No,71361,64874,,,,,,Jordan Kim,6487,6487,174,1,55000,62500,70000,77500,85000,92.7
EMP00206,June,,Jackson,June Jackson,Senior Financial Analyst,People & HR,G&A,EMP00012,2021-11-09,june.jackson@theguild.com,1984-07-01,,Active,San Francisco,CA,94101,2026-01-01,141377,Hourly,Exempt,Monthly,,P3,Annual Bonus,7068,EEID00206,No,148445,141377,,,,,,Marcus Webb,14137,14137,176,3,105000,116250,127500,138750,150000,110.9
EMP00207,Ryan,,Lopez,Ryan Lopez,Product Manager,UX Research,Product,EMP00010,2024-07-06,ryan.lopez@theguild.com,1996-11-08,Non-Binary,Active,Austin,TX,73301,2026-01-01,116022,Salary,Exempt,Bi-Weekly,,P2,No Bonus,0,EEID00207,No,116022,116022,,,,,,Priya Patel,11602,11602,117,2,80000,90000,100000,110000,120000,116.0
EMP00208,Chris,,Carter,Chris Carter,Finance Manager,Talent Acquisition,G&A,EMP00013,2019-11-22,chris.carter@theguild.com,1975-03-21,Non-Binary,Active,Salt Lake City,UT,84101,2026-01-01,151841,Salary,Exempt,Bi-Weekly,,M1,Annual Bonus,15184,EEID00208,Yes,167025,151841,,,,,,Marcus Webb,15184,15184,171,1,120000,132500,145000,157500,170000,104.7
EMP00209,Jason,,Turner,Jason Turner,Senior Financial Analyst,Payroll,G&A,EMP00112,2019-12-21,jason.turner@theguild.com,1978-09-05,Non-Binary,Active,Atlanta,GA,30301,2026-01-01,126729,Salary,Exempt,Twice a Month,,P3,Commission,12672,EEID00209,No,139401,126729,,,,,,Marcus Webb,12672,12672,176,3,105000,116250,127500,138750,150000,99.4
EMP00210,Reid,,Gonzalez,Reid Gonzalez,Sales Development Representative,Mid-Market Sales,Sales & Revenue,EMP00151,2020-07-03,reid.gonzalez@theguild.com,1988-01-20,Female,Active,San Jose,CA,95101,2026-01-01,80205,Salary,Non-Exempt,Bi-Weekly,,P1,Annual Bonus,8020,EEID00210,No,88225,80205,,,,,,Jordan Kim,8020,8020,142,1,55000,62500,70000,77500,85000,114.6
EMP00211,Finn,,Allen,Finn Allen,Junior Software Engineer,Platform Engineering,Engineering & Technology,EMP00013,2025-05-24,finn.allen@theguild.com,1981-07-23,,Active,New York,NY,10001,2026-01-01,77418,Hourly,Exempt,Bi-Weekly,,P1,Commission,23225,EEID00211,No,100642,77418,,,,,,Priya Patel,7741,7741,204,1,55000,62500,70000,77500,85000,110.6
EMP00212,Riley,,Anderson,Riley Anderson,Senior Operations Analyst,FP&A,Operations,EMP00162,2018-06-13,riley.anderson@theguild.com,1989-07-15,Male,Active,Atlanta,GA,30301,2026-01-01,107805,Hourly,Exempt,Twice a Month,,P3,Commission,10780,EEID00212,No,118585,107805,,,,,,Priya Patel,10780,10780,126,3,105000,116250,127500,138750,150000,84.6
EMP00213,Hannah,,Hill,Hannah Hill,CS Team Lead,Solutions Engineering,Customer Success,EMP00024,2023-05-29,hannah.hill@theguild.com,1975-04-19,Female,Active,Chicago,IL,60601,2026-01-01,168860,Hourly,Exempt,Bi-Weekly,,P4,Annual Bonus,16886,EEID00213,No,185746,168860,,,,,,Jordan Kim,16886,16886,153,4,135000,147500,160000,172500,185000,105.5
EMP00214,Lauren,,Anderson,Lauren Anderson,Software Engineer,Architecture,Engineering & Technology,EMP00056,2019-04-10,lauren.anderson@theguild.com,1996-08-07,,Active,Seattle,WA,98101,2026-01-01,90312,Salary,Non-Exempt,Bi-Weekly,,P2,No Bonus,0,EEID00214,No,90312,90312,,,,,,Jordan Kim,9031,9031,101,2,80000,90000,100000,110000,120000,90.3
EMP00215,Brian,,Hill,Brian Hill,Design Manager,Product Operations,Product,EMP00009,2020-01-08,brian.hill@theguild.com,1998-03-05,,Active,Provo,UT,84601,2026-01-01,128829,Salary,Exempt,Monthly,,M1,Annual Bonus,10306,EEID00215,Yes,139135,128829,,,,,,Emily Stone,12882,12882,113,1,120000,132500,145000,157500,170000,88.8
EMP00216,Ben,,Garcia,Ben Garcia,Staff Product Manager,Product Operations,Product,EMP00208,2023-02-01,ben.garcia@theguild.com,1978-02-01,Female,Active,New York,NY,10001,2026-01-01,149376,Salary,Exempt,Bi-Weekly,,P4,Annual Bonus,11950,EEID00216,No,161326,149376,,,,,,Jordan Kim,14937,14937,111,4,135000,147500,160000,172500,185000,93.4
EMP00218,Wren,,Clark,Wren Clark,Enterprise Account Executive,Enterprise Sales,Sales & Revenue,EMP00056,2023-05-09,wren.clark@theguild.com,1985-06-06,Male,Active,Provo,UT,84601,2026-01-01,159984,Salary,Exempt,Twice a Month,,P4,Annual Bonus,12798,EEID00218,No,172782,159984,,,,,,Priya Patel,15998,15998,145,4,135000,147500,160000,172500,185000,100.0
EMP00219,Rowan,,Rivera,Rowan Rivera,Customer Success Associate,Professional Services,Customer Success,EMP00008,2022-10-12,rowan.rivera@theguild.com,1986-05-18,Non-Binary,Active,Denver,CO,80201,2026-01-01,72031,Salary,Non-Exempt,Bi-Weekly,,P1,Annual Bonus,3601,EEID00219,No,75632,72031,,,,,,Jordan Kim,7203,7203,150,1,55000,62500,70000,77500,85000,102.9
EMP00220,Blake,,White,Blake White,CS Team Lead,Implementation & Onboarding,Customer Success,EMP00204,2024-06-24,blake.white@theguild.com,1990-06-12,,Active,Boston,MA,02101,2026-01-01,171182,Salary,Exempt,Twice a Month,,P4,Annual Bonus,13694,EEID00220,No,184876,171182,,,,,,Marcus Webb,17118,17118,153,4,135000,147500,160000,172500,185000,107.0
EMP00221,Ashley,,Campbell,Ashley Campbell,Product Manager,Product Operations,Product,EMP00060,2018-01-22,ashley.campbell@theguild.com,1979-02-01,Female,Active,Lehi,UT,84043,2026-01-01,113314,Salary,Exempt,Twice a Month,,P2,No Bonus,0,EEID00221,No,113314,113314,,,,,,Jordan Kim,11331,11331,109,2,80000,90000,100000,110000,120000,113.3
EMP00222,Rowan,,Ramirez,Rowan Ramirez,Senior Software Engineer,DevOps & Infrastructure,Engineering & Technology,EMP00060,2022-12-04,rowan.ramirez@theguild.com,1975-06-25,Female,Active,Boulder,CO,80301,2026-01-01,130187,Salary,Exempt,Monthly,,P3,Annual Bonus,13018,EEID00222,No,143205,130187,,,,,,Priya Patel,13018,13018,102,3,105000,116250,127500,138750,150000,102.1
EMP00223,Kevin,,Williams,Kevin Williams,Operations Analyst,Program Management,Operations,EMP00023,2022-07-19,kevin.williams@theguild.com,1983-12-26,Male,Active,Boston,MA,02101,2026-01-01,103575,Salary,Non-Exempt,Twice a Month,,P2,Annual Bonus,10357,EEID00223,No,113932,103575,,,,,,Emily Stone,10357,10357,125,2,80000,90000,100000,110000,120000,103.6
EMP00224,Emily,,Scott,Emily Scott,Senior Account Executive,Revenue Operations,Sales & Revenue,EMP00060,2024-04-07,emily.scott@theguild.com,1978-03-31,Non-Binary,Active,Portland,OR,97201,2026-01-01,134803,Salary,Exempt,Twice a Month,,P3,Commission,13480,EEID00224,No,148283,134803,,,,,,Priya Patel,13480,13480,144,3,105000,116250,127500,138750,150000,105.7
EMP00225,Daniel,,Collins,Daniel Collins,Senior Customer Success Manager,Implementation & Onboarding,Customer Success,EMP00112,2023-05-29,daniel.collins@theguild.com,1980-03-19,Non-Binary,Active,Los Angeles,CA,90001,2026-01-01,141907,Hourly,Exempt,Twice a Month,,P3,Commission,14190,EEID00225,No,156097,141907,,,,,,Emily Stone,14190,14190,152,3,105000,116250,127500,138750,150000,111.3
EMP00226,Noah,,Baker,Noah Baker,Operations Analyst,Corporate Strategy,Operations,EMP00134,2021-11-01,noah.baker@theguild.com,1978-05-30,Female,Active,Portland,OR,97201,2026-01-01,103140,Salary,Non-Exempt,Monthly,,P2,Commission,30942,EEID00226,No,134082,103140,,,,,,Jordan Kim,10314,10314,183,2,80000,90000,100000,110000,120000,103.1
EMP00227,Nate,,Thompson,Nate Thompson,Product Manager,UX Research,Product,EMP00185,2021-12-29,nate.thompson@theguild.com,1981-12-30,Male,Active,Portland,OR,97201,2026-01-01,95391,Salary,Exempt,Bi-Weekly,,P2,Annual Bonus,14308,EEID00227,No,109699,95391,,,,,,Emily Stone,9539,9539,109,2,80000,90000,100000,110000,120000,95.4
EMP00228,Michael,,Mitchell,Michael Mitchell,HR Coordinator,Compliance,G&A,EMP00055,2022-06-18,michael.mitchell@theguild.com,1984-12-17,Female,Active,Provo,UT,84601,2026-01-01,75338,Salary,Non-Exempt,Bi-Weekly,,P1,Commission,15067,EEID00228,No,90405,75338,,,,,,Emily Stone,7533,7533,166,1,55000,62500,70000,77500,85000,107.6
EMP00229,Isla,,Collins,Isla Collins,Marketing Coordinator,Corporate Communications,Marketing,EMP00162,2018-02-04,isla.collins@theguild.com,1975-07-13,Female,Active,Minneapolis,MN,55401,2026-01-01,83193,Salary,Non-Exempt,Bi-Weekly,,P1,No Bonus,0,EEID00229,No,83193,83193,,,,,,Jordan Kim,8319,8319,134,1,55000,62500,70000,77500,85000,118.8
EMP00230,Ash,,Miller,Ash Miller,Senior Account Executive,Revenue Operations,Sales & Revenue,EMP00024,2022-10-03,ash.miller@theguild.com,1984-06-11,,Active,Boise,ID,83701,2026-01-01,120541,Salary,Exempt,Bi-Weekly,,P3,Annual Bonus,12054,EEID00230,No,132595,120541,,,,,,Priya Patel,12054,12054,144,3,105000,116250,127500,138750,150000,94.5
EMP00231,Ethan,,Nguyen,Ethan Nguyen,Marketing Specialist,Marketing Operations,Marketing,EMP00204,2019-09-05,ethan.nguyen@theguild.com,1996-03-20,Male,Active,Phoenix,AZ,85001,2026-01-01,97691,Hourly,Exempt,Bi-Weekly,,P2,No Bonus,0,EEID00231,No,97691,97691,,,,,,Marcus Webb,9769,9769,135,2,80000,90000,100000,110000,120000,97.7
EMP00232,Luna,,Young,Luna Young,Senior Product Manager,UX Research,Product,EMP00011,2019-01-30,luna.young@theguild.com,1995-03-07,Non-Binary,Active,San Jose,CA,95101,2026-01-01,131109,Salary,Exempt,Bi-Weekly,,P3,Commission,39332,EEID00232,No,170441,131109,,,,,,Priya Patel,13110,13110,110,3,105000,116250,127500,138750,150000,102.8
EMP00233,Ethan,,White,Ethan White,Senior Customer Success Manager,Solutions Engineering,Customer Success,EMP00011,2021-08-24,ethan.white@theguild.com,1997-11-24,,Active,Boise,ID,83701,2026-01-01,131985,Salary,Exempt,Bi-Weekly,,P3,Annual Bonus,10558,EEID00233,No,142543,131985,,,,,,Jordan Kim,13198,13198,152,3,105000,116250,127500,138750,150000,103.5
EMP00234,Michael,,Harris,Michael Harris,Customer Success Manager,Implementation & Onboarding,Customer Success,EMP00157,2021-07-08,michael.harris@theguild.com,1989-03-19,Non-Binary,Active,Dallas,TX,75201,2026-01-01,107644,Salary,Exempt,Bi-Weekly,,P2,Annual Bonus,5382,EEID00234,No,113025,107644,,,,,,Priya Patel,10764,10764,151,2,80000,90000,100000,110000,120000,107.6
EMP00235,Drew,,Nelson,Drew Nelson,Senior Marketing Manager,Marketing Operations,Marketing,EMP00013,2025-11-10,drew.nelson@theguild.com,1978-08-04,Female,Active,New York,NY,10001,2026-01-01,115965,Salary,Exempt,Bi-Weekly,,P3,No Bonus,0,EEID00235,No,115965,115965,,,,,,Marcus Webb,11596,11596,136,3,105000,116250,127500,138750,150000,91.0
EMP00236,Liam,,Miller,Liam Miller,Staff Software Engineer,DevOps & Infrastructure,Engineering & Technology,EMP00134,2018-12-12,liam.miller@theguild.com,1992-06-27,Non-Binary,Active,Austin,TX,73301,2026-01-01,161018,Salary,Exempt,Bi-Weekly,,P4,Commission,16101,EEID00236,No,177119,161018,,,,,,Marcus Webb,16101,16101,103,4,135000,147500,160000,172500,185000,100.6
EMP00237,Kayla,,Campbell,Kayla Campbell,Account Executive,Account Management,Sales & Revenue,EMP00162,2019-07-08,kayla.campbell@theguild.com,1999-03-11,Female,Active,Los Angeles,CA,90001,2026-01-01,82303,Hourly,Non-Exempt,Bi-Weekly,,P2,Commission,16460,EEID00237,No,98763,82303,,,,,,Jordan Kim,8230,8230,143,2,80000,90000,100000,110000,120000,82.3
EMP00238,Blake,,Ramirez,Blake Ramirez,Senior Customer Success Manager,Renewals,Customer Success,EMP00023,2019-09-30,blake.ramirez@theguild.com,1988-08-13,Male,Active,Minneapolis,MN,55401,2026-01-01,140367,Salary,Exempt,Bi-Weekly,,P3,Commission,28073,EEID00238,No,168440,140367,,,,,,Emily Stone,14036,14036,152,3,105000,116250,127500,138750,150000,110.1
EMP00239,Wren,,Stewart,Wren Stewart,Operations Manager,Corporate Strategy,Operations,EMP00112,2022-03-11,wren.stewart@theguild.com,1983-06-17,,Active,Phoenix,AZ,85001,2026-01-01,184510,Salary,Exempt,Bi-Weekly,,P4,Annual Bonus,27676,EEID00239,No,212185,184510,,,,,,Jordan Kim,18451,18451,185,4,135000,147500,160000,172500,185000,115.3
EMP00240,Liam,,Thomas,Liam Thomas,Product Manager,Product Operations,Product,EMP00157,2018-10-08,liam.thomas@theguild.com,1983-03-08,Female,Active,Boise,ID,83701,2026-01-01,107671,Salary,Non-Exempt,Bi-Weekly,,P2,Commission,10767,EEID00240,No,118438,107671,,,,,,Priya Patel,10767,10767,109,2,80000,90000,100000,110000,120000,107.7
EMP00241,Daniel,,Baker,Daniel Baker,Associate Director of Marketing,Corporate Communications,Marketing,EMP00012,2021-01-07,daniel.baker@theguild.com,1980-08-10,,Active,Lehi,UT,84043,2026-01-01,136271,Salary,Exempt,Bi-Weekly,,P4,Annual Bonus,10901,EEID00241,No,147172,136271,,,,,,Emily Stone,13627,13627,137,4,135000,147500,160000,172500,185000,85.2
EMP00242,Samantha,,Garcia,Samantha Garcia,Senior Product Manager,Product Management,Product,EMP00056,2020-12-27,samantha.garcia@theguild.com,1992-08-08,Male,Active,San Jose,CA,95101,2026-01-01,137662,Salary,Exempt,Monthly,,P3,Annual Bonus,4129,EEID00242,No,141791,137662,,,,,,Jordan Kim,13766,13766,118,3,105000,116250,127500,138750,150000,108.0
EMP00244,Zoe,,Mitchell,Zoe Mitchell,Sales Development Representative,Revenue Operations,Sales & Revenue,EMP00157,2021-08-22,zoe.mitchell@theguild.com,1975-09-04,Female,Active,Atlanta,GA,30301,2026-01-01,70768,Salary,Exempt,Monthly,,P1,Annual Bonus,7076,EEID00244,No,77844,70768,,,,,,Priya Patel,7076,7076,142,1,55000,62500,70000,77500,85000,101.1
EMP00245,Ash,,Davis,Ash Davis,Marketing Manager,Product Marketing,Marketing,EMP00011,2024-12-08,ash.davis@theguild.com,1990-03-07,Male,Active,Boston,MA,02101,2026-01-01,144339,Hourly,Exempt,Monthly,,M1,No Bonus,0,EEID00245,Yes,144339,144339,,,,,,Emily Stone,14433,14433,139,1,120000,132500,145000,157500,170000,99.5
EMP00246,Lily,,Nelson,Lily Nelson,Operations Manager,Product Management,Product,EMP00009,2023-06-11,lily.nelson@theguild.com,1994-08-17,Non-Binary,Active,Dallas,TX,75201,2026-01-01,148751,Salary,Exempt,Bi-Weekly,,M1,Annual Bonus,4462,EEID00246,Yes,153213,148751,,,,,,Jordan Kim,14875,14875,121,1,120000,132500,145000,157500,170000,102.6
EMP00247,Kevin,,Torres,Kevin Torres,Staff Product Manager,UX Research,Product,EMP00134,2025-02-26,kevin.torres@theguild.com,1997-09-11,,Active,Salt Lake City,UT,84101,2026-01-01,139513,Salary,Exempt,Bi-Weekly,,P4,Commission,13951,EEID00247,No,153464,139513,,,,,,Marcus Webb,13951,13951,111,4,135000,147500,160000,172500,185000,87.2
EMP00248,Morgan,,Adams,Morgan Adams,Operations Analyst,Data Analytics & Insights,Operations,EMP00208,2025-03-10,morgan.adams@theguild.com,1989-06-12,Male,Active,Boulder,CO,80301,2026-01-01,115321,Hourly,Exempt,Bi-Weekly,,P2,Annual Bonus,11532,EEID00248,No,126853,115321,,,,,,Emily Stone,11532,11532,125,2,80000,90000,100000,110000,120000,115.3
EMP00249,Wren,,Carter,Wren Carter,Software Engineer,Software Engineering,Engineering & Technology,EMP00011,2025-11-12,wren.carter@theguild.com,1986-06-25,Male,Active,Seattle,WA,98101,2026-01-01,93243,Salary,Non-Exempt,Twice a Month,,P2,Commission,27972,EEID00249,No,121215,93243,,,,,,Priya Patel,9324,9324,101,2,80000,90000,100000,110000,120000,93.2
EMP00250,Jason,,Green,Jason Green,HR Manager,Legal,G&A,EMP00013,2018-08-27,jason.green@theguild.com,1986-12-04,Male,Active,Atlanta,GA,30301,2026-01-01,150674,Hourly,Exempt,Bi-Weekly,,M1,No Bonus,0,EEID00250,Yes,150674,150674,,,,,,Emily Stone,15067,15067,163,1,120000,132500,145000,157500,170000,103.9
EMP00251,Will,,Jones,Will Jones,Operations Manager,Product Management,Product,EMP00009,2019-03-09,will.jones@theguild.com,2000-11-11,Non-Binary,Active,Provo,UT,84601,2026-01-01,132656,Salary,Exempt,Twice a Month,,M1,No Bonus,0,EEID00251,Yes,132656,132656,,,,,,Jordan Kim,13265,13265,121,1,120000,132500,145000,157500,170000,91.5
EMP00254,Morgan,,Evans,Morgan Evans,Operations Analyst,Data Analytics & Insights,Operations,EMP00171,2019-01-12,morgan.evans@theguild.com,2000-08-03,,Active,Portland,OR,97201,2026-01-01,110170,Salary,Exempt,Bi-Weekly,,P2,Annual Bonus,8813,EEID00254,No,118983,110170,,,,,,Marcus Webb,11017,11017,125,2,80000,90000,100000,110000,120000,110.2
EMP00255,Sarah,,Phillips,Sarah Phillips,Sales Development Representative,Account Management,Sales & Revenue,EMP00193,2020-07-17,sarah.phillips@theguild.com,1975-07-07,,Active,San Jose,CA,95101,2026-01-01,78946,Salary,Non-Exempt,Twice a Month,,P1,Commission,7894,EEID00255,No,86840,78946,,,,,,Emily Stone,7894,7894,142,1,55000,62500,70000,77500,85000,112.8
EMP00256,Aria,,King,Aria King,Software Engineer,AI & Machine Learning,Engineering & Technology,EMP00047,2022-06-04,aria.king@theguild.com,1981-08-22,Female,Active,Dallas,TX,75201,2026-01-01,94470,Hourly,Exempt,Bi-Weekly,,P2,Commission,18894,EEID00256,No,113364,94470,,,,,,Priya Patel,9447,9447,205,2,80000,90000,100000,110000,120000,94.5
EMP00257,Michael,,Walker,Michael Walker,Senior CS Manager,Renewals,Customer Success,EMP00012,2023-06-22,michael.walker@theguild.com,1992-09-24,Female,Active,New York,NY,10001,2026-01-01,176117,Salary,Exempt,Twice a Month,,M2,Commission,17611,EEID00257,Yes,193728,176117,,,,,,Marcus Webb,17611,17611,156,2,150000,165000,180000,195000,210000,97.8
EMP00258,Kayla,,Jones,Kayla Jones,Sales Development Representative,Channel & Partnerships,Sales & Revenue,EMP00185,2024-11-29,kayla.jones@theguild.com,1994-11-02,Female,Active,Los Angeles,CA,90001,2026-01-01,68878,Salary,Exempt,Bi-Weekly,,P1,Annual Bonus,5510,EEID00258,No,74388,68878,,,,,,Jordan Kim,6887,6887,142,1,55000,62500,70000,77500,85000,98.4
EMP00259,Riley,,Morgan,Riley Morgan,Senior Operations Analyst,Corporate Strategy,Operations,EMP00011,2025-10-12,riley.morgan@theguild.com,1979-12-29,Non-Binary,Active,Boise,ID,83701,2026-01-01,112364,Salary,Exempt,Bi-Weekly,,P3,Annual Bonus,8989,EEID00259,No,121353,112364,,,,,,Jordan Kim,11236,11236,126,3,105000,116250,127500,138750,150000,88.1
EMP00260,Leo,,Johnson,Leo Johnson,Account Executive,Sales Development,Sales & Revenue,EMP00250,2018-09-04,leo.johnson@theguild.com,1987-09-28,Female,Active,New York,NY,10001,2026-01-01,115966,Salary,Non-Exempt,Monthly,,P2,Annual Bonus,5798,EEID00260,No,121764,115966,,,,,,Priya Patel,11596,11596,143,2,80000,90000,100000,110000,120000,116.0
EMP00261,Avery,,Robinson,Avery Robinson,Senior HR Manager,Finance,G&A,EMP00013,2019-02-12,avery.robinson@theguild.com,1989-02-24,,Active,Dallas,TX,75201,2026-01-01,151250,Salary,Exempt,Twice a Month,,M2,Commission,45375,EEID00261,Yes,196625,151250,,,,,,Emily Stone,15125,15125,180,2,150000,165000,180000,195000,210000,84.0
EMP00262,Rachel,,Gonzalez,Rachel Gonzalez,Customer Success Associate,Professional Services,Customer Success,EMP00152,2021-12-12,rachel.gonzalez@theguild.com,1990-12-10,Non-Binary,Active,Dallas,TX,75201,2026-01-01,72347,Salary,Exempt,Bi-Weekly,,P1,No Bonus,0,EEID00262,No,72347,72347,,,,,,Marcus Webb,7234,7234,150,1,55000,62500,70000,77500,85000,103.4
EMP00263,Finn,,Moore,Finn Moore,Operations Manager,Business Operations,Operations,EMP00047,2022-04-15,finn.moore@theguild.com,1998-05-11,Female,Active,Dallas,TX,75201,2026-01-01,149783,Salary,Exempt,Monthly,,P4,No Bonus,0,EEID00263,No,149783,149783,,,,,,Jordan Kim,14978,14978,185,4,135000,147500,160000,172500,185000,93.6
EMP00264,Tyler,,Torres,Tyler Torres,Senior Product Manager,Product Operations,Product,EMP00024,2025-11-28,tyler.torres@theguild.com,1998-07-01,Female,Active,Denver,CO,80201,2026-01-01,118550,Salary,Exempt,Bi-Weekly,,P3,No Bonus,0,EEID00264,No,118550,118550,,,,,,Jordan Kim,11855,11855,110,3,105000,116250,127500,138750,150000,93.0
EMP00265,Matt,,Nelson,Matt Nelson,Customer Success Associate,Customer Support,Customer Success,EMP00047,2025-02-21,matt.nelson@theguild.com,1987-04-13,Female,Active,Los Angeles,CA,90001,2026-01-01,82509,Hourly,Non-Exempt,Bi-Weekly,,P1,Commission,24752,EEID00265,No,107260,82509,,,,,,Marcus Webb,8250,8250,150,1,55000,62500,70000,77500,85000,117.9
EMP00266,Jessica,,Rodriguez,Jessica Rodriguez,Senior Product Manager,Product Management,Product,EMP00009,2025-04-14,jessica.rodriguez@theguild.com,1991-10-10,Female,Active,Raleigh,NC,27601,2026-01-01,120133,Salary,Exempt,Twice a Month,,P3,No Bonus,0,EEID00266,No,120133,120133,,,,,,Jordan Kim,12013,12013,118,3,105000,116250,127500,138750,150000,94.2
EMP00267,Cole,,Walker,Cole Walker,Associate Product Manager,Product Design,Product,EMP00208,2023-06-30,cole.walker@theguild.com,1989-07-29,,Active,Denver,CO,80201,2026-01-01,63842,Salary,Exempt,Bi-Weekly,,P1,Commission,19152,EEID00267,No,82994,63842,,,,,,Marcus Webb,6384,6384,108,1,55000,62500,70000,77500,85000,91.2
EMP00268,Miles,,Sanchez,Miles Sanchez,Operations Manager,Business Operations,Operations,EMP00261,2020-10-03,miles.sanchez@theguild.com,1998-04-08,,Active,San Jose,CA,95101,2026-01-01,175075,Salary,Exempt,Twice a Month,,P4,Commission,17507,EEID00268,No,192582,175075,,,,,,Emily Stone,17507,17507,185,4,135000,147500,160000,172500,185000,109.4
EMP00269,Sage,,Harris,Sage Harris,Customer Success Manager,Renewals,Customer Success,EMP00152,2018-08-12,sage.harris@theguild.com,1998-03-11,Female,Active,Salt Lake City,UT,84101,2026-01-01,106085,Hourly,Exempt,Twice a Month,,P2,Annual Bonus,15912,EEID00269,No,121997,106085,,,,,,Jordan Kim,10608,10608,151,2,80000,90000,100000,110000,120000,106.1
EMP00270,Aurora,,Garcia,Aurora Garcia,HR Generalist,Legal,G&A,EMP00245,2025-10-04,aurora.garcia@theguild.com,1982-05-10,Male,Active,Minneapolis,MN,55401,2026-01-01,101198,Salary,Non-Exempt,Monthly,,P2,Annual Bonus,8095,EEID00270,No,109293,101198,,,,,,Emily Stone,10119,10119,167,2,80000,90000,100000,110000,120000,101.2
EMP00271,Daniel,,Turner,Daniel Turner,Senior Marketing Manager,Events & Community,Marketing,EMP00011,2020-01-03,daniel.turner@theguild.com,1977-04-20,,Active,Boston,MA,02101,2026-01-01,186067,Salary,Exempt,Bi-Weekly,,M2,Annual Bonus,9303,EEID00271,Yes,195370,186067,,,,,,Priya Patel,18606,18606,140,2,150000,165000,180000,195000,210000,103.4
EMP00272,Aria,,Phillips,Aria Phillips,Operations Analyst,FP&A,Operations,EMP00008,2018-01-24,aria.phillips@theguild.com,1997-02-18,Female,Active,Portland,OR,97201,2026-01-01,93294,Salary,Non-Exempt,Twice a Month,,P2,Commission,27988,EEID00272,No,121282,93294,,,,,,Marcus Webb,9329,9329,125,2,80000,90000,100000,110000,120000,93.3
EMP00273,Peyton,,Carter,Peyton Carter,Marketing Coordinator,Corporate Communications,Marketing,EMP00135,2025-04-29,peyton.carter@theguild.com,1990-08-28,Male,Active,Lehi,UT,84043,2026-01-01,83906,Salary,Exempt,Bi-Weekly,,P1,Annual Bonus,2517,EEID00273,No,86423,83906,,,,,,Marcus Webb,8390,8390,134,1,55000,62500,70000,77500,85000,119.9
EMP00274,Casey,,Carter,Casey Carter,Customer Success Associate,Solutions Engineering,Customer Success,EMP00056,2021-05-10,casey.carter@theguild.com,1989-06-25,Non-Binary,Active,Salt Lake City,UT,84101,2026-01-01,68662,Salary,Non-Exempt,Bi-Weekly,,P1,Annual Bonus,2059,EEID00274,No,70721,68662,,,,,,Jordan Kim,6866,6866,150,1,55000,62500,70000,77500,85000,98.1
EMP00275,James,,Parker,James Parker,Marketing Specialist,Brand Marketing,Marketing,EMP00261,2025-01-20,james.parker@theguild.com,1998-09-23,Male,Active,Denver,CO,80201,2026-01-01,101575,Salary,Exempt,Monthly,,P2,Commission,30472,EEID00275,No,132047,101575,,,,,,Jordan Kim,10157,10157,135,2,80000,90000,100000,110000,120000,101.6
EMP00276,Drew,,Morgan,Drew Morgan,Senior Operations Analyst,Data Analytics & Insights,Operations,EMP00251,2025-12-12,drew.morgan@theguild.com,1988-01-12,Female,Active,Raleigh,NC,27601,2026-01-01,113500,Hourly,Exempt,Bi-Weekly,,P3,Commission,11350,EEID00276,No,124850,113500,,,,,,Emily Stone,11350,11350,184,3,105000,116250,127500,138750,150000,89.0
EMP00277,Ashley,,Johnson,Ashley Johnson,Marketing Specialist,Brand Marketing,Marketing,EMP00162,2021-06-14,ashley.johnson@theguild.com,1988-06-20,Non-Binary,Active,Denver,CO,80201,2026-01-01,82981,Salary,Exempt,Bi-Weekly,,P2,Annual Bonus,2489,EEID00277,No,85470,82981,,,,,,Emily Stone,8298,8298,135,2,80000,90000,100000,110000,120000,83.0
EMP00279,Quinn,,Morris,Quinn Morris,Senior Customer Success Manager,Implementation & Onboarding,Customer Success,EMP00162,2021-10-21,quinn.morris@theguild.com,1991-10-31,Female,Active,Atlanta,GA,30301,2026-01-01,142840,Salary,Exempt,Bi-Weekly,,P3,Annual Bonus,4285,EEID00279,No,147125,142840,,,,,,Jordan Kim,14284,14284,152,3,105000,116250,127500,138750,150000,112.0
EMP00280,Rachel,,Green,Rachel Green,Senior Software Engineer,Data Engineering,Engineering & Technology,EMP00013,2023-11-21,rachel.green@theguild.com,1988-07-24,Female,Active,Chicago,IL,60601,2026-01-01,132123,Salary,Exempt,Twice a Month,,P3,Annual Bonus,6606,EEID00280,No,138729,132123,,,,,,Emily Stone,13212,13212,192,3,105000,116250,127500,138750,150000,103.6
EMP00281,Chloe,,Edwards,Chloe Edwards,Staff Software Engineer,Security,Engineering & Technology,EMP00047,2023-10-16,chloe.edwards@theguild.com,1980-12-14,Female,Active,Raleigh,NC,27601,2026-01-01,167771,Salary,Exempt,Bi-Weekly,,P4,Annual Bonus,5033,EEID00281,No,172804,167771,,,,,,Emily Stone,16777,16777,193,4,135000,147500,160000,172500,185000,104.9
EMP00282,Ezra,,Harris,Ezra Harris,Finance Manager,Legal,G&A,EMP00013,2020-05-09,ezra.harris@theguild.com,1989-05-24,Female,Active,Salt Lake City,UT,84101,2026-01-01,150597,Salary,Exempt,Bi-Weekly,,M1,No Bonus,0,EEID00282,Yes,150597,150597,,,,,,Marcus Webb,15059,15059,171,1,120000,132500,145000,157500,170000,103.9
EMP00283,Ben,,Moore,Ben Moore,Customer Success Associate,Implementation & Onboarding,Customer Success,EMP00135,2021-01-15,ben.moore@theguild.com,1981-05-08,Non-Binary,Active,Boise,ID,83701,2026-01-01,60160,Salary,Exempt,Bi-Weekly,,P1,Commission,12032,EEID00283,No,72192,60160,,,,,,Marcus Webb,6016,6016,150,1,55000,62500,70000,77500,85000,85.9
EMP00284,Lauren,,Jones,Lauren Jones,Sales Development Representative,Revenue Operations,Sales & Revenue,EMP00011,2024-08-24,lauren.jones@theguild.com,1994-12-31,Non-Binary,Active,San Jose,CA,95101,2026-01-01,70425,Salary,Non-Exempt,Twice a Month,,P1,Annual Bonus,10563,EEID00284,No,80988,70425,,,,,,Priya Patel,7042,7042,142,1,55000,62500,70000,77500,85000,100.6
EMP00285,Luke,,Stewart,Luke Stewart,Staff Product Manager,Product Management,Product,EMP00246,2019-08-12,luke.stewart@theguild.com,1986-07-29,Non-Binary,Active,Salt Lake City,UT,84101,2026-01-01,180783,Hourly,Exempt,Twice a Month,,P4,Annual Bonus,9039,EEID00285,No,189821,180783,,,,,,Jordan Kim,18078,18078,119,4,135000,147500,160000,172500,185000,113.0
EMP00286,Rachel,,Roberts,Rachel Roberts,Senior HR Business Partner,Procurement,G&A,EMP00012,2021-11-28,rachel.roberts@theguild.com,2000-10-11,Female,Active,Atlanta,GA,30301,2026-01-01,106983,Hourly,Exempt,Twice a Month,,P3,Annual Bonus,8558,EEID00286,No,115541,106983,,,,,,Emily Stone,10698,10698,168,3,105000,116250,127500,138750,150000,83.9
EMP00287,Nora,,Stewart,Nora Stewart,HR Coordinator,Legal,G&A,EMP00204,2021-10-27,nora.stewart@theguild.com,1984-05-04,,Active,Chicago,IL,60601,2026-01-01,70105,Salary,Exempt,Twice a Month,,P1,Commission,7010,EEID00287,No,77115,70105,,,,,,Jordan Kim,7010,7010,174,1,55000,62500,70000,77500,85000,100.2
EMP00288,Blake,,Edwards,Blake Edwards,Sales Development Representative,Sales Development,Sales & Revenue,EMP00246,2024-09-16,blake.edwards@theguild.com,1979-11-17,,Active,Seattle,WA,98101,2026-01-01,74404,Hourly,Exempt,Bi-Weekly,,P1,Commission,7440,EEID00288,No,81844,74404,,,,,,Priya Patel,7440,7440,142,1,55000,62500,70000,77500,85000,106.3
EMP00289,Violet,,Nelson,Violet Nelson,Finance Manager,Finance,G&A,EMP00013,2025-08-23,violet.nelson@theguild.com,1989-03-15,Non-Binary,Active,Salt Lake City,UT,84101,2026-01-01,163311,Hourly,Exempt,Twice a Month,,M1,Annual Bonus,8165,EEID00289,Yes,171476,163311,,,,,,Priya Patel,16331,16331,179,1,120000,132500,145000,157500,170000,112.6
EMP00291,Noah,,Sanchez,Noah Sanchez,Marketing Specialist,Sales Enablement,Marketing,EMP00282,2019-05-30,noah.sanchez@theguild.com,1981-01-09,Male,Active,Atlanta,GA,30301,2026-01-01,92335,Hourly,Exempt,Bi-Weekly,,P2,No Bonus,0,EEID00291,No,92335,92335,,,,,,Emily Stone,9233,9233,135,2,80000,90000,100000,110000,120000,92.3
EMP00293,Jason,,Lopez,Jason Lopez,Marketing Specialist,Demand Generation,Marketing,EMP00289,2025-09-29,jason.lopez@theguild.com,1978-08-04,Female,Active,San Jose,CA,95101,2026-01-01,115793,Hourly,Non-Exempt,Monthly,,P2,Commission,23158,EEID00293,No,138951,115793,,,,,,Priya Patel,11579,11579,135,2,80000,90000,100000,110000,120000,115.8
EMP00294,Hazel,,King,Hazel King,Junior Software Engineer,Architecture,Engineering & Technology,EMP00012,2023-04-05,hazel.king@theguild.com,1995-05-14,,Active,Lehi,UT,84043,2026-01-01,75665,Salary,Exempt,Bi-Weekly,,P1,Commission,7566,EEID00294,No,83231,75665,,,,,,Priya Patel,7566,7566,190,1,55000,62500,70000,77500,85000,108.1
EMP00295,Luna,,Thompson,Luna Thompson,Operations Associate,Data Analytics & Insights,Operations,EMP00250,2018-12-04,luna.thompson@theguild.com,1980-09-08,Male,Active,Provo,UT,84601,2026-01-01,57012,Salary,Non-Exempt,Monthly,,P1,Annual Bonus,5701,EEID00295,No,62712,57012,,,,,,Priya Patel,5701,5701,182,1,55000,62500,70000,77500,85000,81.4
EMP00297,Michael,,Martinez,Michael Martinez,CS Team Lead,Customer Support,Customer Success,EMP00245,2019-04-21,michael.martinez@theguild.com,1977-05-10,Female,Active,Boston,MA,02101,2026-01-01,178297,Salary,Exempt,Bi-Weekly,,P4,Annual Bonus,14263,EEID00297,No,192560,178297,,,,,,Jordan Kim,17829,17829,153,4,135000,147500,160000,172500,185000,111.4
EMP00298,Nora,,Walker,Nora Walker,Account Executive,Account Management,Sales & Revenue,EMP00134,2021-07-17,nora.walker@theguild.com,1998-10-14,Male,Active,Phoenix,AZ,85001,2026-01-01,111102,Salary,Non-Exempt,Twice a Month,,P2,Commission,33330,EEID00298,No,144432,111102,,,,,,Emily Stone,11110,11110,143,2,80000,90000,100000,110000,120000,111.1
EMP00299,Reid,,Baker,Reid Baker,Senior Account Executive,Channel & Partnerships,Sales & Revenue,EMP00014,2020-09-17,reid.baker@theguild.com,1983-09-29,Non-Binary,Active,Provo,UT,84601,2026-01-01,122503,Hourly,Exempt,Twice a Month,,P3,No Bonus,0,EEID00299,No,122503,122503,,,,,,Marcus Webb,12250,12250,144,3,105000,116250,127500,138750,150000,96.1
EMP00300,Nate,,Scott,Nate Scott,Junior Software Engineer,Software Engineering,Engineering & Technology,EMP00014,2018-04-08,nate.scott@theguild.com,1979-02-15,Male,Active,Atlanta,GA,30301,2026-01-01,72211,Salary,Non-Exempt,Bi-Weekly,,P1,Annual Bonus,2166,EEID00300,No,74377,72211,,,,,,Marcus Webb,7221,7221,100,1,55000,62500,70000,77500,85000,103.2
EMP00301,Rowan,,Baker,Rowan Baker,Engineering Manager,DevOps & Infrastructure,Engineering & Technology,EMP00008,2025-10-06,rowan.baker@theguild.com,1989-07-04,Non-Binary,Active,Minneapolis,MN,55401,2026-01-01,127264,Salary,Exempt,Twice a Month,,M1,Annual Bonus,12726,EEID00301,Yes,139990,127264,,,,,,Marcus Webb,12726,12726,105,1,120000,132500,145000,157500,170000,87.8
EMP00302,Sarah,,Moore,Sarah Moore,Senior Operations Analyst,Business Operations,Operations,EMP00056,2019-03-21,sarah.moore@theguild.com,1981-06-15,,Active,Raleigh,NC,27601,2026-01-01,122345,Salary,Exempt,Twice a Month,,P3,Annual Bonus,12234,EEID00302,No,134579,122345,,,,,,Marcus Webb,12234,12234,184,3,105000,116250,127500,138750,150000,96.0
EMP00303,Skyler,,Nelson,Skyler Nelson,Junior Software Engineer,IT,Engineering & Technology,EMP00289,2025-03-07,skyler.nelson@theguild.com,1975-01-15,Male,Active,Minneapolis,MN,55401,2026-01-01,57307,Salary,Non-Exempt,Bi-Weekly,,P1,No Bonus,0,EEID00303,No,57307,57307,,,,,,Jordan Kim,5730,5730,100,1,55000,62500,70000,77500,85000,81.9
EMP00304,Sam,,Martinez,Sam Martinez,HR Coordinator,Procurement,G&A,EMP00204,2023-05-29,sam.martinez@theguild.com,1980-06-08,Non-Binary,Active,Austin,TX,73301,2026-01-01,69288,Salary,Exempt,Twice a Month,,P1,No Bonus,0,EEID00304,No,69288,69288,,,,,,Priya Patel,6928,6928,166,1,55000,62500,70000,77500,85000,99.0
EMP00305,Will,,Sanchez,Will Sanchez,Senior Software Engineer,DevOps & Infrastructure,Engineering & Technology,EMP00060,2019-03-14,will.sanchez@theguild.com,1991-02-12,,Active,San Jose,CA,95101,2026-01-01,124002,Hourly,Exempt,Bi-Weekly,,P3,Annual Bonus,12400,EEID00305,No,136402,124002,,,,,,Emily Stone,12400,12400,102,3,105000,116250,127500,138750,150000,97.3
EMP00306,Kai,,Campbell,Kai Campbell,Design Manager,Product Design,Product,EMP00009,2021-10-21,kai.campbell@theguild.com,1977-07-07,Non-Binary,Active,Salt Lake City,UT,84101,2026-01-01,145478,Hourly,Exempt,Twice a Month,,M1,Annual Bonus,4364,EEID00306,Yes,149842,145478,,,,,,Emily Stone,14547,14547,113,1,120000,132500,145000,157500,170000,100.3
EMP00307,Nora,,Davis,Nora Davis,Product Manager,Product Operations,Product,EMP00047,2025-04-11,nora.davis@theguild.com,1980-11-08,Male,Active,San Francisco,CA,94101,2026-01-01,82416,Hourly,Exempt,Bi-Weekly,,P2,No Bonus,0,EEID00307,No,82416,82416,,,,,,Marcus Webb,8241,8241,109,2,80000,90000,100000,110000,120000,82.4
EMP00308,Avery,,Cook,Avery Cook,Account Executive,Mid-Market Sales,Sales & Revenue,EMP00251,2025-08-10,avery.cook@theguild.com,1993-01-12,Non-Binary,Active,Boise,ID,83701,2026-01-01,87482,Salary,Exempt,Bi-Weekly,,P2,Commission,17496,EEID00308,No,104978,87482,,,,,,Emily Stone,8748,8748,143,2,80000,90000,100000,110000,120000,87.5
EMP00309,Bryn,,Wright,Bryn Wright,Product Manager,UX Research,Product,EMP00012,2022-12-02,bryn.wright@theguild.com,1985-12-05,Male,Active,New York,NY,10001,2026-01-01,101987,Hourly,Exempt,Bi-Weekly,,P2,Commission,10198,EEID00309,No,112185,101987,,,,,,Marcus Webb,10198,10198,109,2,80000,90000,100000,110000,120000,102.0
EMP00310,David,,Edwards,David Edwards,Operations Analyst,Program Management,Operations,EMP00008,2019-06-04,david.edwards@theguild.com,1984-03-31,Female,Active,Austin,TX,73301,2026-01-01,85290,Salary,Non-Exempt,Twice a Month,,P2,No Bonus,0,EEID00310,No,85290,85290,,,,,,Priya Patel,8529,8529,183,2,80000,90000,100000,110000,120000,85.3
EMP00311,Wren,,Lewis,Wren Lewis,Marketing Coordinator,Product Marketing,Marketing,EMP00013,2020-02-26,wren.lewis@theguild.com,1980-04-09,Male,Active,Salt Lake City,UT,84101,2026-01-01,75055,Salary,Non-Exempt,Monthly,,P1,Commission,7505,EEID00311,No,82560,75055,,,,,,Priya Patel,7505,7505,134,1,55000,62500,70000,77500,85000,107.2
EMP00312,June,,Allen,June Allen,Product Manager,Product Operations,Product,EMP00023,2018-06-26,june.allen@theguild.com,1977-06-04,Non-Binary,Active,Raleigh,NC,27601,2026-01-01,92695,Hourly,Exempt,Bi-Weekly,,P2,No Bonus,0,EEID00312,No,92695,92695,,,,,,Priya Patel,9269,9269,109,2,80000,90000,100000,110000,120000,92.7
EMP00314,Luna,,Gonzalez,Luna Gonzalez,HR Coordinator,Procurement,G&A,EMP00112,2023-06-08,luna.gonzalez@theguild.com,1977-06-09,,Active,Denver,CO,80201,2026-01-01,58213,Hourly,Exempt,Monthly,,P1,Commission,17463,EEID00314,No,75676,58213,,,,,,Marcus Webb,5821,5821,158,1,55000,62500,70000,77500,85000,83.2
EMP00317,Miles,,Campbell,Miles Campbell,Operations Manager,Corporate Strategy,Operations,EMP00008,2023-08-28,miles.campbell@theguild.com,1976-07-04,,Active,San Jose,CA,95101,2026-01-01,172598,Salary,Exempt,Twice a Month,,P4,No Bonus,0,EEID00317,No,172598,172598,,,,,,Jordan Kim,17259,17259,127,4,135000,147500,160000,172500,185000,107.9
EMP00318,Ivy,,Collins,Ivy Collins,Operations Analyst,Business Operations,Operations,EMP00088,2021-06-02,ivy.collins@theguild.com,1982-04-04,,Active,Salt Lake City,UT,84101,2026-01-01,106648,Salary,Exempt,Monthly,,P2,Commission,31994,EEID00318,No,138642,106648,,,,,,Emily Stone,10664,10664,125,2,80000,90000,100000,110000,120000,106.6
EMP00319,Ezra,,Robinson,Ezra Robinson,Operations Manager,Corporate Strategy,Operations,EMP00246,2021-09-25,ezra.robinson@theguild.com,1998-10-25,Male,Active,San Francisco,CA,94101,2026-01-01,176078,Salary,Exempt,Twice a Month,,P4,No Bonus,0,EEID00319,No,176078,176078,,,,,,Priya Patel,17607,17607,185,4,135000,147500,160000,172500,185000,110.0
EMP00321,Amanda,,Perez,Amanda Perez,Product Manager,Product Management,Product,EMP00135,2023-01-28,amanda.perez@theguild.com,1996-10-23,Male,Active,Phoenix,AZ,85001,2026-01-01,103115,Salary,Exempt,Monthly,,P2,Annual Bonus,8249,EEID00321,No,111364,103115,,,,,,Jordan Kim,10311,10311,117,2,80000,90000,100000,110000,120000,103.1
EMP00322,Reid,,Mitchell,Reid Mitchell,Operations Manager,Program Management,Operations,EMP00246,2019-11-06,reid.mitchell@theguild.com,1987-05-19,Male,Active,Dallas,TX,75201,2026-01-01,147343,Salary,Exempt,Bi-Weekly,,P4,Annual Bonus,4420,EEID00322,No,151763,147343,,,,,,Marcus Webb,14734,14734,127,4,135000,147500,160000,172500,185000,92.1
EMP00325,Ben,,Robinson,Ben Robinson,Senior Product Manager,Product Design,Product,EMP00047,2022-12-11,ben.robinson@theguild.com,1986-09-06,Non-Binary,Active,Seattle,WA,98101,2026-01-01,148670,Salary,Exempt,Bi-Weekly,,P3,Commission,14867,EEID00325,No,163537,148670,,,,,,Marcus Webb,14867,14867,110,3,105000,116250,127500,138750,150000,116.6
EMP00327,Stephanie,,Smith,Stephanie Smith,Senior HR Business Partner,Procurement,G&A,EMP00047,2023-05-16,stephanie.smith@theguild.com,1976-10-18,Female,Active,Minneapolis,MN,55401,2026-01-01,142599,Salary,Exempt,Monthly,,P3,No Bonus,0,EEID00327,No,142599,142599,,,,,,Emily Stone,14259,14259,168,3,105000,116250,127500,138750,150000,111.8
EMP00328,Aria,,Johnson,Aria Johnson,Marketing Coordinator,Product Marketing,Marketing,EMP00060,2022-12-30,aria.johnson@theguild.com,1978-12-02,,Active,Chicago,IL,60601,2026-01-01,74927,Salary,Exempt,Monthly,,P1,Annual Bonus,11239,EEID00328,No,86166,74927,,,,,,Marcus Webb,7492,7492,134,1,55000,62500,70000,77500,85000,107.0
EMP00329,Cole,,Lee,Cole Lee,Customer Success Associate,Solutions Engineering,Customer Success,EMP00215,2022-12-31,cole.lee@theguild.com,2000-03-01,Male,Active,Atlanta,GA,30301,2026-01-01,59847,Salary,Non-Exempt,Bi-Weekly,,P1,Annual Bonus,4787,EEID00329,No,64633,59847,,,,,,Marcus Webb,5984,5984,150,1,55000,62500,70000,77500,85000,85.5
EMP00330,Kai,,Campbell,Kai Campbell,Associate Director of Marketing,Corporate Communications,Marketing,EMP00306,2018-09-28,kai.campbell@theguild.com,1991-11-09,Male,Active,Denver,CO,80201,2026-01-01,173481,Salary,Exempt,Twice a Month,,P4,Commission,34696,EEID00330,No,208177,173481,,,,,,Emily Stone,17348,17348,137,4,135000,147500,160000,172500,185000,108.4
EMP00331,Owen,,Baker,Owen Baker,Enterprise Account Executive,Channel & Partnerships,Sales & Revenue,EMP00193,2023-07-17,owen.baker@theguild.com,2000-02-02,,Active,Raleigh,NC,27601,2026-01-01,147190,Salary,Exempt,Bi-Weekly,,P4,Commission,29438,EEID00331,No,176628,147190,,,,,,Marcus Webb,14719,14719,145,4,135000,147500,160000,172500,185000,92.0
EMP00332,Taylor,,Edwards,Taylor Edwards,Staff Software Engineer,Quality Assurance,Engineering & Technology,EMP00056,2018-10-01,taylor.edwards@theguild.com,1991-03-25,,Active,Chicago,IL,60601,2026-01-01,162338,Salary,Exempt,Monthly,,P4,Annual Bonus,16233,EEID00332,No,178571,162338,,,,,,Jordan Kim,16233,16233,193,4,135000,147500,160000,172500,185000,101.5
EMP00333,Hannah,,Baker,Hannah Baker,HR Coordinator,Compliance,G&A,EMP00134,2019-07-09,hannah.baker@theguild.com,1991-01-12,Female,Active,San Jose,CA,95101,2026-01-01,82698,Salary,Non-Exempt,Twice a Month,,P1,No Bonus,0,EEID00333,No,82698,82698,,,,,,Emily Stone,8269,8269,158,1,55000,62500,70000,77500,85000,118.1
EMP00334,Sam,,White,Sam White,Senior Marketing Manager,Events & Community,Marketing,EMP00011,2021-01-16,sam.white@theguild.com,1991-04-06,Male,Active,Boise,ID,83701,2026-01-01,200229,Salary,Exempt,Bi-Weekly,,M2,Annual Bonus,16018,EEID00334,Yes,216247,200229,,,,,,Priya Patel,20022,20022,140,2,150000,165000,180000,195000,210000,111.2
EMP00335,Matt,,Smith,Matt Smith,Staff Product Manager,UX Research,Product,EMP00014,2025-09-25,matt.smith@theguild.com,1998-07-31,Male,Active,Boulder,CO,80301,2026-01-01,145684,Salary,Exempt,Bi-Weekly,,P4,Commission,43705,EEID00335,No,189388,145684,,,,,,Jordan Kim,14568,14568,119,4,135000,147500,160000,172500,185000,91.1
EMP00336,Ezra,,Rogers,Ezra Rogers,Junior Software Engineer,DevOps & Infrastructure,Engineering & Technology,EMP00185,2020-06-29,ezra.rogers@theguild.com,1980-10-09,Female,Active,Minneapolis,MN,55401,2026-01-01,65209,Salary,Exempt,Bi-Weekly,,P1,Annual Bonus,1956,EEID00336,No,67165,65209,,,,,,Marcus Webb,6520,6520,100,1,55000,62500,70000,77500,85000,93.2
EMP00337,Aria,,Rodriguez,Aria Rodriguez,Staff Product Manager,Product Design,Product,EMP00250,2024-08-26,aria.rodriguez@theguild.com,1977-08-29,,Active,San Jose,CA,95101,2026-01-01,136232,Salary,Exempt,Monthly,,P4,Annual Bonus,20434,EEID00337,No,156666,136232,,,,,,Emily Stone,13623,13623,111,4,135000,147500,160000,172500,185000,85.1
EMP00338,Jake,,Williams,Jake Williams,Junior Software Engineer,Data Engineering,Engineering & Technology,EMP00060,2021-02-10,jake.williams@theguild.com,1990-08-08,Non-Binary,Active,Atlanta,GA,30301,2026-01-01,74254,Salary,Exempt,Bi-Weekly,,P1,No Bonus,0,EEID00338,No,74254,74254,,,,,,Marcus Webb,7425,7425,190,1,55000,62500,70000,77500,85000,106.1
EMP00339,Finn,,Evans,Finn Evans,Finance Associate,Talent Acquisition,G&A,EMP00008,2019-02-09,finn.evans@theguild.com,1984-08-07,,Active,Denver,CO,80201,2026-01-01,80009,Salary,Exempt,Monthly,,P1,No Bonus,0,EEID00339,No,80009,80009,,,,,,Priya Patel,8000,8000,174,1,55000,62500,70000,77500,85000,114.3
EMP00340,Peyton,,Lopez,Peyton Lopez,Senior Marketing Manager,Brand Marketing,Marketing,EMP00257,2023-10-30,peyton.lopez@theguild.com,1981-02-04,,Active,Seattle,WA,98101,2026-01-01,119042,Salary,Exempt,Monthly,,P3,Commission,11904,EEID00340,No,130945,119042,,,,,,Priya Patel,11904,11904,136,3,105000,116250,127500,138750,150000,93.4
EMP00341,Ben,,Scott,Ben Scott,Senior Finance Manager,Finance,G&A,EMP00013,2021-04-05,ben.scott@theguild.com,1994-03-13,Female,Active,Salt Lake City,UT,84101,2026-01-01,168586,Hourly,Exempt,Bi-Weekly,,M2,Commission,33717,EEID00341,Yes,202303,168586,,,,,,Emily Stone,16858,16858,180,2,150000,165000,180000,195000,210000,93.7
EMP00342,Leo,,Mitchell,Leo Mitchell,Senior Sales Manager,SMB Sales,Sales & Revenue,EMP00010,2025-10-17,leo.mitchell@theguild.com,1979-07-25,Female,Active,Austin,TX,73301,2026-01-01,178708,Salary,Exempt,Bi-Weekly,,M2,Commission,35741,EEID00342,Yes,214449,178708,,,,,,Emily Stone,17870,17870,148,2,150000,165000,180000,195000,210000,99.3
EMP00343,Ethan,,Gonzalez,Ethan Gonzalez,Enterprise Account Executive,Sales Development,Sales & Revenue,EMP00251,2025-06-23,ethan.gonzalez@theguild.com,1993-02-21,,Active,Provo,UT,84601,2026-01-01,162833,Salary,Exempt,Twice a Month,,P4,Annual Bonus,16283,EEID00343,No,179116,162833,,,,,,Priya Patel,16283,16283,145,4,135000,147500,160000,172500,185000,101.8
EMP00344,Matt,,Evans,Matt Evans,Senior Marketing Manager,Brand Marketing,Marketing,EMP00011,2018-04-20,matt.evans@theguild.com,1983-01-13,,Active,San Jose,CA,95101,2026-01-01,191180,Salary,Exempt,Twice a Month,,M2,No Bonus,0,EEID00344,Yes,191180,191180,,,,,,Priya Patel,19118,19118,140,2,150000,165000,180000,195000,210000,106.2
EMP00345,Stephanie,,Martin,Stephanie Martin,CS Manager,Solutions Engineering,Customer Success,EMP00012,2018-03-14,stephanie.martin@theguild.com,1976-06-01,,Active,Raleigh,NC,27601,2026-01-01,133233,Salary,Exempt,Bi-Weekly,,M1,Commission,39969,EEID00345,Yes,173202,133233,,,,,,Emily Stone,13323,13323,155,1,120000,132500,145000,157500,170000,91.9
EMP00346,Zoe,,Lewis,Zoe Lewis,Sales Development Representative,Channel & Partnerships,Sales & Revenue,EMP00344,2022-05-13,zoe.lewis@theguild.com,1996-11-12,Male,Active,Salt Lake City,UT,84101,2026-01-01,73240,Salary,Non-Exempt,Twice a Month,,P1,Annual Bonus,5859,EEID00346,No,79099,73240,,,,,,Jordan Kim,7324,7324,142,1,55000,62500,70000,77500,85000,104.6
EMP00347,Jade,,Mitchell,Jade Mitchell,Customer Success Manager,Solutions Engineering,Customer Success,EMP00251,2024-08-15,jade.mitchell@theguild.com,1977-01-09,Female,Active,Dallas,TX,75201,2026-01-01,97261,Salary,Non-Exempt,Bi-Weekly,,P2,Annual Bonus,2917,EEID00347,No,100177,97261,,,,,,Priya Patel,9726,9726,151,2,80000,90000,100000,110000,120000,97.3
EMP00349,Peyton,,Garcia,Peyton Garcia,HR Coordinator,Legal,G&A,EMP00271,2024-08-05,peyton.garcia@theguild.com,1975-12-31,Non-Binary,Active,Minneapolis,MN,55401,2026-01-01,55645,Hourly,Non-Exempt,Bi-Weekly,,P1,Annual Bonus,5564,EEID00349,No,61209,55645,,,,,,Jordan Kim,5564,5564,158,1,55000,62500,70000,77500,85000,79.5
EMP00350,Bryn,,Harris,Bryn Harris,Sales Development Representative,Mid-Market Sales,Sales & Revenue,EMP00257,2023-07-29,bryn.harris@theguild.com,1978-05-19,Female,Active,Los Angeles,CA,90001,2026-01-01,71276,Salary,Non-Exempt,Bi-Weekly,,P1,Commission,7127,EEID00350,No,78403,71276,,,,,,Priya Patel,7127,7127,142,1,55000,62500,70000,77500,85000,101.8
EMP00351,Hannah,,Brown,Hannah Brown,Sales Development Representative,Channel & Partnerships,Sales & Revenue,EMP00012,2025-04-22,hannah.brown@theguild.com,1988-07-16,Non-Binary,Active,Boulder,CO,80301,2026-01-01,63957,Hourly,Non-Exempt,Bi-Weekly,,P1,Annual Bonus,1918,EEID00351,No,65875,63957,,,,,,Jordan Kim,6395,6395,142,1,55000,62500,70000,77500,85000,91.4
EMP00352,June,,Lee,June Lee,Staff Product Manager,Product Operations,Product,EMP00261,2023-03-30,june.lee@theguild.com,1987-01-07,,Active,Provo,UT,84601,2026-01-01,176146,Hourly,Exempt,Bi-Weekly,,P4,No Bonus,0,EEID00352,No,176146,176146,,,,,,Emily Stone,17614,17614,111,4,135000,147500,160000,172500,185000,110.1
EMP00353,Wren,,Gonzalez,Wren Gonzalez,Sales Manager,Account Management,Sales & Revenue,EMP00010,2025-03-31,wren.gonzalez@theguild.com,1982-03-16,Non-Binary,Active,Austin,TX,73301,2026-01-01,146886,Salary,Exempt,Twice a Month,,M1,Annual Bonus,11750,EEID00353,Yes,158636,146886,,,,,,Marcus Webb,14688,14688,147,1,120000,132500,145000,157500,170000,101.3
EMP00357,Cole,,Wright,Cole Wright,Enterprise Account Executive,Mid-Market Sales,Sales & Revenue,EMP00047,2024-10-17,cole.wright@theguild.com,1976-07-24,Male,Active,Atlanta,GA,30301,2026-01-01,153201,Salary,Exempt,Monthly,,P4,No Bonus,0,EEID00357,No,153201,153201,,,,,,Marcus Webb,15320,15320,145,4,135000,147500,160000,172500,185000,95.8
EMP00358,Jake,,Scott,Jake Scott,Senior Marketing Manager,Marketing Operations,Marketing,EMP00193,2021-05-03,jake.scott@theguild.com,1984-06-08,Female,Active,Dallas,TX,75201,2026-01-01,133993,Salary,Exempt,Bi-Weekly,,P3,Annual Bonus,6699,EEID00358,No,140692,133993,,,,,,Jordan Kim,13399,13399,136,3,105000,116250,127500,138750,150000,105.1
EMP00360,Luna,,Green,Luna Green,Finance Associate,Procurement,G&A,EMP00056,2021-06-05,luna.green@theguild.com,1989-01-27,Male,Active,New York,NY,10001,2026-01-01,76023,Salary,Non-Exempt,Bi-Weekly,,P1,No Bonus,0,EEID00360,No,76023,76023,,,,,,Emily Stone,7602,7602,174,1,55000,62500,70000,77500,85000,108.6
EMP00361,Ryan,,Thomas,Ryan Thomas,Customer Success Manager,Renewals,Customer Success,EMP00250,2018-12-12,ryan.thomas@theguild.com,1993-08-05,Non-Binary,Active,New York,NY,10001,2026-01-01,109588,Salary,Exempt,Bi-Weekly,,P2,Annual Bonus,5479,EEID00361,No,115067,109588,,,,,,Marcus Webb,10958,10958,151,2,80000,90000,100000,110000,120000,109.6
EMP00362,Liam,,Rivera,Liam Rivera,Marketing Manager,Product Marketing,Marketing,EMP00011,2024-09-25,liam.rivera@theguild.com,1986-09-02,Female,Active,Boston,MA,02101,2026-01-01,150305,Salary,Exempt,Twice a Month,,M1,Commission,30061,EEID00362,Yes,180366,150305,,,,,,Emily Stone,15030,15030,139,1,120000,132500,145000,157500,170000,103.7
EMP00363,Chloe,,Hernandez,Chloe Hernandez,Senior CS Manager,Customer Success Management,Customer Success,EMP00012,2023-07-18,chloe.hernandez@theguild.com,1992-02-20,Female,Active,Denver,CO,80201,2026-01-01,157766,Salary,Exempt,Bi-Weekly,,M2,No Bonus,0,EEID00363,Yes,157766,157766,,,,,,Jordan Kim,15776,15776,156,2,150000,165000,180000,195000,210000,87.6
EMP00364,Brian,,Green,Brian Green,Product Manager,UX Research,Product,EMP00047,2025-09-03,brian.green@theguild.com,1995-07-21,Male,Active,Portland,OR,97201,2026-01-01,106773,Salary,Non-Exempt,Bi-Weekly,,P2,Annual Bonus,16015,EEID00364,No,122788,106773,,,,,,Emily Stone,10677,10677,109,2,80000,90000,100000,110000,120000,106.8
EMP00365,Leo,,Rodriguez,Leo Rodriguez,Operations Manager,Data Analytics & Insights,Operations,EMP00215,2018-08-02,leo.rodriguez@theguild.com,1989-12-06,Female,Active,Portland,OR,97201,2026-01-01,181429,Salary,Exempt,Monthly,,P4,Commission,18142,EEID00365,No,199571,181429,,,,,,Jordan Kim,18142,18142,185,4,135000,147500,160000,172500,185000,113.4
EMP00366,Lily,,Green,Lily Green,Senior HR Manager,Finance,G&A,EMP00013,2023-08-26,lily.green@theguild.com,1997-02-08,Non-Binary,Active,Lehi,UT,84043,2026-01-01,193991,Salary,Exempt,Bi-Weekly,,M2,Annual Bonus,9699,EEID00366,Yes,203689,193991,,,,,,Jordan Kim,19399,19399,180,2,150000,165000,180000,195000,210000,107.8
EMP00367,Chris,,Garcia,Chris Garcia,Sales Manager,Channel & Partnerships,Sales & Revenue,EMP00010,2024-11-15,chris.garcia@theguild.com,1986-10-31,Non-Binary,Active,Portland,OR,97201,2026-01-01,128380,Salary,Exempt,Twice a Month,,M1,Annual Bonus,10270,EEID00367,Yes,138650,128380,,,,,,Jordan Kim,12838,12838,147,1,120000,132500,145000,157500,170000,88.5
EMP00368,Lauren,,Lee,Lauren Lee,HR Generalist,Compliance,G&A,EMP00047,2022-11-23,lauren.lee@theguild.com,1980-03-15,,Active,Boston,MA,02101,2026-01-01,92381,Salary,Non-Exempt,Bi-Weekly,,P2,Annual Bonus,9238,EEID00368,No,101619,92381,,,,,,Emily Stone,9238,9238,159,2,80000,90000,100000,110000,120000,92.4
EMP00369,Kai,,Thompson,Kai Thompson,Finance Associate,Compliance,G&A,EMP00013,2024-07-26,kai.thompson@theguild.com,1984-07-11,Male,Active,Salt Lake City,UT,84101,2026-01-01,66455,Salary,Exempt,Bi-Weekly,,P1,Commission,19936,EEID00369,No,86391,66455,,,,,,Marcus Webb,6645,6645,158,1,55000,62500,70000,77500,85000,94.9
EMP00372,Nora,,Taylor,Nora Taylor,Staff Product Manager,Product Design,Product,EMP00055,2023-07-04,nora.taylor@theguild.com,1994-05-24,Non-Binary,Active,Dallas,TX,75201,2026-01-01,148646,Salary,Exempt,Bi-Weekly,,P4,Annual Bonus,11891,EEID00372,No,160537,148646,,,,,,Marcus Webb,14864,14864,111,4,135000,147500,160000,172500,185000,92.9
EMP00373,Lily,,Carter,Lily Carter,Staff Software Engineer,AI & Machine Learning,Engineering & Technology,EMP00135,2020-02-03,lily.carter@theguild.com,1994-06-22,,Active,Phoenix,AZ,85001,2026-01-01,166223,Salary,Exempt,Twice a Month,,P4,Annual Bonus,24933,EEID00373,No,191156,166223,,,,,,Emily Stone,16622,16622,193,4,135000,147500,160000,172500,185000,103.9
EMP00374,Riley,,Allen,Riley Allen,Account Executive,Account Management,Sales & Revenue,EMP00246,2021-05-15,riley.allen@theguild.com,1986-02-25,,Active,Raleigh,NC,27601,2026-01-01,99051,Salary,Exempt,Bi-Weekly,,P2,No Bonus,0,EEID00374,No,99051,99051,,,,,,Priya Patel,9905,9905,143,2,80000,90000,100000,110000,120000,99.1
EMP00375,Blake,,Brown,Blake Brown,Customer Success Associate,Customer Success Management,Customer Success,EMP00246,2023-08-25,blake.brown@theguild.com,1975-09-24,Male,Active,Provo,UT,84601,2026-01-01,58096,Salary,Non-Exempt,Bi-Weekly,,P1,Commission,5809,EEID00375,No,63905,58096,,,,,,Jordan Kim,5809,5809,150,1,55000,62500,70000,77500,85000,83.0
EMP00376,Andrew,,Edwards,Andrew Edwards,Senior Ops Manager,Product Operations,Product,EMP00009,2020-01-29,andrew.edwards@theguild.com,1978-07-05,Non-Binary,Active,Minneapolis,MN,55401,2026-01-01,188483,Salary,Exempt,Bi-Weekly,,M2,Annual Bonus,9424,EEID00376,Yes,197907,188483,,,,,,Emily Stone,18848,18848,122,2,150000,165000,180000,195000,210000,104.7
EMP00377,Stella,,Wright,Stella Wright,Junior Software Engineer,Software Engineering,Engineering & Technology,EMP00246,2025-07-22,stella.wright@theguild.com,1992-09-19,Non-Binary,Active,Boise,ID,83701,2026-01-01,70634,Hourly,Non-Exempt,Bi-Weekly,,P1,No Bonus,0,EEID00377,No,70634,70634,,,,,,Emily Stone,7063,7063,204,1,55000,62500,70000,77500,85000,100.9
EMP00378,Chris,,Rodriguez,Chris Rodriguez,Engineering Manager,Security,Engineering & Technology,EMP00008,2023-03-14,chris.rodriguez@theguild.com,1981-08-24,,Active,Chicago,IL,60601,2026-01-01,133712,Hourly,Exempt,Bi-Weekly,,M1,Annual Bonus,10696,EEID00378,Yes,144408,133712,,,,,,Jordan Kim,13371,13371,105,1,120000,132500,145000,157500,170000,92.2
EMP00379,Morgan,,Davis,Morgan Davis,Staff Product Manager,Product Design,Product,EMP00245,2018-02-02,morgan.davis@theguild.com,1979-08-10,,Active,Denver,CO,80201,2026-01-01,136286,Salary,Exempt,Twice a Month,,P4,Annual Bonus,10902,EEID00379,No,147188,136286,,,,,,Jordan Kim,13628,13628,111,4,135000,147500,160000,172500,185000,85.2
EMP00380,Violet,,Campbell,Violet Campbell,Senior Customer Success Manager,Solutions Engineering,Customer Success,EMP00251,2018-09-06,violet.campbell@theguild.com,1998-09-12,Male,Active,Boise,ID,83701,2026-01-01,131193,Hourly,Exempt,Bi-Weekly,,P3,No Bonus,0,EEID00380,No,131193,131193,,,,,,Jordan Kim,13119,13119,152,3,105000,116250,127500,138750,150000,102.9
EMP00382,Kai,,Anderson,Kai Anderson,Senior Customer Success Manager,Customer Support,Customer Success,EMP00362,2020-04-28,kai.anderson@theguild.com,1987-09-02,Male,Active,Phoenix,AZ,85001,2026-01-01,124227,Salary,Exempt,Twice a Month,,P3,Annual Bonus,18634,EEID00382,No,142861,124227,,,,,,Jordan Kim,12422,12422,152,3,105000,116250,127500,138750,150000,97.4
EMP00383,Chris,,Lopez,Chris Lopez,Associate Product Manager,Product Design,Product,EMP00112,2019-12-17,chris.lopez@theguild.com,1997-08-01,Male,Active,San Jose,CA,95101,2026-01-01,64950,Salary,Non-Exempt,Bi-Weekly,,P1,Annual Bonus,3247,EEID00383,No,68197,64950,,,,,,Emily Stone,6495,6495,108,1,55000,62500,70000,77500,85000,92.8
EMP00384,Mia,,Ramirez,Mia Ramirez,Engineering Manager,Security,Engineering & Technology,EMP00008,2023-10-13,mia.ramirez@theguild.com,1979-09-03,Male,Active,San Jose,CA,95101,2026-01-01,142303,Salary,Exempt,Bi-Weekly,,M1,No Bonus,0,EEID00384,Yes,142303,142303,,,,,,Jordan Kim,14230,14230,195,1,120000,132500,145000,157500,170000,98.1
EMP00385,Ezra,,Morris,Ezra Morris,Operations Associate,Business Operations,Operations,EMP00341,2022-12-14,ezra.morris@theguild.com,1997-09-10,,Active,Denver,CO,80201,2026-01-01,60473,Salary,Exempt,Bi-Weekly,,P1,No Bonus,0,EEID00385,No,60473,60473,,,,,,Emily Stone,6047,6047,124,1,55000,62500,70000,77500,85000,86.4
EMP00386,Stephanie,,Nelson,Stephanie Nelson,Sales Development Representative,Revenue Operations,Sales & Revenue,EMP00367,2018-12-16,stephanie.nelson@theguild.com,1986-12-07,Non-Binary,Active,Chicago,IL,60601,2026-01-01,68623,Hourly,Non-Exempt,Bi-Weekly,,P1,Commission,6862,EEID00386,No,75485,68623,,,,,,Jordan Kim,6862,6862,142,1,55000,62500,70000,77500,85000,98.0
EMP00389,Dylan,,Smith,Dylan Smith,Operations Analyst,Data Analytics & Insights,Operations,EMP00271,2018-12-12,dylan.smith@theguild.com,1976-08-28,Non-Binary,Active,Boise,ID,83701,2026-01-01,93443,Hourly,Non-Exempt,Twice a Month,,P2,Annual Bonus,7475,EEID00389,No,100918,93443,,,,,,Jordan Kim,9344,9344,183,2,80000,90000,100000,110000,120000,93.4
EMP00391,Hannah,,Baker,Hannah Baker,CS Manager,Implementation & Onboarding,Customer Success,EMP00012,2021-03-11,hannah.baker@theguild.com,2000-09-10,Female,Active,Los Angeles,CA,90001,2026-01-01,157515,Salary,Exempt,Bi-Weekly,,M1,Annual Bonus,12601,EEID00391,Yes,170116,157515,,,,,,Jordan Kim,15751,15751,155,1,120000,132500,145000,157500,170000,108.6
EMP00392,Wren,,Campbell,Wren Campbell,Product Manager,Product Management,Product,EMP00047,2023-05-05,wren.campbell@theguild.com,1984-08-20,,Active,Phoenix,AZ,85001,2026-01-01,86421,Salary,Exempt,Monthly,,P2,Commission,8642,EEID00392,No,95063,86421,,,,,,Emily Stone,8642,8642,117,2,80000,90000,100000,110000,120000,86.4
EMP00395,Wren,,Martinez,Wren Martinez,Senior Software Engineer,AI & Machine Learning,Engineering & Technology,EMP00009,2020-06-02,wren.martinez@theguild.com,1983-03-19,,Active,New York,NY,10001,2026-01-01,136845,Hourly,Exempt,Monthly,,P3,Annual Bonus,10947,EEID00395,No,147792,136845,,,,,,Emily Stone,13684,13684,192,3,105000,116250,127500,138750,150000,107.3
EMP00397,Ella,,Garcia,Ella Garcia,Operations Manager,Program Management,Operations,EMP00162,2024-05-31,ella.garcia@theguild.com,1988-11-08,Male,Active,Minneapolis,MN,55401,2026-01-01,160912,Salary,Exempt,Monthly,,P4,Annual Bonus,4827,EEID00397,No,165739,160912,,,,,,Emily Stone,16091,16091,127,4,135000,147500,160000,172500,185000,100.6
EMP00399,Nora,,Hill,Nora Hill,Junior Software Engineer,IT,Engineering & Technology,EMP00208,2019-02-11,nora.hill@theguild.com,1999-04-21,Female,Active,Boulder,CO,80301,2026-01-01,60914,Salary,Non-Exempt,Bi-Weekly,,P1,Annual Bonus,1827,EEID00399,No,62741,60914,,,,,,Priya Patel,6091,6091,190,1,55000,62500,70000,77500,85000,87.0
EMP00400,Matt,,Lopez,Matt Lopez,Enterprise Account Executive,Mid-Market Sales,Sales & Revenue,EMP00157,2019-08-07,matt.lopez@theguild.com,1993-07-08,Non-Binary,Active,San Jose,CA,95101,2026-01-01,175270,Salary,Exempt,Twice a Month,,P4,Annual Bonus,14021,EEID00400,No,189290,175270,,,,,,Priya Patel,17527,17527,145,4,135000,147500,160000,172500,185000,109.5
EMP00402,Samantha,,Rogers,Samantha Rogers,Junior Software Engineer,Data Engineering,Engineering & Technology,EMP00289,2020-10-01,samantha.rogers@theguild.com,1999-02-10,,Active,Austin,TX,73301,2026-01-01,64981,Salary,Exempt,Bi-Weekly,,P1,Commission,6498,EEID00402,No,71479,64981,,,,,,Jordan Kim,6498,6498,190,1,55000,62500,70000,77500,85000,92.8
EMP00403,Riley,,Smith,Riley Smith,Senior Operations Analyst,FP&A,Operations,EMP00250,2020-05-21,riley.smith@theguild.com,1997-11-22,Non-Binary,Active,Portland,OR,97201,2026-01-01,108943,Hourly,Exempt,Bi-Weekly,,P3,No Bonus,0,EEID00403,No,108943,108943,,,,,,Emily Stone,10894,10894,126,3,105000,116250,127500,138750,150000,85.4
EMP00404,Ryan,,Campbell,Ryan Campbell,CS Manager,Solutions Engineering,Customer Success,EMP00012,2021-07-27,ryan.campbell@theguild.com,1990-05-15,Non-Binary,Active,Portland,OR,97201,2026-01-01,129152,Hourly,Exempt,Bi-Weekly,,M1,Commission,38745,EEID00404,Yes,167897,129152,,,,,,Jordan Kim,12915,12915,155,1,120000,132500,145000,157500,170000,89.1
EMP00405,Sam,,Thomas,Sam Thomas,HRBP Lead,Procurement,G&A,EMP00024,2022-08-20,sam.thomas@theguild.com,1999-12-07,,Active,San Francisco,CA,94101,2026-01-01,180340,Hourly,Exempt,Monthly,,P4,Annual Bonus,9017,EEID00405,No,189357,180340,,,,,,Jordan Kim,18034,18034,161,4,135000,147500,160000,172500,185000,112.7
EMP00406,Reid,,Garcia,Reid Garcia,Operations Manager,Business Operations,Operations,EMP00384,2022-02-26,reid.garcia@theguild.com,1983-08-28,,Active,Dallas,TX,75201,2026-01-01,159666,Salary,Exempt,Monthly,,P4,Annual Bonus,15966,EEID00406,No,175632,159666,,,,,,Emily Stone,15966,15966,185,4,135000,147500,160000,172500,185000,99.8
EMP00407,Jason,,Campbell,Jason Campbell,Senior Software Engineer,Data Engineering,Engineering & Technology,EMP00341,2021-02-23,jason.campbell@theguild.com,1997-02-08,Female,Active,Chicago,IL,60601,2026-01-01,145202,Salary,Exempt,Twice a Month,,P3,Annual Bonus,4356,EEID00407,No,149557,145202,,,,,,Emily Stone,14520,14520,192,3,105000,116250,127500,138750,150000,113.9
EMP00408,Megan,,Stewart,Megan Stewart,Senior HR Manager,Payroll,G&A,EMP00013,2018-09-24,megan.stewart@theguild.com,1980-09-18,Non-Binary,Active,Provo,UT,84601,2026-01-01,186161,Salary,Exempt,Monthly,,M2,Commission,18616,EEID00408,Yes,204777,186161,,,,,,Marcus Webb,18616,18616,164,2,150000,165000,180000,195000,210000,103.4
EMP00409,Wren,,Phillips,Wren Phillips,Operations Associate,Data Analytics & Insights,Operations,EMP00215,2025-08-17,wren.phillips@theguild.com,1998-04-01,,Active,San Jose,CA,95101,2026-01-01,55064,Salary,Non-Exempt,Twice a Month,,P1,Annual Bonus,1651,EEID00409,No,56715,55064,,,,,,Jordan Kim,5506,5506,182,1,55000,62500,70000,77500,85000,78.7
EMP00410,Ethan,,King,Ethan King,Operations Analyst,Business Operations,Operations,EMP00271,2018-04-14,ethan.king@theguild.com,1985-02-13,,Active,San Francisco,CA,94101,2026-01-01,107529,Hourly,Exempt,Bi-Weekly,,P2,Annual Bonus,16129,EEID00410,No,123658,107529,,,,,,Emily Stone,10752,10752,183,2,80000,90000,100000,110000,120000,107.5
EMP00411,Kayla,,Gonzalez,Kayla Gonzalez,Associate Product Manager,UX Research,Product,EMP00378,2021-10-27,kayla.gonzalez@theguild.com,1977-06-10,Non-Binary,Active,Los Angeles,CA,90001,2026-01-01,69154,Salary,Exempt,Monthly,,P1,Commission,6915,EEID00411,No,76069,69154,,,,,,Marcus Webb,6915,6915,116,1,55000,62500,70000,77500,85000,98.8
EMP00413,Quinn,,Scott,Quinn Scott,Staff Software Engineer,Data Engineering,Engineering & Technology,EMP00408,2022-10-20,quinn.scott@theguild.com,1979-07-18,Non-Binary,Active,Boise,ID,83701,2026-01-01,150277,Salary,Exempt,Twice a Month,,P4,Commission,30055,EEID00413,No,180332,150277,,,,,,Emily Stone,15027,15027,193,4,135000,147500,160000,172500,185000,93.9
EMP00414,Ezra,,King,Ezra King,Sales Manager,Sales Development,Sales & Revenue,EMP00010,2024-12-18,ezra.king@theguild.com,1994-12-11,Female,Active,Portland,OR,97201,2026-01-01,157566,Salary,Exempt,Twice a Month,,M1,Commission,47269,EEID00414,Yes,204835,157566,,,,,,Marcus Webb,15756,15756,147,1,120000,132500,145000,157500,170000,108.7
EMP00415,Amanda,,Collins,Amanda Collins,Senior Engineering Manager,Software Engineering,Engineering & Technology,EMP00008,2021-11-05,amanda.collins@theguild.com,1988-01-21,Non-Binary,Active,New York,NY,10001,2026-01-01,188251,Salary,Exempt,Twice a Month,,M2,Annual Bonus,28237,EEID00415,Yes,216487,188251,,,,,,Emily Stone,18825,18825,196,2,150000,165000,180000,195000,210000,104.6
EMP00416,Wren,,Hill,Wren Hill,HR Manager,People & HR,G&A,EMP00013,2025-10-16,wren.hill@theguild.com,1995-12-19,Non-Binary,Active,Denver,CO,80201,2026-01-01,132806,Salary,Exempt,Bi-Weekly,,M1,Annual Bonus,13280,EEID00416,Yes,146086,132806,,,,,,Priya Patel,13280,13280,171,1,120000,132500,145000,157500,170000,91.6
EMP00417,Skyler,,Martin,Skyler Martin,Associate Director of Marketing,Events & Community,Marketing,EMP00416,2020-09-06,skyler.martin@theguild.com,1996-07-25,Non-Binary,Active,Chicago,IL,60601,2026-01-01,149378,Salary,Exempt,Twice a Month,,P4,Commission,14937,EEID00417,No,164315,149378,,,,,,Jordan Kim,14937,14937,137,4,135000,147500,160000,172500,185000,93.4
EMP00418,Brian,,Sanchez,Brian Sanchez,Associate Product Manager,Product Management,Product,EMP00023,2020-03-21,brian.sanchez@theguild.com,1987-09-29,Female,Active,Minneapolis,MN,55401,2026-01-01,73176,Salary,Non-Exempt,Monthly,,P1,Annual Bonus,3658,EEID00418,No,76834,73176,,,,,,Marcus Webb,7317,7317,116,1,55000,62500,70000,77500,85000,104.5
EMP00419,Hannah,,Phillips,Hannah Phillips,Product Manager,UX Research,Product,EMP00056,2019-03-31,hannah.phillips@theguild.com,1990-03-07,Female,Active,Seattle,WA,98101,2026-01-01,81408,Salary,Exempt,Twice a Month,,P2,No Bonus,0,EEID00419,No,81408,81408,,,,,,Priya Patel,8140,8140,109,2,80000,90000,100000,110000,120000,81.4
EMP00422,Aria,,White,Aria White,Senior Marketing Manager,Corporate Communications,Marketing,EMP00135,2023-01-26,aria.white@theguild.com,1985-07-07,,Active,Provo,UT,84601,2026-01-01,136048,Salary,Exempt,Bi-Weekly,,P3,Annual Bonus,6802,EEID00422,No,142850,136048,,,,,,Marcus Webb,13604,13604,136,3,105000,116250,127500,138750,150000,106.7
EMP00423,Aria,,Ramirez,Aria Ramirez,Senior Marketing Manager,Content Marketing,Marketing,EMP00366,2023-03-21,aria.ramirez@theguild.com,1997-12-23,Non-Binary,Active,Minneapolis,MN,55401,2026-01-01,113803,Salary,Exempt,Bi-Weekly,,P3,Commission,11380,EEID00423,No,125183,113803,,,,,,Jordan Kim,11380,11380,136,3,105000,116250,127500,138750,150000,89.3
EMP00424,Aurora,,Robinson,Aurora Robinson,Associate Director of Marketing,Sales Enablement,Marketing,EMP00009,2021-04-21,aurora.robinson@theguild.com,1997-07-04,Male,Active,Chicago,IL,60601,2026-01-01,160059,Salary,Exempt,Monthly,,P4,Annual Bonus,4801,EEID00424,No,164860,160059,,,,,,Priya Patel,16005,16005,137,4,135000,147500,160000,172500,185000,100.0
EMP00425,Samantha,,Miller,Samantha Miller,Software Engineer,DevOps & Infrastructure,Engineering & Technology,EMP00134,2021-02-28,samantha.miller@theguild.com,1990-07-20,,Active,Portland,OR,97201,2026-01-01,101577,Salary,Exempt,Bi-Weekly,,P2,Annual Bonus,8126,EEID00425,No,109703,101577,,,,,,Jordan Kim,10157,10157,101,2,80000,90000,100000,110000,120000,101.6
EMP00426,Ash,,Parker,Ash Parker,HR Generalist,Finance,G&A,EMP00362,2021-07-06,ash.parker@theguild.com,1983-06-05,,Active,Raleigh,NC,27601,2026-01-01,94871,Salary,Non-Exempt,Twice a Month,,P2,Annual Bonus,2846,EEID00426,No,97717,94871,,,,,,Jordan Kim,9487,9487,175,2,80000,90000,100000,110000,120000,94.9
EMP00427,Brian,,Lewis,Brian Lewis,Marketing Specialist,Demand Generation,Marketing,EMP00378,2022-07-11,brian.lewis@theguild.com,1999-02-12,Non-Binary,Active,Atlanta,GA,30301,2026-01-01,112754,Salary,Exempt,Twice a Month,,P2,Commission,33826,EEID00427,No,146579,112754,,,,,,Priya Patel,11275,11275,135,2,80000,90000,100000,110000,120000,112.8
EMP00430,Wren,,Smith,Wren Smith,Staff Product Manager,UX Research,Product,EMP00024,2020-04-22,wren.smith@theguild.com,1988-11-23,,Active,Raleigh,NC,27601,2026-01-01,142257,Salary,Exempt,Twice a Month,,P4,Annual Bonus,7112,EEID00430,No,149369,142257,,,,,,Jordan Kim,14225,14225,111,4,135000,147500,160000,172500,185000,88.9
EMP00431,Ryan,,Green,Ryan Green,CS Team Lead,Implementation & Onboarding,Customer Success,EMP00047,2023-02-28,ryan.green@theguild.com,1995-10-03,Male,Active,Dallas,TX,75201,2026-01-01,135487,Salary,Exempt,Bi-Weekly,,P4,Commission,27097,EEID00431,No,162584,135487,,,,,,Emily Stone,13548,13548,153,4,135000,147500,160000,172500,185000,84.7
EMP00432,Ben,,Nelson,Ben Nelson,Senior Marketing Manager,Events & Community,Marketing,EMP00112,2020-01-22,ben.nelson@theguild.com,2000-07-04,Male,Active,Boise,ID,83701,2026-01-01,132200,Hourly,Exempt,Twice a Month,,P3,Commission,39660,EEID00432,No,171860,132200,,,,,,Jordan Kim,13220,13220,136,3,105000,116250,127500,138750,150000,103.7
EMP00434,Lauren,,Taylor,Lauren Taylor,Associate Product Manager,Product Management,Product,EMP00363,2025-12-14,lauren.taylor@theguild.com,1981-02-14,Non-Binary,Active,Denver,CO,80201,2026-01-01,66260,Hourly,Exempt,Monthly,,P1,Annual Bonus,1987,EEID00434,No,68247,66260,,,,,,Jordan Kim,6626,6626,116,1,55000,62500,70000,77500,85000,94.7
EMP00435,Cole,,Robinson,Cole Robinson,Software Engineer,DevOps & Infrastructure,Engineering & Technology,EMP00384,2019-05-24,cole.robinson@theguild.com,1998-12-25,,Active,Boston,MA,02101,2026-01-01,110853,Salary,Exempt,Monthly,,P2,Annual Bonus,8868,EEID00435,No,119721,110853,,,,,,Marcus Webb,11085,11085,101,2,80000,90000,100000,110000,120000,110.9
EMP00436,Sarah,,Carter,Sarah Carter,Operations Analyst,Business Operations,Operations,EMP00088,2023-11-12,sarah.carter@theguild.com,1979-08-12,,Active,Lehi,UT,84043,2026-01-01,91661,Salary,Non-Exempt,Monthly,,P2,No Bonus,0,EEID00436,No,91661,91661,,,,,,Priya Patel,9166,9166,183,2,80000,90000,100000,110000,120000,91.7
EMP00437,Kai,,Brown,Kai Brown,Senior CS Manager,Customer Success Management,Customer Success,EMP00012,2021-10-12,kai.brown@theguild.com,1983-08-15,Male,Active,Austin,TX,73301,2026-01-01,174552,Salary,Exempt,Twice a Month,,M2,Annual Bonus,5236,EEID00437,Yes,179787,174552,,,,,,Marcus Webb,17455,17455,156,2,150000,165000,180000,195000,210000,97.0
EMP00438,David,,Collins,David Collins,Operations Associate,Corporate Strategy,Operations,EMP00157,2020-05-25,david.collins@theguild.com,1979-10-01,Non-Binary,Active,Denver,CO,80201,2026-01-01,81726,Salary,Non-Exempt,Twice a Month,,P1,Annual Bonus,4086,EEID00438,No,85812,81726,,,,,,Priya Patel,8172,8172,124,1,55000,62500,70000,77500,85000,116.8
EMP00439,Andrew,,Smith,Andrew Smith,Marketing Manager,Events & Community,Marketing,EMP00011,2022-08-11,andrew.smith@theguild.com,1988-07-11,,Active,Boise,ID,83701,2026-01-01,124326,Salary,Exempt,Monthly,,M1,Annual Bonus,6216,EEID00439,Yes,130542,124326,,,,,,Emily Stone,12432,12432,139,1,120000,132500,145000,157500,170000,85.7
EMP00441,Drew,,Rogers,Drew Rogers,Customer Success Manager,Professional Services,Customer Success,EMP00334,2018-11-22,drew.rogers@theguild.com,1977-09-08,Female,Active,Seattle,WA,98101,2026-01-01,81390,Salary,Exempt,Twice a Month,,P2,Annual Bonus,12208,EEID00441,No,93598,81390,,,,,,Priya Patel,8139,8139,151,2,80000,90000,100000,110000,120000,81.4
EMP00442,Violet,,Jackson,Violet Jackson,Associate Product Manager,Product Design,Product,EMP00414,2021-03-27,violet.jackson@theguild.com,1976-01-24,Female,Active,Portland,OR,97201,2026-01-01,79223,Salary,Exempt,Twice a Month,,P1,No Bonus,0,EEID00442,No,79223,79223,,,,,,Priya Patel,7922,7922,108,1,55000,62500,70000,77500,85000,113.2
EMP00443,Mia,,Thomas,Mia Thomas,Product Manager,Product Management,Product,EMP00157,2025-02-11,mia.thomas@theguild.com,1981-05-07,Female,Active,San Francisco,CA,94101,2026-01-01,114175,Salary,Non-Exempt,Monthly,,P2,Annual Bonus,3425,EEID00443,No,117600,114175,,,,,,Marcus Webb,11417,11417,117,2,80000,90000,100000,110000,120000,114.2
EMP00444,Emily,,Lopez,Emily Lopez,Customer Success Manager,Solutions Engineering,Customer Success,EMP00362,2020-10-16,emily.lopez@theguild.com,1988-08-06,Non-Binary,Active,Boston,MA,02101,2026-01-01,107934,Salary,Exempt,Twice a Month,,P2,Annual Bonus,16190,EEID00444,No,124124,107934,,,,,,Jordan Kim,10793,10793,151,2,80000,90000,100000,110000,120000,107.9
EMP00445,Megan,,Moore,Megan Moore,Senior Ops Manager,FP&A,Operations,EMP00014,2022-04-12,megan.moore@theguild.com,1994-03-04,Male,Active,Boulder,CO,80301,2026-01-01,160994,Hourly,Exempt,Bi-Weekly,,M2,Commission,16099,EEID00445,Yes,177093,160994,,,,,,Priya Patel,16099,16099,188,2,150000,165000,180000,195000,210000,89.4
EMP00446,Rowan,,Wright,Rowan Wright,Staff Product Manager,Product Design,Product,EMP00193,2020-03-12,rowan.wright@theguild.com,1981-12-10,Female,Active,Raleigh,NC,27601,2026-01-01,153561,Salary,Exempt,Bi-Weekly,,P4,Annual Bonus,15356,EEID00446,No,168917,153561,,,,,,Emily Stone,15356,15356,111,4,135000,147500,160000,172500,185000,96.0
EMP00447,Jordan,,Murphy,Jordan Murphy,CS Team Lead,Renewals,Customer Success,EMP00445,2024-08-06,jordan.murphy@theguild.com,1978-03-13,,Active,Dallas,TX,75201,2026-01-01,160863,Hourly,Exempt,Bi-Weekly,,P4,No Bonus,0,EEID00447,No,160863,160863,,,,,,Emily Stone,16086,16086,153,4,135000,147500,160000,172500,185000,100.5
EMP00448,Ashley,,Harris,Ashley Harris,CS Team Lead,Customer Support,Customer Success,EMP00355,2020-10-07,ashley.harris@theguild.com,1985-11-14,,Active,Atlanta,GA,30301,2026-01-01,168397,Salary,Exempt,Twice a Month,,P4,Commission,50519,EEID00448,No,218916,168397,,,,,,Emily Stone,16839,16839,153,4,135000,147500,160000,172500,185000,105.2
EMP00449,Ethan,,Baker,Ethan Baker,HR Generalist,Finance,G&A,EMP00134,2022-06-17,ethan.baker@theguild.com,1978-08-09,Female,Active,Provo,UT,84601,2026-01-01,89657,Salary,Exempt,Monthly,,P2,Annual Bonus,8965,EEID00449,No,98622,89657,,,,,,Jordan Kim,8965,8965,175,2,80000,90000,100000,110000,120000,89.7
EMP00451,Cole,,Smith,Cole Smith,Staff Software Engineer,DevOps & Infrastructure,Engineering & Technology,EMP00215,2020-01-16,cole.smith@theguild.com,1997-07-18,Male,Active,Atlanta,GA,30301,2026-01-01,183040,Salary,Exempt,Bi-Weekly,,P4,Annual Bonus,18304,EEID00451,No,201344,183040,,,,,,Jordan Kim,18304,18304,103,4,135000,147500,160000,172500,185000,114.4
EMP00452,Blake,,Stewart,Blake Stewart,Product Manager,Product Design,Product,EMP00245,2022-03-28,blake.stewart@theguild.com,1980-08-04,Non-Binary,Active,Boise,ID,83701,2026-01-01,106790,Salary,Exempt,Monthly,,P2,Annual Bonus,3203,EEID00452,No,109993,106790,,,,,,Emily Stone,10679,10679,109,2,80000,90000,100000,110000,120000,106.8
EMP00454,Leo,,Parker,Leo Parker,Senior Account Executive,Channel & Partnerships,Sales & Revenue,EMP00344,2018-01-13,leo.parker@theguild.com,1995-07-01,,Active,Boise,ID,83701,2026-01-01,128672,Salary,Exempt,Bi-Weekly,,P3,Annual Bonus,3860,EEID00454,No,132532,128672,,,,,,Marcus Webb,12867,12867,144,3,105000,116250,127500,138750,150000,100.9
EMP00455,Taylor,,Green,Taylor Green,Software Engineer,Architecture,Engineering & Technology,EMP00257,2022-01-15,taylor.green@theguild.com,1977-01-19,Non-Binary,Active,Denver,CO,80201,2026-01-01,111142,Salary,Non-Exempt,Monthly,,P2,No Bonus,0,EEID00455,No,111142,111142,,,,,,Jordan Kim,11114,11114,191,2,80000,90000,100000,110000,120000,111.1
EMP00456,Samantha,,Green,Samantha Green,Marketing Coordinator,Sales Enablement,Marketing,EMP00344,2019-08-10,samantha.green@theguild.com,1998-04-30,Male,Active,Seattle,WA,98101,2026-01-01,70601,Hourly,Non-Exempt,Bi-Weekly,,P1,No Bonus,0,EEID00456,No,70601,70601,,,,,,Marcus Webb,7060,7060,134,1,55000,62500,70000,77500,85000,100.9
EMP00457,Violet,,Edwards,Violet Edwards,Staff Software Engineer,Data Engineering,Engineering & Technology,EMP00250,2019-03-09,violet.edwards@theguild.com,1994-07-05,Male,Active,Chicago,IL,60601,2026-01-01,142581,Salary,Exempt,Bi-Weekly,,P4,Annual Bonus,4277,EEID00457,No,146858,142581,,,,,,Marcus Webb,14258,14258,193,4,135000,147500,160000,172500,185000,89.1
EMP00459,Noah,,Nelson,Noah Nelson,HR Generalist,Payroll,G&A,EMP00013,2022-04-07,noah.nelson@theguild.com,2000-11-17,Male,Active,Los Angeles,CA,90001,2026-01-01,99069,Salary,Exempt,Bi-Weekly,,P2,Annual Bonus,7925,EEID00459,No,106994,99069,,,,,,Priya Patel,9906,9906,159,2,80000,90000,100000,110000,120000,99.1
EMP00460,Quinn,,Hill,Quinn Hill,CS Team Lead,Customer Support,Customer Success,EMP00429,2024-01-14,quinn.hill@theguild.com,1995-08-30,Non-Binary,Active,Boulder,CO,80301,2026-01-01,179518,Salary,Exempt,Monthly,,P4,Commission,17951,EEID00460,No,197469,179518,,,,,,Marcus Webb,17951,17951,153,4,135000,147500,160000,172500,185000,112.2
EMP00461,Emma,,Morris,Emma Morris,Product Manager,Product Operations,Product,EMP00306,2020-06-02,emma.morris@theguild.com,1997-03-16,Non-Binary,Active,Boulder,CO,80301,2026-01-01,82250,Salary,Non-Exempt,Twice a Month,,P2,No Bonus,0,EEID00461,No,82250,82250,,,,,,Jordan Kim,8225,8225,109,2,80000,90000,100000,110000,120000,82.2
EMP00462,Quinn,,Collins,Quinn Collins,Account Executive,SMB Sales,Sales & Revenue,EMP00404,2021-10-14,quinn.collins@theguild.com,1993-12-13,,Active,Dallas,TX,75201,2026-01-01,91732,Salary,Exempt,Monthly,,P2,Commission,18346,EEID00462,No,110078,91732,,,,,,Priya Patel,9173,9173,143,2,80000,90000,100000,110000,120000,91.7
EMP00463,Liam,,Sanchez,Liam Sanchez,Senior Software Engineer,Architecture,Engineering & Technology,EMP00204,2019-11-02,liam.sanchez@theguild.com,2000-11-21,Female,Active,Los Angeles,CA,90001,2026-01-01,140914,Salary,Exempt,Bi-Weekly,,P3,Commission,42274,EEID00463,No,183187,140914,,,,,,Jordan Kim,14091,14091,206,3,105000,116250,127500,138750,150000,110.5
EMP00464,Ivy,,Jackson,Ivy Jackson,Product Manager,Product Design,Product,EMP00014,2021-12-27,ivy.jackson@theguild.com,1996-04-03,Female,Active,New York,NY,10001,2026-01-01,117727,Hourly,Non-Exempt,Bi-Weekly,,P2,Annual Bonus,3531,EEID00464,No,121258,117727,,,,,,Emily Stone,11772,11772,109,2,80000,90000,100000,110000,120000,117.7
EMP00465,Ashley,,Allen,Ashley Allen,HR Generalist,Procurement,G&A,EMP00023,2025-07-10,ashley.allen@theguild.com,1979-01-08,,Active,Raleigh,NC,27601,2026-01-01,82227,Salary,Exempt,Twice a Month,,P2,No Bonus,0,EEID00465,No,82227,82227,,,,,,Jordan Kim,8222,8222,159,2,80000,90000,100000,110000,120000,82.2
EMP00466,Olivia,,Baker,Olivia Baker,Finance Associate,Compliance,G&A,EMP00251,2024-08-25,olivia.baker@theguild.com,1983-02-15,,Active,Boulder,CO,80301,2026-01-01,58999,Salary,Exempt,Twice a Month,,P1,Annual Bonus,1769,EEID00466,No,60768,58999,,,,,,Jordan Kim,5899,5899,158,1,55000,62500,70000,77500,85000,84.3
EMP00467,Stella,,Martin,Stella Martin,CS Manager,Customer Support,Customer Success,EMP00012,2024-01-17,stella.martin@theguild.com,1980-07-26,Female,Active,Lehi,UT,84043,2026-01-01,165923,Hourly,Exempt,Monthly,,M1,Commission,49776,EEID00467,Yes,215699,165923,,,,,,Emily Stone,16592,16592,155,1,120000,132500,145000,157500,170000,114.4
EMP00468,Rachel,,Murphy,Rachel Murphy,CS Team Lead,Renewals,Customer Success,EMP00134,2019-05-26,rachel.murphy@theguild.com,1997-09-14,Non-Binary,Active,Boston,MA,02101,2026-01-01,137565,Salary,Exempt,Bi-Weekly,,P4,Annual Bonus,4126,EEID00468,No,141690,137565,,,,,,Priya Patel,13756,13756,153,4,135000,147500,160000,172500,185000,86.0
EMP00469,June,,Hernandez,June Hernandez,Marketing Coordinator,Demand Generation,Marketing,EMP00445,2018-07-03,june.hernandez@theguild.com,1985-08-20,Male,Active,Boulder,CO,80301,2026-01-01,59582,Salary,Exempt,Monthly,,P1,No Bonus,0,EEID00469,No,59582,59582,,,,,,Marcus Webb,5958,5958,134,1,55000,62500,70000,77500,85000,85.1
EMP00470,Matt,,Martin,Matt Martin,Operations Analyst,Corporate Strategy,Operations,EMP00404,2018-12-08,matt.martin@theguild.com,1986-05-27,,Active,Portland,OR,97201,2026-01-01,88420,Salary,Non-Exempt,Bi-Weekly,,P2,Commission,17684,EEID00470,No,106104,88420,,,,,,Marcus Webb,8842,8842,183,2,80000,90000,100000,110000,120000,88.4
EMP00471,Reid,,Wilson,Reid Wilson,Software Engineer,Data Engineering,Engineering & Technology,EMP00152,2019-05-26,reid.wilson@theguild.com,1998-11-03,Male,Active,Phoenix,AZ,85001,2026-01-01,107504,Hourly,Exempt,Bi-Weekly,,P2,Annual Bonus,8600,EEID00471,No,116103,107504,,,,,,Jordan Kim,10750,10750,191,2,80000,90000,100000,110000,120000,107.5
EMP00472,James,,Perez,James Perez,Senior HR Business Partner,Legal,G&A,EMP00282,2019-12-21,james.perez@theguild.com,1998-08-13,Non-Binary,Active,Dallas,TX,75201,2026-01-01,119795,Salary,Exempt,Twice a Month,,P3,Annual Bonus,3593,EEID00472,No,123388,119795,,,,,,Jordan Kim,11979,11979,160,3,105000,116250,127500,138750,150000,94.0
EMP00473,David,,King,David King,Sales Development Representative,Sales Operations,Sales & Revenue,EMP00367,2025-09-13,david.king@theguild.com,1998-01-14,Female,Active,Lehi,UT,84043,2026-01-01,65420,Hourly,Non-Exempt,Bi-Weekly,,P1,Annual Bonus,1962,EEID00473,No,67382,65420,,,,,,Marcus Webb,6542,6542,142,1,55000,62500,70000,77500,85000,93.5
EMP00474,Matt,,Harris,Matt Harris,Senior Customer Success Manager,Renewals,Customer Success,EMP00185,2023-11-03,matt.harris@theguild.com,1985-04-06,Non-Binary,Active,Atlanta,GA,30301,2026-01-01,135001,Hourly,Exempt,Bi-Weekly,,P3,Annual Bonus,13500,EEID00474,No,148501,135001,,,,,,Emily Stone,13500,13500,152,3,105000,116250,127500,138750,150000,105.9
EMP00475,Aria,,Clark,Aria Clark,Operations Associate,Data Analytics & Insights,Operations,EMP00162,2023-09-15,aria.clark@theguild.com,1981-02-13,,Active,Austin,TX,73301,2026-01-01,58068,Salary,Non-Exempt,Monthly,,P1,Commission,17420,EEID00475,No,75488,58068,,,,,,Jordan Kim,5806,5806,124,1,55000,62500,70000,77500,85000,83.0
EMP00476,Aria,,Mitchell,Aria Mitchell,Financial Analyst,Legal,G&A,EMP00353,2023-11-15,aria.mitchell@theguild.com,1985-02-04,Female,Active,Boulder,CO,80301,2026-01-01,107851,Salary,Non-Exempt,Bi-Weekly,,P2,No Bonus,0,EEID00476,No,107851,107851,,,,,,Emily Stone,10785,10785,175,2,80000,90000,100000,110000,120000,107.9
EMP00478,Alex,,Campbell,Alex Campbell,Senior Financial Analyst,Payroll,G&A,EMP00445,2019-03-15,alex.campbell@theguild.com,1975-03-26,Non-Binary,Active,San Francisco,CA,94101,2026-01-01,145484,Hourly,Exempt,Bi-Weekly,,P3,Annual Bonus,11638,EEID00478,No,157122,145484,,,,,,Marcus Webb,14548,14548,168,3,105000,116250,127500,138750,150000,114.1
EMP00480,Reid,,Collins,Reid Collins,Enterprise Account Executive,Mid-Market Sales,Sales & Revenue,EMP00408,2019-07-02,reid.collins@theguild.com,1992-09-12,,Active,Denver,CO,80201,2026-01-01,158182,Salary,Exempt,Bi-Weekly,,P4,Annual Bonus,4745,EEID00480,No,162927,158182,,,,,,Priya Patel,15818,15818,145,4,135000,147500,160000,172500,185000,98.9
EMP00481,Casey,,Hernandez,Casey Hernandez,Senior Financial Analyst,Talent Acquisition,G&A,EMP00467,2022-05-12,casey.hernandez@theguild.com,1980-11-23,Male,Active,New York,NY,10001,2026-01-01,137051,Salary,Exempt,Twice a Month,,P3,Commission,41115,EEID00481,No,178166,137051,,,,,,Emily Stone,13705,13705,168,3,105000,116250,127500,138750,150000,107.5
EMP00482,Morgan,,Rodriguez,Morgan Rodriguez,Product Manager,UX Research,Product,EMP00009,2024-12-04,morgan.rodriguez@theguild.com,1981-11-03,Female,Active,Salt Lake City,UT,84101,2026-01-01,108158,Salary,Non-Exempt,Monthly,,P2,Commission,10815,EEID00482,No,118972,108158,,,,,,Marcus Webb,10815,10815,117,2,80000,90000,100000,110000,120000,108.2
EMP00483,Olivia,,Evans,Olivia Evans,Software Engineer,Data Engineering,Engineering & Technology,EMP00088,2019-06-26,olivia.evans@theguild.com,1992-12-31,Male,Active,Boulder,CO,80301,2026-01-01,111057,Salary,Exempt,Bi-Weekly,,P2,Annual Bonus,3331,EEID00483,No,114388,111057,,,,,,Priya Patel,11105,11105,191,2,80000,90000,100000,110000,120000,111.1
EMP00484,Kevin,,Morgan,Kevin Morgan,Design Manager,Product Operations,Product,EMP00009,2018-09-09,kevin.morgan@theguild.com,1997-11-14,,Active,Chicago,IL,60601,2026-01-01,144926,Salary,Exempt,Bi-Weekly,,M1,Commission,28985,EEID00484,Yes,173911,144926,,,,,,Emily Stone,14492,14492,113,1,120000,132500,145000,157500,170000,99.9
EMP00485,Will,,Davis,Will Davis,Senior Account Executive,Revenue Operations,Sales & Revenue,EMP00014,2023-04-18,will.davis@theguild.com,1987-07-27,Male,Active,San Francisco,CA,94101,2026-01-01,125961,Salary,Exempt,Bi-Weekly,,P3,Annual Bonus,10076,EEID00485,No,136037,125961,,,,,,Jordan Kim,12596,12596,144,3,105000,116250,127500,138750,150000,98.8
EMP00486,Rachel,,Taylor,Rachel Taylor,Marketing Coordinator,Events & Community,Marketing,EMP00134,2022-04-23,rachel.taylor@theguild.com,1978-11-30,Male,Active,Atlanta,GA,30301,2026-01-01,77379,Salary,Exempt,Bi-Weekly,,P1,Annual Bonus,11606,EEID00486,No,88985,77379,,,,,,Marcus Webb,7737,7737,134,1,55000,62500,70000,77500,85000,110.5
EMP00487,Drew,,Davis,Drew Davis,Staff Software Engineer,Security,Engineering & Technology,EMP00345,2020-02-25,drew.davis@theguild.com,1993-10-04,Non-Binary,Active,Raleigh,NC,27601,2026-01-01,170820,Salary,Exempt,Bi-Weekly,,P4,Annual Bonus,8541,EEID00487,No,179361,170820,,,,,,Priya Patel,17082,17082,103,4,135000,147500,160000,172500,185000,106.8
EMP00488,Ethan,,Lewis,Ethan Lewis,HR Coordinator,Legal,G&A,EMP00484,2018-09-07,ethan.lewis@theguild.com,1983-07-14,,Active,Boston,MA,02101,2026-01-01,72162,Salary,Exempt,Bi-Weekly,,P1,Annual Bonus,10824,EEID00488,No,82986,72162,,,,,,Jordan Kim,7216,7216,166,1,55000,62500,70000,77500,85000,103.1
EMP00489,Reid,,Murphy,Reid Murphy,CS Team Lead,Customer Success Management,Customer Success,EMP00271,2018-02-06,reid.murphy@theguild.com,1998-01-01,,Active,San Francisco,CA,94101,2026-01-01,174794,Salary,Exempt,Bi-Weekly,,P4,Commission,52438,EEID00489,No,227232,174794,,,,,,Priya Patel,17479,17479,153,4,135000,147500,160000,172500,185000,109.2
EMP00490,Will,,Nguyen,Will Nguyen,Associate Product Manager,UX Research,Product,EMP00250,2020-05-10,will.nguyen@theguild.com,1998-12-24,Male,Active,New York,NY,10001,2026-01-01,56494,Salary,Exempt,Bi-Weekly,,P1,Annual Bonus,2824,EEID00490,No,59318,56494,,,,,,Emily Stone,5649,5649,108,1,55000,62500,70000,77500,85000,80.7
EMP00491,Dylan,,Baker,Dylan Baker,Senior Customer Success Manager,Implementation & Onboarding,Customer Success,EMP00301,2019-12-25,dylan.baker@theguild.com,1986-06-26,Male,Active,San Jose,CA,95101,2026-01-01,145074,Salary,Exempt,Bi-Weekly,,P3,Annual Bonus,11605,EEID00491,No,156679,145074,,,,,,Emily Stone,14507,14507,152,3,105000,116250,127500,138750,150000,113.8
EMP00492,Noah,,Nelson,Noah Nelson,Account Executive,Sales Development,Sales & Revenue,EMP00376,2023-07-25,noah.nelson@theguild.com,1983-02-21,,Active,Chicago,IL,60601,2026-01-01,93364,Hourly,Non-Exempt,Bi-Weekly,,P2,Commission,9336,EEID00492,No,102700,93364,,,,,,Marcus Webb,9336,9336,143,2,80000,90000,100000,110000,120000,93.4
EMP00494,Isla,,Rodriguez,Isla Rodriguez,HRBP Lead,Finance,G&A,EMP00009,2019-08-08,isla.rodriguez@theguild.com,1975-08-10,Male,Active,San Jose,CA,95101,2026-01-01,142211,Salary,Exempt,Bi-Weekly,,P4,Annual Bonus,11376,EEID00494,No,153587,142211,,,,,,Emily Stone,14221,14221,177,4,135000,147500,160000,172500,185000,88.9
EMP00495,June,,Campbell,June Campbell,Operations Associate,Data Analytics & Insights,Operations,EMP00414,2024-02-05,june.campbell@theguild.com,1986-12-31,Male,Active,Salt Lake City,UT,84101,2026-01-01,70742,Salary,Non-Exempt,Bi-Weekly,,P1,Annual Bonus,2122,EEID00495,No,72864,70742,,,,,,Emily Stone,7074,7074,124,1,55000,62500,70000,77500,85000,101.1
EMP00496,Riley,,Miller,Riley Miller,Senior CS Manager,Implementation & Onboarding,Customer Success,EMP00012,2020-07-14,riley.miller@theguild.com,1992-04-04,Male,Active,Phoenix,AZ,85001,2026-01-01,209779,Hourly,Exempt,Bi-Weekly,,M2,Annual Bonus,16782,EEID00496,Yes,226561,209779,,,,,,Jordan Kim,20977,20977,156,2,150000,165000,180000,195000,210000,116.5
EMP00497,Lauren,,Davis,Lauren Davis,Senior Product Manager,Product Management,Product,EMP00344,2023-12-13,lauren.davis@theguild.com,1990-01-08,Female,Active,Austin,TX,73301,2026-01-01,145350,Salary,Exempt,Bi-Weekly,,P3,Annual Bonus,14535,EEID00497,No,159885,145350,,,,,,Jordan Kim,14535,14535,118,3,105000,116250,127500,138750,150000,114.0
EMP00498,Stephanie,,Cook,Stephanie Cook,Senior HR Business Partner,Facilities & Admin,G&A,EMP00467,2021-08-04,stephanie.cook@theguild.com,1981-08-18,,Active,Portland,OR,97201,2026-01-01,122766,Salary,Exempt,Monthly,,P3,Annual Bonus,6138,EEID00498,No,128904,122766,,,,,,Jordan Kim,12276,12276,160,3,105000,116250,127500,138750,150000,96.3
EMP00499,Ivy,,Stewart,Ivy Stewart,Senior Software Engineer,DevOps & Infrastructure,Engineering & Technology,EMP00134,2023-05-26,ivy.stewart@theguild.com,1993-07-27,Non-Binary,Active,Dallas,TX,75201,2026-01-01,126171,Salary,Exempt,Bi-Weekly,,P3,Commission,25234,EEID00499,No,151405,126171,,,,,,Marcus Webb,12617,12617,102,3,105000,116250,127500,138750,150000,99.0
EMP00500,Kayla,,Harris,Kayla Harris,Associate Director of Marketing,Corporate Communications,Marketing,EMP00391,2020-04-12,kayla.harris@theguild.com,1975-10-09,Non-Binary,Active,Chicago,IL,60601,2026-01-01,140479,Salary,Exempt,Bi-Weekly,,P4,Annual Bonus,4214,EEID00500,No,144693,140479,,,,,,Jordan Kim,14047,14047,137,4,135000,147500,160000,172500,185000,87.8
EMP00501,Amanda,,Rogers,Amanda Rogers,Senior Software Engineer,Software Engineering,Engineering & Technology,EMP00151,2018-08-17,amanda.rogers@theguild.com,1981-03-07,Male,Active,Lehi,UT,84043,2026-01-01,135172,Hourly,Exempt,Bi-Weekly,,P3,Annual Bonus,6758,EEID00501,No,141930,135172,,,,,,Marcus Webb,13517,13517,192,3,105000,116250,127500,138750,150000,106.0
EMP00502,Noah,,Phillips,Noah Phillips,Junior Software Engineer,Platform Engineering,Engineering & Technology,EMP00157,2024-05-20,noah.phillips@theguild.com,1993-09-06,Female,Active,Atlanta,GA,30301,2026-01-01,82441,Salary,Exempt,Bi-Weekly,,P1,Annual Bonus,2473,EEID00502,No,84914,82441,,,,,,Marcus Webb,8244,8244,190,1,55000,62500,70000,77500,85000,117.8
EMP00503,Leo,,Campbell,Leo Campbell,Senior Product Manager,UX Research,Product,EMP00092,2022-10-02,leo.campbell@theguild.com,1995-05-19,Non-Binary,Active,San Jose,CA,95101,2026-01-01,123793,Salary,Exempt,Bi-Weekly,,P3,Annual Bonus,12379,EEID00503,No,136172,123793,,,,,,Priya Patel,12379,12379,110,3,105000,116250,127500,138750,150000,97.1
EMP00504,Samantha,,Ramirez,Samantha Ramirez,Staff Product Manager,UX Research,Product,EMP00023,2025-04-27,samantha.ramirez@theguild.com,1993-03-04,,Active,Boston,MA,02101,2026-01-01,161240,Salary,Exempt,Twice a Month,,P4,Commission,32248,EEID00504,No,193488,161240,,,,,,Marcus Webb,16124,16124,111,4,135000,147500,160000,172500,185000,100.8
EMP00505,Avery,,Collins,Avery Collins,Sales Development Representative,Channel & Partnerships,Sales & Revenue,EMP00344,2018-02-14,avery.collins@theguild.com,1988-11-12,Female,Active,Salt Lake City,UT,84101,2026-01-01,66885,Salary,Exempt,Monthly,,P1,Annual Bonus,10032,EEID00505,No,76917,66885,,,,,,Marcus Webb,6688,6688,142,1,55000,62500,70000,77500,85000,95.5
EMP00506,Casey,,Thomas,Casey Thomas,Sales Development Representative,Mid-Market Sales,Sales & Revenue,EMP00341,2020-03-09,casey.thomas@theguild.com,1989-02-08,,Active,Salt Lake City,UT,84101,2026-01-01,56574,Salary,Non-Exempt,Bi-Weekly,,P1,Commission,16972,EEID00506,No,73546,56574,,,,,,Priya Patel,5657,5657,142,1,55000,62500,70000,77500,85000,80.8
EMP00507,Chris,,Roberts,Chris Roberts,Finance Associate,Legal,G&A,EMP00366,2023-03-12,chris.roberts@theguild.com,1978-07-14,Male,Active,San Jose,CA,95101,2026-01-01,74240,Salary,Exempt,Bi-Weekly,,P1,No Bonus,0,EEID00507,No,74240,74240,,,,,,Marcus Webb,7424,7424,158,1,55000,62500,70000,77500,85000,106.1
EMP00508,Nicole,,Collins,Nicole Collins,HR Generalist,People & HR,G&A,EMP00345,2024-11-05,nicole.collins@theguild.com,1978-05-13,Female,Active,Boise,ID,83701,2026-01-01,88598,Hourly,Exempt,Twice a Month,,P2,Annual Bonus,4429,EEID00508,No,93027,88598,,,,,,Jordan Kim,8859,8859,167,2,80000,90000,100000,110000,120000,88.6
EMP00509,David,,Collins,David Collins,Senior Software Engineer,Quality Assurance,Engineering & Technology,EMP00416,2022-01-28,david.collins@theguild.com,1990-11-07,Male,Active,Salt Lake City,UT,84101,2026-01-01,111167,Salary,Exempt,Monthly,,P3,Annual Bonus,16675,EEID00509,No,127841,111167,,,,,,Emily Stone,11116,11116,206,3,105000,116250,127500,138750,150000,87.2
EMP00511,Ethan,,Allen,Ethan Allen,Senior Operations Analyst,Program Management,Operations,EMP00415,2024-04-16,ethan.allen@theguild.com,1975-05-11,Female,Active,San Jose,CA,95101,2026-01-01,138157,Salary,Exempt,Bi-Weekly,,P3,No Bonus,0,EEID00511,No,138157,138157,,,,,,Emily Stone,13815,13815,184,3,105000,116250,127500,138750,150000,108.4
EMP00512,Emma,,Harris,Emma Harris,Product Manager,Product Operations,Product,EMP00353,2022-06-14,emma.harris@theguild.com,1994-06-06,Female,Active,Lehi,UT,84043,2026-01-01,86127,Hourly,Exempt,Monthly,,P2,Annual Bonus,2583,EEID00512,No,88710,86127,,,,,,Jordan Kim,8612,8612,117,2,80000,90000,100000,110000,120000,86.1
EMP00513,Luke,,Jones,Luke Jones,Enterprise Account Executive,Revenue Operations,Sales & Revenue,EMP00282,2021-08-04,luke.jones@theguild.com,2000-06-27,Male,Active,Lehi,UT,84043,2026-01-01,142492,Salary,Exempt,Twice a Month,,P4,Annual Bonus,7124,EEID00513,No,149616,142492,,,,,,Jordan Kim,14249,14249,145,4,135000,147500,160000,172500,185000,89.1
EMP00515,Olivia,,Sanchez,Olivia Sanchez,Staff Software Engineer,Data Engineering,Engineering & Technology,EMP00261,2019-11-05,olivia.sanchez@theguild.com,1983-11-28,Non-Binary,Active,San Jose,CA,95101,2026-01-01,178885,Salary,Exempt,Twice a Month,,P4,Annual Bonus,14310,EEID00515,No,193195,178885,,,,,,Jordan Kim,17888,17888,193,4,135000,147500,160000,172500,185000,111.8
EMP00516,Ivy,,Walker,Ivy Walker,CS Team Lead,Renewals,Customer Success,EMP00204,2021-07-20,ivy.walker@theguild.com,1975-08-21,Female,Active,Provo,UT,84601,2026-01-01,135650,Salary,Exempt,Bi-Weekly,,P4,No Bonus,0,EEID00516,No,135650,135650,,,,,,Jordan Kim,13565,13565,153,4,135000,147500,160000,172500,185000,84.8
EMP00517,Matt,,Young,Matt Young,Senior Ops Manager,Data Analytics & Insights,Operations,EMP00014,2022-09-18,matt.young@theguild.com,1999-07-01,Female,Active,Provo,UT,84601,2026-01-01,179527,Salary,Exempt,Monthly,,M2,Annual Bonus,8976,EEID00517,Yes,188503,179527,,,,,,Jordan Kim,17952,17952,131,2,150000,165000,180000,195000,210000,99.7
EMP00519,Daniel,,Morgan,Daniel Morgan,Product Manager,Product Operations,Product,EMP00289,2025-04-14,daniel.morgan@theguild.com,1975-09-27,,Active,Phoenix,AZ,85001,2026-01-01,105006,Salary,Exempt,Monthly,,P2,Annual Bonus,3150,EEID00519,No,108156,105006,,,,,,Emily Stone,10500,10500,117,2,80000,90000,100000,110000,120000,105.0
EMP00520,Violet,,Campbell,Violet Campbell,Operations Associate,Program Management,Operations,EMP00301,2023-04-08,violet.campbell@theguild.com,1980-07-31,Non-Binary,Active,Denver,CO,80201,2026-01-01,76879,Salary,Non-Exempt,Twice a Month,,P1,Annual Bonus,3843,EEID00520,No,80722,76879,,,,,,Jordan Kim,7687,7687,124,1,55000,62500,70000,77500,85000,109.8
EMP00521,Owen,,Rogers,Owen Rogers,Senior Ops Manager,FP&A,Operations,EMP00014,2018-03-05,owen.rogers@theguild.com,1976-03-06,Female,Active,Phoenix,AZ,85001,2026-01-01,167538,Salary,Exempt,Monthly,,M2,Commission,16753,EEID00521,Yes,184290,167538,,,,,,Priya Patel,16753,16753,188,2,150000,165000,180000,195000,210000,93.1
EMP00522,Wren,,Stewart,Wren Stewart,Finance Manager,Procurement,G&A,EMP00193,2019-12-13,wren.stewart@theguild.com,1993-01-30,Non-Binary,Active,Dallas,TX,75201,2026-01-01,160648,Salary,Exempt,Twice a Month,,P4,Annual Bonus,16064,EEID00522,No,176712,160648,,,,,,Marcus Webb,16064,16064,177,4,135000,147500,160000,172500,185000,100.4
EMP00523,Stella,,Anderson,Stella Anderson,Staff Software Engineer,Quality Assurance,Engineering & Technology,EMP00208,2024-08-27,stella.anderson@theguild.com,1981-11-12,Male,Active,San Francisco,CA,94101,2026-01-01,156129,Hourly,Exempt,Monthly,,P4,No Bonus,0,EEID00523,No,156129,156129,,,,,,Emily Stone,15612,15612,103,4,135000,147500,160000,172500,185000,97.6
EMP00524,Bryn,,Harris,Bryn Harris,Senior Software Engineer,Quality Assurance,Engineering & Technology,EMP00245,2021-01-31,bryn.harris@theguild.com,1978-09-21,Female,Active,Lehi,UT,84043,2026-01-01,147763,Salary,Exempt,Twice a Month,,P3,Annual Bonus,4432,EEID00524,No,152195,147763,,,,,,Emily Stone,14776,14776,206,3,105000,116250,127500,138750,150000,115.9
EMP00526,Cole,,Baker,Cole Baker,Staff Software Engineer,Security,Engineering & Technology,EMP00185,2023-06-06,cole.baker@theguild.com,1999-07-07,Male,Active,Boston,MA,02101,2026-01-01,145558,Salary,Exempt,Monthly,,P4,Annual Bonus,11644,EEID00526,No,157202,145558,,,,,,Marcus Webb,14555,14555,193,4,135000,147500,160000,172500,185000,91.0
EMP00527,Wren,,Campbell,Wren Campbell,Sales Development Representative,Mid-Market Sales,Sales & Revenue,EMP00362,2025-10-03,wren.campbell@theguild.com,1980-09-04,Non-Binary,Active,Denver,CO,80201,2026-01-01,62087,Salary,Non-Exempt,Bi-Weekly,,P1,Annual Bonus,1862,EEID00527,No,63949,62087,,,,,,Priya Patel,6208,6208,142,1,55000,62500,70000,77500,85000,88.7
EMP00528,Ivy,,Gonzalez,Ivy Gonzalez,Senior Software Engineer,AI & Machine Learning,Engineering & Technology,EMP00408,2025-09-15,ivy.gonzalez@theguild.com,1987-08-11,,Active,Dallas,TX,75201,2026-01-01,137492,Salary,Exempt,Bi-Weekly,,P3,Annual Bonus,6874,EEID00528,No,144366,137492,,,,,,Emily Stone,13749,13749,206,3,105000,116250,127500,138750,150000,107.8
EMP00529,Ash,,Edwards,Ash Edwards,Operations Analyst,Program Management,Operations,EMP00404,2024-05-12,ash.edwards@theguild.com,1990-10-31,Non-Binary,Active,Portland,OR,97201,2026-01-01,109239,Salary,Exempt,Twice a Month,,P2,Commission,10923,EEID00529,No,120162,109239,,,,,,Emily Stone,10923,10923,183,2,80000,90000,100000,110000,120000,109.2
EMP00530,Aurora,,Hernandez,Aurora Hernandez,Staff Software Engineer,Architecture,Engineering & Technology,EMP00011,2018-10-25,aurora.hernandez@theguild.com,1984-08-26,Non-Binary,Active,Los Angeles,CA,90001,2026-01-01,161103,Hourly,Exempt,Bi-Weekly,,P4,Annual Bonus,8055,EEID00530,No,169158,161103,,,,,,Priya Patel,16110,16110,193,4,135000,147500,160000,172500,185000,100.7
EMP00532,Drew,,Rivera,Drew Rivera,Operations Manager,Business Operations,Operations,EMP00204,2019-05-04,drew.rivera@theguild.com,1980-07-26,,Active,Raleigh,NC,27601,2026-01-01,155979,Hourly,Exempt,Monthly,,P4,Annual Bonus,15597,EEID00532,No,171576,155979,,,,,,Marcus Webb,15597,15597,185,4,135000,147500,160000,172500,185000,97.5
EMP00534,Will,,Moore,Will Moore,Senior Account Executive,Revenue Operations,Sales & Revenue,EMP00306,2019-02-25,will.moore@theguild.com,1976-04-24,Female,Active,Minneapolis,MN,55401,2026-01-01,130777,Hourly,Exempt,Monthly,,P3,Annual Bonus,19616,EEID00534,No,150393,130777,,,,,,Emily Stone,13077,13077,144,3,105000,116250,127500,138750,150000,102.6
EMP00535,Jordan,,Rodriguez,Jordan Rodriguez,Staff Software Engineer,AI & Machine Learning,Engineering & Technology,EMP00193,2019-03-30,jordan.rodriguez@theguild.com,1977-02-25,Non-Binary,Active,Atlanta,GA,30301,2026-01-01,140768,Salary,Exempt,Monthly,,P4,Annual Bonus,4223,EEID00535,No,144991,140768,,,,,,Emily Stone,14076,14076,103,4,135000,147500,160000,172500,185000,88.0
EMP00536,Hannah,,Perez,Hannah Perez,Financial Analyst,Payroll,G&A,EMP00112,2020-09-12,hannah.perez@theguild.com,2000-12-03,,Active,New York,NY,10001,2026-01-01,110192,Hourly,Non-Exempt,Monthly,,P2,Commission,33057,EEID00536,No,143249,110192,,,,,,Jordan Kim,11019,11019,175,2,80000,90000,100000,110000,120000,110.2
EMP00537,Olivia,,Lee,Olivia Lee,Senior Operations Analyst,FP&A,Operations,EMP00251,2020-05-20,olivia.lee@theguild.com,1975-08-04,Female,Active,Denver,CO,80201,2026-01-01,128134,Salary,Exempt,Monthly,,P3,Commission,12813,EEID00537,No,140947,128134,,,,,,Jordan Kim,12813,12813,126,3,105000,116250,127500,138750,150000,100.5
EMP00538,Zoe,,Gonzalez,Zoe Gonzalez,Senior Marketing Manager,Brand Marketing,Marketing,EMP00152,2023-01-28,zoe.gonzalez@theguild.com,1998-01-12,Female,Active,Seattle,WA,98101,2026-01-01,147945,Salary,Exempt,Bi-Weekly,,P3,Annual Bonus,14794,EEID00538,No,162739,147945,,,,,,Jordan Kim,14794,14794,136,3,105000,116250,127500,138750,150000,116.0
EMP00539,Kevin,,Jones,Kevin Jones,Senior Account Executive,Channel & Partnerships,Sales & Revenue,EMP00088,2018-04-28,kevin.jones@theguild.com,1996-05-12,,Active,Chicago,IL,60601,2026-01-01,135209,Salary,Exempt,Twice a Month,,P3,Annual Bonus,10816,EEID00539,No,146025,135209,,,,,,Priya Patel,13520,13520,144,3,105000,116250,127500,138750,150000,106.0
EMP00540,Hannah,,Davis,Hannah Davis,Customer Success Manager,Customer Success Management,Customer Success,EMP00408,2025-04-10,hannah.davis@theguild.com,1992-02-28,,Active,San Jose,CA,95101,2026-01-01,112911,Hourly,Non-Exempt,Bi-Weekly,,P2,Annual Bonus,3387,EEID00540,No,116298,112911,,,,,,Marcus Webb,11291,11291,151,2,80000,90000,100000,110000,120000,112.9
EMP00541,Emma,,Gonzalez,Emma Gonzalez,Associate Director of Marketing,Content Marketing,Marketing,EMP00014,2024-06-14,emma.gonzalez@theguild.com,1986-12-10,Female,Active,Seattle,WA,98101,2026-01-01,179640,Salary,Exempt,Monthly,,P4,Annual Bonus,5389,EEID00541,No,185029,179640,,,,,,Emily Stone,17964,17964,137,4,135000,147500,160000,172500,185000,112.3
EMP00542,Reid,,Miller,Reid Miller,Enterprise Account Executive,Sales Development,Sales & Revenue,EMP00245,2021-11-24,reid.miller@theguild.com,1987-12-02,Non-Binary,Active,Portland,OR,97201,2026-01-01,141639,Hourly,Exempt,Bi-Weekly,,P4,Annual Bonus,7081,EEID00542,No,148720,141639,,,,,,Emily Stone,14163,14163,145,4,135000,147500,160000,172500,185000,88.5
EMP00543,David,,Lopez,David Lopez,Senior Customer Success Manager,Renewals,Customer Success,EMP00024,2022-10-19,david.lopez@theguild.com,1989-12-26,Male,Active,Los Angeles,CA,90001,2026-01-01,125651,Hourly,Exempt,Bi-Weekly,,P3,Annual Bonus,12565,EEID00543,No,138216,125651,,,,,,Marcus Webb,12565,12565,152,3,105000,116250,127500,138750,150000,98.5
EMP00544,Hannah,,Rivera,Hannah Rivera,Junior Software Engineer,Quality Assurance,Engineering & Technology,EMP00008,2025-08-17,hannah.rivera@theguild.com,1988-01-15,Female,Active,Chicago,IL,60601,2026-01-01,74108,Hourly,Exempt,Monthly,,P1,Annual Bonus,11116,EEID00544,No,85224,74108,,,,,,Marcus Webb,7410,7410,204,1,55000,62500,70000,77500,85000,105.9
EMP00545,Matt,,Evans,Matt Evans,Senior Software Engineer,DevOps & Infrastructure,Engineering & Technology,EMP00257,2021-05-18,matt.evans@theguild.com,1989-12-20,,Active,Portland,OR,97201,2026-01-01,127988,Salary,Exempt,Twice a Month,,P3,Annual Bonus,10239,EEID00545,No,138227,127988,,,,,,Emily Stone,12798,12798,102,3,105000,116250,127500,138750,150000,100.4
EMP00546,Sam,,Mitchell,Sam Mitchell,Customer Success Manager,Renewals,Customer Success,EMP00355,2019-01-01,sam.mitchell@theguild.com,1983-09-11,,Active,Chicago,IL,60601,2026-01-01,89282,Hourly,Non-Exempt,Bi-Weekly,,P2,No Bonus,0,EEID00546,No,89282,89282,,,,,,Emily Stone,8928,8928,151,2,80000,90000,100000,110000,120000,89.3
EMP00547,Olivia,,Rivera,Olivia Rivera,HR Generalist,Compliance,G&A,EMP00376,2025-11-14,olivia.rivera@theguild.com,1990-05-26,Male,Active,Portland,OR,97201,2026-01-01,101705,Salary,Exempt,Monthly,,P2,Commission,30511,EEID00547,No,132216,101705,,,,,,Jordan Kim,10170,10170,167,2,80000,90000,100000,110000,120000,101.7
EMP00548,Ezra,,Torres,Ezra Torres,Operations Associate,Data Analytics & Insights,Operations,EMP00152,2021-04-22,ezra.torres@theguild.com,1975-09-13,,Active,Salt Lake City,UT,84101,2026-01-01,70280,Salary,Non-Exempt,Twice a Month,,P1,Annual Bonus,2108,EEID00548,No,72388,70280,,,,,,Emily Stone,7028,7028,124,1,55000,62500,70000,77500,85000,100.4
EMP00549,Nicole,,Jackson,Nicole Jackson,Senior Ops Manager,Program Management,Operations,EMP00014,2021-03-06,nicole.jackson@theguild.com,1997-07-08,Female,Active,San Francisco,CA,94101,2026-01-01,178201,Salary,Exempt,Bi-Weekly,,M2,Annual Bonus,14256,EEID00549,Yes,192457,178201,,,,,,Emily Stone,17820,17820,131,2,150000,165000,180000,195000,210000,99.0
EMP00551,Ella,,Collins,Ella Collins,Customer Success Manager,Customer Support,Customer Success,EMP00204,2019-01-29,ella.collins@theguild.com,1981-03-20,,Active,Austin,TX,73301,2026-01-01,107283,Salary,Non-Exempt,Bi-Weekly,,P2,Commission,21456,EEID00551,No,128739,107283,,,,,,Priya Patel,10728,10728,151,2,80000,90000,100000,110000,120000,107.3
EMP00552,Finn,,Morgan,Finn Morgan,HRBP Lead,Procurement,G&A,EMP00429,2024-11-24,finn.morgan@theguild.com,1988-07-25,Female,Active,Lehi,UT,84043,2026-01-01,161886,Salary,Exempt,Twice a Month,,P4,Annual Bonus,8094,EEID00552,No,169980,161886,,,,,,Priya Patel,16188,16188,169,4,135000,147500,160000,172500,185000,101.2
EMP00553,Chris,,Adams,Chris Adams,Customer Success Associate,Solutions Engineering,Customer Success,EMP00008,2025-04-15,chris.adams@theguild.com,1979-10-20,Non-Binary,Active,Boulder,CO,80301,2026-01-01,68203,Hourly,Exempt,Monthly,,P1,Annual Bonus,5456,EEID00553,No,73659,68203,,,,,,Emily Stone,6820,6820,150,1,55000,62500,70000,77500,85000,97.4
EMP00554,Emma,,Torres,Emma Torres,Marketing Coordinator,Events & Community,Marketing,EMP00151,2018-01-27,emma.torres@theguild.com,1996-10-02,Female,Active,Raleigh,NC,27601,2026-01-01,71916,Salary,Exempt,Bi-Weekly,,P1,Annual Bonus,5753,EEID00554,No,77669,71916,,,,,,Emily Stone,7191,7191,134,1,55000,62500,70000,77500,85000,102.7
EMP00555,James,,Smith,James Smith,Product Manager,Product Management,Product,EMP00011,2023-06-05,james.smith@theguild.com,1983-04-04,Female,Active,Minneapolis,MN,55401,2026-01-01,111047,Hourly,Exempt,Monthly,,P2,Annual Bonus,11104,EEID00555,No,122151,111047,,,,,,Priya Patel,11104,11104,117,2,80000,90000,100000,110000,120000,111.0
EMP00556,Skyler,,Mitchell,Skyler Mitchell,Marketing Coordinator,Brand Marketing,Marketing,EMP00250,2025-06-27,skyler.mitchell@theguild.com,1979-06-27,,Active,Lehi,UT,84043,2026-01-01,81822,Salary,Non-Exempt,Twice a Month,,P1,Annual Bonus,6545,EEID00556,No,88367,81822,,,,,,Priya Patel,8182,8182,134,1,55000,62500,70000,77500,85000,116.9
EMP00557,Olivia,,Sanchez,Olivia Sanchez,Associate Director of Marketing,Brand Marketing,Marketing,EMP00416,2022-12-26,olivia.sanchez@theguild.com,1976-11-29,Non-Binary,Active,Dallas,TX,75201,2026-01-01,153574,Salary,Exempt,Bi-Weekly,,P4,Annual Bonus,23036,EEID00557,No,176610,153574,,,,,,Marcus Webb,15357,15357,137,4,135000,147500,160000,172500,185000,96.0
EMP00558,Hazel,,Rivera,Hazel Rivera,HR Generalist,Compliance,G&A,EMP00521,2024-04-25,hazel.rivera@theguild.com,1990-03-21,,Active,Austin,TX,73301,2026-01-01,102861,Salary,Exempt,Bi-Weekly,,P2,No Bonus,0,EEID00558,No,102861,102861,,,,,,Marcus Webb,10286,10286,159,2,80000,90000,100000,110000,120000,102.9
EMP00559,Olivia,,Edwards,Olivia Edwards,Operations Associate,Data Analytics & Insights,Operations,EMP00185,2021-11-26,olivia.edwards@theguild.com,1993-02-10,Male,Active,Boulder,CO,80301,2026-01-01,70458,Salary,Exempt,Bi-Weekly,,P1,Commission,21137,EEID00559,No,91595,70458,,,,,,Emily Stone,7045,7045,182,1,55000,62500,70000,77500,85000,100.7
EMP00560,Taylor,,Nguyen,Taylor Nguyen,HR Coordinator,People & HR,G&A,EMP00342,2018-09-11,taylor.nguyen@theguild.com,1986-03-27,Male,Active,Chicago,IL,60601,2026-01-01,70611,Salary,Exempt,Twice a Month,,P1,Commission,7061,EEID00560,No,77672,70611,,,,,,Emily Stone,7061,7061,174,1,55000,62500,70000,77500,85000,100.9
EMP00561,Sarah,,Lewis,Sarah Lewis,Operations Associate,Data Analytics & Insights,Operations,EMP00415,2025-08-12,sarah.lewis@theguild.com,1987-11-01,Female,Active,Provo,UT,84601,2026-01-01,58527,Salary,Exempt,Bi-Weekly,,P1,Commission,11705,EEID00561,No,70232,58527,,,,,,Marcus Webb,5852,5852,182,1,55000,62500,70000,77500,85000,83.6
EMP00562,Ryan,,Ramirez,Ryan Ramirez,Operations Analyst,Program Management,Operations,EMP00208,2018-10-22,ryan.ramirez@theguild.com,1990-04-14,Female,Active,New York,NY,10001,2026-01-01,86304,Salary,Non-Exempt,Twice a Month,,P2,Commission,25891,EEID00562,No,112195,86304,,,,,,Jordan Kim,8630,8630,125,2,80000,90000,100000,110000,120000,86.3
EMP00563,Kevin,,Morris,Kevin Morris,Senior Product Manager,Product Operations,Product,EMP00404,2019-02-18,kevin.morris@theguild.com,1980-04-16,,Active,Austin,TX,73301,2026-01-01,133762,Salary,Exempt,Bi-Weekly,,P3,Commission,26752,EEID00563,No,160514,133762,,,,,,Marcus Webb,13376,13376,110,3,105000,116250,127500,138750,150000,104.9
EMP00564,Avery,,Green,Avery Green,Senior CS Manager,Implementation & Onboarding,Customer Success,EMP00012,2020-09-15,avery.green@theguild.com,1998-03-23,Non-Binary,Active,Boston,MA,02101,2026-01-01,196089,Salary,Exempt,Monthly,,M2,Commission,58826,EEID00564,Yes,254914,196089,,,,,,Jordan Kim,19608,19608,156,2,150000,165000,180000,195000,210000,108.9
EMP00565,Emerson,,Brown,Emerson Brown,CS Team Lead,Renewals,Customer Success,EMP00345,2024-02-19,emerson.brown@theguild.com,1989-10-14,Male,Active,Denver,CO,80201,2026-01-01,137115,Salary,Exempt,Monthly,,P4,Annual Bonus,6855,EEID00565,No,143970,137115,,,,,,Marcus Webb,13711,13711,153,4,135000,147500,160000,172500,185000,85.7
EMP00567,Ivy,,Martin,Ivy Martin,Operations Manager,Corporate Strategy,Operations,EMP00014,2025-10-19,ivy.martin@theguild.com,1980-08-13,,Active,San Francisco,CA,94101,2026-01-01,155008,Hourly,Exempt,Monthly,,M1,Commission,31001,EEID00567,Yes,186009,155008,,,,,,Jordan Kim,15500,15500,130,1,120000,132500,145000,157500,170000,106.9
EMP00569,Kayla,,Stewart,Kayla Stewart,Senior Engineering Manager,DevOps & Infrastructure,Engineering & Technology,EMP00008,2023-05-15,kayla.stewart@theguild.com,1980-06-28,Male,Active,Chicago,IL,60601,2026-01-01,152865,Salary,Exempt,Bi-Weekly,,M2,Commission,30573,EEID00569,Yes,183438,152865,,,,,,Emily Stone,15286,15286,106,2,150000,165000,180000,195000,210000,84.9
EMP00570,Jake,,Wright,Jake Wright,Senior Product Manager,Product Operations,Product,EMP00362,2023-08-25,jake.wright@theguild.com,1979-09-07,Male,Active,Salt Lake City,UT,84101,2026-01-01,124838,Salary,Exempt,Bi-Weekly,,P3,Annual Bonus,18725,EEID00570,No,143563,124838,,,,,,Priya Patel,12483,12483,118,3,105000,116250,127500,138750,150000,97.9
EMP00571,Owen,,Turner,Owen Turner,Customer Success Manager,Professional Services,Customer Success,EMP00564,2022-12-09,owen.turner@theguild.com,1995-05-10,Male,Active,Atlanta,GA,30301,2026-01-01,99984,Salary,Exempt,Bi-Weekly,,P2,No Bonus,0,EEID00571,No,99984,99984,,,,,,Emily Stone,9998,9998,151,2,80000,90000,100000,110000,120000,100.0
EMP00572,Violet,,Morris,Violet Morris,Staff Software Engineer,Data Engineering,Engineering & Technology,EMP00282,2022-12-24,violet.morris@theguild.com,1976-12-28,Female,Active,Dallas,TX,75201,2026-01-01,138913,Hourly,Exempt,Monthly,,P4,Commission,27782,EEID00572,No,166695,138913,,,,,,Marcus Webb,13891,13891,193,4,135000,147500,160000,172500,185000,86.8
EMP00574,Jade,,Harris,Jade Harris,HRBP Lead,Facilities & Admin,G&A,EMP00568,2020-09-02,jade.harris@theguild.com,1980-11-30,Male,Active,Portland,OR,97201,2026-01-01,182134,Salary,Exempt,Twice a Month,,P4,Commission,54640,EEID00574,No,236774,182134,,,,,,Priya Patel,18213,18213,177,4,135000,147500,160000,172500,185000,113.8
EMP00575,Olivia,,Garcia,Olivia Garcia,Staff Product Manager,UX Research,Product,EMP00271,2025-05-30,olivia.garcia@theguild.com,1989-05-26,Non-Binary,Active,Boise,ID,83701,2026-01-01,158704,Salary,Exempt,Monthly,,P4,Annual Bonus,23805,EEID00575,No,182509,158704,,,,,,Marcus Webb,15870,15870,119,4,135000,147500,160000,172500,185000,99.2
EMP00576,Kai,,Robinson,Kai Robinson,Engineering Manager,IT,Engineering & Technology,EMP00008,2021-07-10,kai.robinson@theguild.com,1977-11-15,,Active,San Jose,CA,95101,2026-01-01,161795,Salary,Exempt,Bi-Weekly,,M1,Commission,48538,EEID00576,Yes,210333,161795,,,,,,Marcus Webb,16179,16179,195,1,120000,132500,145000,157500,170000,111.6
EMP00577,Hannah,,Evans,Hannah Evans,Operations Manager,Data Analytics & Insights,Operations,EMP00171,2020-01-25,hannah.evans@theguild.com,1997-09-24,,Active,Boise,ID,83701,2026-01-01,176309,Salary,Exempt,Bi-Weekly,,P4,Annual Bonus,5289,EEID00577,No,181597,176309,,,,,,Priya Patel,17630,17630,127,4,135000,147500,160000,172500,185000,110.2
EMP00578,Riley,,Scott,Riley Scott,Senior HR Manager,Talent Acquisition,G&A,EMP00013,2023-09-08,riley.scott@theguild.com,1994-11-28,Male,Active,San Jose,CA,95101,2026-01-01,194458,Salary,Exempt,Bi-Weekly,,M2,Annual Bonus,5833,EEID00578,Yes,200291,194458,,,,,,Emily Stone,19445,19445,164,2,150000,165000,180000,195000,210000,108.0
EMP00579,Tyler,,Wilson,Tyler Wilson,Enterprise Account Executive,Revenue Operations,Sales & Revenue,EMP00151,2022-03-15,tyler.wilson@theguild.com,1996-02-11,Non-Binary,Active,Boise,ID,83701,2026-01-01,153552,Salary,Exempt,Bi-Weekly,,P4,Commission,46065,EEID00579,No,199617,153552,,,,,,Emily Stone,15355,15355,145,4,135000,147500,160000,172500,185000,96.0
EMP00580,Ryan,,White,Ryan White,Junior Software Engineer,Data Engineering,Engineering & Technology,EMP00341,2025-05-15,ryan.white@theguild.com,1981-09-24,,Active,Boulder,CO,80301,2026-01-01,81477,Salary,Exempt,Twice a Month,,P1,Commission,8147,EEID00580,No,89624,81477,,,,,,Emily Stone,8147,8147,190,1,55000,62500,70000,77500,85000,116.4
EMP00581,Sarah,,Morgan,Sarah Morgan,Associate Product Manager,Product Operations,Product,EMP00521,2020-09-22,sarah.morgan@theguild.com,1991-03-28,Female,Active,Los Angeles,CA,90001,2026-01-01,76600,Salary,Exempt,Bi-Weekly,,P1,Annual Bonus,6128,EEID00581,No,82728,76600,,,,,,Jordan Kim,7660,7660,116,1,55000,62500,70000,77500,85000,109.4
EMP00582,Nate,,Campbell,Nate Campbell,Staff Software Engineer,Security,Engineering & Technology,EMP00567,2020-07-30,nate.campbell@theguild.com,2000-07-16,Female,Active,Atlanta,GA,30301,2026-01-01,158067,Hourly,Exempt,Bi-Weekly,,P4,Commission,31613,EEID00582,No,189680,158067,,,,,,Marcus Webb,15806,15806,103,4,135000,147500,160000,172500,185000,98.8
EMP00583,Owen,,Mitchell,Owen Mitchell,Senior CS Manager,Renewals,Customer Success,EMP00012,2020-03-22,owen.mitchell@theguild.com,1983-01-26,,Active,Phoenix,AZ,85001,2026-01-01,170568,Salary,Exempt,Twice a Month,,M2,No Bonus,0,EEID00583,Yes,170568,170568,,,,,,Emily Stone,17056,17056,156,2,150000,165000,180000,195000,210000,94.8
EMP00584,Lauren,,Davis,Lauren Davis,Associate Director of Marketing,Marketing Operations,Marketing,EMP00408,2022-05-09,lauren.davis@theguild.com,1993-12-11,Non-Binary,Active,Boston,MA,02101,2026-01-01,137233,Salary,Exempt,Bi-Weekly,,P4,Commission,41169,EEID00584,No,178402,137233,,,,,,Marcus Webb,13723,13723,137,4,135000,147500,160000,172500,185000,85.8
EMP00586,Amanda,,Phillips,Amanda Phillips,Associate Product Manager,Product Management,Product,EMP00342,2021-10-29,amanda.phillips@theguild.com,1977-03-02,,Active,Boulder,CO,80301,2026-01-01,67431,Salary,Exempt,Bi-Weekly,,P1,Annual Bonus,6743,EEID00586,No,74174,67431,,,,,,Priya Patel,6743,6743,116,1,55000,62500,70000,77500,85000,96.3
EMP00587,Ella,,Harris,Ella Harris,Sales Development Representative,SMB Sales,Sales & Revenue,EMP00282,2019-05-01,ella.harris@theguild.com,1987-11-30,Non-Binary,Active,Boise,ID,83701,2026-01-01,72011,Salary,Exempt,Bi-Weekly,,P1,Annual Bonus,3600,EEID00587,No,75610,72011,,,,,,Jordan Kim,7201,7201,142,1,55000,62500,70000,77500,85000,102.9
EMP00588,Kai,,Anderson,Kai Anderson,Senior Product Manager,UX Research,Product,EMP00282,2024-01-21,kai.anderson@theguild.com,1999-02-17,Female,Active,Denver,CO,80201,2026-01-01,148675,Salary,Exempt,Monthly,,P3,Commission,14867,EEID00588,No,163542,148675,,,,,,Emily Stone,14867,14867,110,3,105000,116250,127500,138750,150000,116.6
EMP00589,Cole,,Morris,Cole Morris,Senior Operations Analyst,Business Operations,Operations,EMP00134,2023-07-14,cole.morris@theguild.com,1986-10-19,Male,Active,Salt Lake City,UT,84101,2026-01-01,139137,Salary,Exempt,Monthly,,P3,Commission,27827,EEID00589,No,166964,139137,,,,,,Marcus Webb,13913,13913,184,3,105000,116250,127500,138750,150000,109.1
EMP00590,Olivia,,Phillips,Olivia Phillips,Finance Associate,Legal,G&A,EMP00342,2025-09-18,olivia.phillips@theguild.com,1989-02-13,Male,Active,Los Angeles,CA,90001,2026-01-01,57436,Salary,Non-Exempt,Monthly,,P1,No Bonus,0,EEID00590,No,57436,57436,,,,,,Jordan Kim,5743,5743,174,1,55000,62500,70000,77500,85000,82.1
EMP00591,David,,Morgan,David Morgan,Finance Associate,Procurement,G&A,EMP00578,2020-02-06,david.morgan@theguild.com,1997-04-13,Non-Binary,Active,Chicago,IL,60601,2026-01-01,59485,Salary,Non-Exempt,Twice a Month,,P1,Annual Bonus,5948,EEID00591,No,65433,59485,,,,,,Marcus Webb,5948,5948,158,1,55000,62500,70000,77500,85000,85.0
EMP00592,Megan,,Baker,Megan Baker,Software Engineer,Architecture,Engineering & Technology,EMP00445,2020-12-13,megan.baker@theguild.com,1992-01-22,Female,Active,Denver,CO,80201,2026-01-01,84408,Salary,Exempt,Twice a Month,,P2,No Bonus,0,EEID00592,No,84408,84408,,,,,,Priya Patel,8440,8440,191,2,80000,90000,100000,110000,120000,84.4
EMP00593,Ivy,,King,Ivy King,HR Generalist,People & HR,G&A,EMP00445,2019-04-06,ivy.king@theguild.com,1987-11-20,,Active,Dallas,TX,75201,2026-01-01,111788,Salary,Non-Exempt,Bi-Weekly,,P2,Annual Bonus,5589,EEID00593,No,117377,111788,,,,,,Jordan Kim,11178,11178,175,2,80000,90000,100000,110000,120000,111.8
EMP00594,Ella,,Thomas,Ella Thomas,Senior HR Manager,Payroll,G&A,EMP00013,2025-09-15,ella.thomas@theguild.com,1985-07-14,Male,Active,New York,NY,10001,2026-01-01,157440,Hourly,Exempt,Twice a Month,,M2,Commission,31488,EEID00594,Yes,188928,157440,,,,,,Priya Patel,15744,15744,180,2,150000,165000,180000,195000,210000,87.5
EMP00595,Sam,,Allen,Sam Allen,Senior Ops Manager,Product Operations,Product,EMP00009,2023-06-12,sam.allen@theguild.com,1984-10-27,Non-Binary,Active,Phoenix,AZ,85001,2026-01-01,176950,Hourly,Exempt,Bi-Weekly,,M2,Annual Bonus,14156,EEID00595,Yes,191106,176950,,,,,,Emily Stone,17695,17695,122,2,150000,165000,180000,195000,210000,98.3
EMP00596,Aria,,Lewis,Aria Lewis,Marketing Specialist,Product Marketing,Marketing,EMP00134,2021-09-27,aria.lewis@theguild.com,1990-10-27,Male,Active,San Francisco,CA,94101,2026-01-01,101606,Salary,Non-Exempt,Monthly,,P2,No Bonus,0,EEID00596,No,101606,101606,,,,,,Emily Stone,10160,10160,135,2,80000,90000,100000,110000,120000,101.6
EMP00597,Wren,,Wilson,Wren Wilson,Enterprise Account Executive,Sales Development,Sales & Revenue,EMP00363,2023-11-27,wren.wilson@theguild.com,1979-08-07,,Active,Denver,CO,80201,2026-01-01,145577,Salary,Exempt,Monthly,,P4,Annual Bonus,4367,EEID00597,No,149944,145577,,,,,,Jordan Kim,14557,14557,145,4,135000,147500,160000,172500,185000,91.0
EMP00598,Riley,,Hernandez,Riley Hernandez,Sales Manager,Sales Operations,Sales & Revenue,EMP00010,2021-01-10,riley.hernandez@theguild.com,1978-10-23,Male,Active,Dallas,TX,75201,2026-01-01,169146,Hourly,Exempt,Bi-Weekly,,M1,No Bonus,0,EEID00598,Yes,169146,169146,,,,,,Emily Stone,16914,16914,147,1,120000,132500,145000,157500,170000,116.7
EMP00599,Finn,,Phillips,Finn Phillips,Finance Manager,Payroll,G&A,EMP00013,2018-04-06,finn.phillips@theguild.com,1988-07-21,Non-Binary,Active,Boise,ID,83701,2026-01-01,158547,Salary,Exempt,Bi-Weekly,,M1,Commission,47564,EEID00599,Yes,206111,158547,,,,,,Jordan Kim,15854,15854,179,1,120000,132500,145000,157500,170000,109.3
EMP00600,Megan,,Miller,Megan Miller,Enterprise Account Executive,Account Management,Sales & Revenue,EMP00567,2022-06-01,megan.miller@theguild.com,1991-09-20,Male,Active,Salt Lake City,UT,84101,2026-01-01,161629,Salary,Exempt,Twice a Month,,P4,Annual Bonus,16162,EEID00600,No,177791,161629,,,,,,Jordan Kim,16162,16162,145,4,135000,147500,160000,172500,185000,101.0
EMP00601,Jason,,Torres,Jason Torres,Staff Software Engineer,Platform Engineering,Engineering & Technology,EMP00088,2019-11-25,jason.torres@theguild.com,1984-04-25,,Active,Los Angeles,CA,90001,2026-01-01,171906,Salary,Exempt,Monthly,,P4,Annual Bonus,25785,EEID00601,No,197691,171906,,,,,,Marcus Webb,17190,17190,193,4,135000,147500,160000,172500,185000,107.4
EMP00602,Michael,,Martinez,Michael Martinez,Marketing Specialist,Corporate Communications,Marketing,EMP00384,2024-05-04,michael.martinez@theguild.com,1993-03-27,Male,Active,Los Angeles,CA,90001,2026-01-01,96516,Salary,Exempt,Bi-Weekly,,P2,No Bonus,0,EEID00602,No,96516,96516,,,,,,Priya Patel,9651,9651,135,2,80000,90000,100000,110000,120000,96.5
EMP00603,Brian,,Parker,Brian Parker,Senior Customer Success Manager,Professional Services,Customer Success,EMP00439,2018-11-14,brian.parker@theguild.com,1991-11-08,Female,Active,Austin,TX,73301,2026-01-01,135236,Salary,Exempt,Twice a Month,,P3,No Bonus,0,EEID00603,No,135236,135236,,,,,,Emily Stone,13523,13523,152,3,105000,116250,127500,138750,150000,106.1
EMP00604,Ryan,,King,Ryan King,Finance Manager,Legal,G&A,EMP00467,2024-02-19,ryan.king@theguild.com,1993-10-03,,Active,Boulder,CO,80301,2026-01-01,162799,Hourly,Exempt,Bi-Weekly,,P4,No Bonus,0,EEID00604,No,162799,162799,,,,,,Emily Stone,16279,16279,161,4,135000,147500,160000,172500,185000,101.7
EMP00605,Emma,,Davis,Emma Davis,Senior Marketing Manager,Marketing Operations,Marketing,EMP00162,2020-10-26,emma.davis@theguild.com,1996-03-06,,Active,Boulder,CO,80301,2026-01-01,141949,Salary,Exempt,Bi-Weekly,,P3,Commission,42584,EEID00605,No,184533,141949,,,,,,Marcus Webb,14194,14194,136,3,105000,116250,127500,138750,150000,111.3
EMP00606,Luke,,Morgan,Luke Morgan,Finance Manager,People & HR,G&A,EMP00171,2020-02-08,luke.morgan@theguild.com,1983-12-09,Male,Active,Austin,TX,73301,2026-01-01,162282,Salary,Exempt,Bi-Weekly,,P4,No Bonus,0,EEID00606,No,162282,162282,,,,,,Jordan Kim,16228,16228,169,4,135000,147500,160000,172500,185000,101.4
EMP00607,Luke,,Miller,Luke Miller,Junior Software Engineer,IT,Engineering & Technology,EMP00245,2021-06-06,luke.miller@theguild.com,1991-06-23,,Active,San Francisco,CA,94101,2026-01-01,73322,Salary,Non-Exempt,Bi-Weekly,,P1,Commission,21996,EEID00607,No,95318,73322,,,,,,Priya Patel,7332,7332,204,1,55000,62500,70000,77500,85000,104.7
EMP00608,Sage,,Wright,Sage Wright,Finance Manager,Talent Acquisition,G&A,EMP00013,2025-03-26,sage.wright@theguild.com,1992-03-06,Non-Binary,Active,Provo,UT,84601,2026-01-01,134184,Salary,Exempt,Bi-Weekly,,M1,Commission,40255,EEID00608,Yes,174439,134184,,,,,,Priya Patel,13418,13418,179,1,120000,132500,145000,157500,170000,92.5
EMP00609,Skyler,,Carter,Skyler Carter,Marketing Specialist,Product Marketing,Marketing,EMP00151,2022-12-06,skyler.carter@theguild.com,1994-01-30,,Active,San Francisco,CA,94101,2026-01-01,89600,Salary,Exempt,Monthly,,P2,Annual Bonus,13440,EEID00609,No,103039,89600,,,,,,Priya Patel,8960,8960,135,2,80000,90000,100000,110000,120000,89.6
EMP00610,Will,,Allen,Will Allen,Operations Manager,Business Operations,Operations,EMP00437,2019-11-12,will.allen@theguild.com,1987-06-17,Female,Active,Boulder,CO,80301,2026-01-01,181284,Salary,Exempt,Monthly,,P4,Commission,18128,EEID00610,No,199412,181284,,,,,,Jordan Kim,18128,18128,185,4,135000,147500,160000,172500,185000,113.3
EMP00611,Sage,,Lewis,Sage Lewis,Associate Director of Marketing,Marketing Operations,Marketing,EMP00362,2020-02-22,sage.lewis@theguild.com,1992-02-27,Non-Binary,Active,Atlanta,GA,30301,2026-01-01,136657,Hourly,Exempt,Bi-Weekly,,P4,Commission,40997,EEID00611,No,177654,136657,,,,,,Marcus Webb,13665,13665,137,4,135000,147500,160000,172500,185000,85.4
EMP00613,Olivia,,Baker,Olivia Baker,Staff Software Engineer,Software Engineering,Engineering & Technology,EMP00437,2024-11-15,olivia.baker@theguild.com,1981-11-14,Female,Active,Lehi,UT,84043,2026-01-01,146388,Salary,Exempt,Monthly,,P4,Annual Bonus,4391,EEID00613,No,150779,146388,,,,,,Marcus Webb,14638,14638,193,4,135000,147500,160000,172500,185000,91.5
EMP00615,Nora,,Clark,Nora Clark,Operations Manager,Business Operations,Operations,EMP00014,2021-06-28,nora.clark@theguild.com,1987-04-13,Non-Binary,Active,Boise,ID,83701,2026-01-01,131310,Salary,Exempt,Twice a Month,,M1,Annual Bonus,3939,EEID00615,Yes,135249,131310,,,,,,Emily Stone,13131,13131,130,1,120000,132500,145000,157500,170000,90.6
EMP00616,Mia,,Robinson,Mia Robinson,Senior CS Manager,Renewals,Customer Success,EMP00012,2020-06-09,mia.robinson@theguild.com,1991-10-20,,Active,Boston,MA,02101,2026-01-01,155935,Salary,Exempt,Monthly,,M2,Annual Bonus,4678,EEID00616,Yes,160613,155935,,,,,,Emily Stone,15593,15593,156,2,150000,165000,180000,195000,210000,86.6
EMP00617,Kayla,,Martin,Kayla Martin,Operations Analyst,Corporate Strategy,Operations,EMP00289,2020-03-27,kayla.martin@theguild.com,1982-12-11,Non-Binary,Active,New York,NY,10001,2026-01-01,104858,Salary,Non-Exempt,Bi-Weekly,,P2,Annual Bonus,8388,EEID00617,No,113245,104858,,,,,,Priya Patel,10485,10485,125,2,80000,90000,100000,110000,120000,104.9
EMP00618,Kai,,Taylor,Kai Taylor,Senior Software Engineer,IT,Engineering & Technology,EMP00415,2024-05-18,kai.taylor@theguild.com,1984-06-13,,Active,Boston,MA,02101,2026-01-01,139278,Salary,Exempt,Twice a Month,,P3,Annual Bonus,20891,EEID00618,No,160169,139278,,,,,,Priya Patel,13927,13927,206,3,105000,116250,127500,138750,150000,109.2
EMP00619,Ben,,Wilson,Ben Wilson,Sales Manager,Sales Operations,Sales & Revenue,EMP00010,2024-07-31,ben.wilson@theguild.com,1989-06-27,Non-Binary,Active,Seattle,WA,98101,2026-01-01,150650,Salary,Exempt,Twice a Month,,M1,Annual Bonus,15065,EEID00619,Yes,165715,150650,,,,,,Jordan Kim,15065,15065,147,1,120000,132500,145000,157500,170000,103.9
EMP00620,Peyton,,Cook,Peyton Cook,Senior Software Engineer,AI & Machine Learning,Engineering & Technology,EMP00437,2023-03-28,peyton.cook@theguild.com,1999-07-12,Female,Active,Seattle,WA,98101,2026-01-01,132617,Salary,Exempt,Bi-Weekly,,P3,Annual Bonus,6630,EEID00620,No,139247,132617,,,,,,Emily Stone,13261,13261,102,3,105000,116250,127500,138750,150000,104.0
EMP00621,Kai,,Collins,Kai Collins,CS Team Lead,Professional Services,Customer Success,EMP00257,2022-07-02,kai.collins@theguild.com,1988-06-19,Male,Active,Boise,ID,83701,2026-01-01,150963,Salary,Exempt,Twice a Month,,P4,No Bonus,0,EEID00621,No,150963,150963,,,,,,Marcus Webb,15096,15096,153,4,135000,147500,160000,172500,185000,94.4
EMP00623,Dylan,,Robinson,Dylan Robinson,Marketing Specialist,Content Marketing,Marketing,EMP00334,2020-09-29,dylan.robinson@theguild.com,1981-11-30,Non-Binary,Active,Chicago,IL,60601,2026-01-01,99744,Salary,Non-Exempt,Monthly,,P2,No Bonus,0,EEID00623,No,99744,99744,,,,,,Emily Stone,9974,9974,135,2,80000,90000,100000,110000,120000,99.7
EMP00624,Ivy,,Hernandez,Ivy Hernandez,Enterprise Account Executive,Mid-Market Sales,Sales & Revenue,EMP00366,2019-07-01,ivy.hernandez@theguild.com,1992-12-08,Non-Binary,Active,Chicago,IL,60601,2026-01-01,178806,Salary,Exempt,Twice a Month,,P4,Annual Bonus,14304,EEID00624,No,193110,178806,,,,,,Priya Patel,17880,17880,145,4,135000,147500,160000,172500,185000,111.8
EMP00625,Miles,,Green,Miles Green,Marketing Coordinator,Brand Marketing,Marketing,EMP00250,2020-07-31,miles.green@theguild.com,1981-03-12,,Active,Los Angeles,CA,90001,2026-01-01,80160,Salary,Non-Exempt,Monthly,,P1,No Bonus,0,EEID00625,No,80160,80160,,,,,,Marcus Webb,8016,8016,134,1,55000,62500,70000,77500,85000,114.5
EMP00626,Riley,,Wilson,Riley Wilson,Senior Sales Manager,Channel & Partnerships,Sales & Revenue,EMP00010,2019-11-01,riley.wilson@theguild.com,1992-11-11,Male,Active,Raleigh,NC,27601,2026-01-01,159879,Salary,Exempt,Bi-Weekly,,M2,Commission,15987,EEID00626,Yes,175866,159879,,,,,,Jordan Kim,15987,15987,148,2,150000,165000,180000,195000,210000,88.8
EMP00627,Michael,,Thompson,Michael Thompson,Finance Manager,Legal,G&A,EMP00134,2025-07-08,michael.thompson@theguild.com,1993-01-07,,Active,Dallas,TX,75201,2026-01-01,155907,Hourly,Exempt,Monthly,,P4,Commission,46772,EEID00627,No,202679,155907,,,,,,Emily Stone,15590,15590,161,4,135000,147500,160000,172500,185000,97.4
EMP00628,Will,,Ramirez,Will Ramirez,Enterprise Account Executive,Mid-Market Sales,Sales & Revenue,EMP00344,2022-04-20,will.ramirez@theguild.com,1978-08-03,Female,Active,Atlanta,GA,30301,2026-01-01,181663,Salary,Exempt,Bi-Weekly,,P4,Commission,54498,EEID00628,No,236161,181663,,,,,,Emily Stone,18166,18166,145,4,135000,147500,160000,172500,185000,113.5
EMP00629,Mia,,Morgan,Mia Morgan,HRBP Lead,Facilities & Admin,G&A,EMP00289,2025-09-12,mia.morgan@theguild.com,1991-07-26,Non-Binary,Active,Raleigh,NC,27601,2026-01-01,165458,Hourly,Exempt,Bi-Weekly,,P4,Annual Bonus,24818,EEID00629,No,190276,165458,,,,,,Jordan Kim,16545,16545,161,4,135000,147500,160000,172500,185000,103.4
EMP00630,Mia,,Mitchell,Mia Mitchell,Account Executive,Enterprise Sales,Sales & Revenue,EMP00010,2018-05-30,mia.mitchell@theguild.com,1998-10-31,,Active,Salt Lake City,UT,84101,2026-01-01,107332,Salary,Exempt,Bi-Weekly,,P2,No Bonus,0,EEID00630,No,107332,107332,,,,,,Marcus Webb,10733,10733,143,2,80000,90000,100000,110000,120000,107.3
EMP00632,Drew,,Phillips,Drew Phillips,HR Coordinator,Legal,G&A,EMP00306,2020-02-24,drew.phillips@theguild.com,2000-08-10,Non-Binary,Active,San Francisco,CA,94101,2026-01-01,79551,Salary,Non-Exempt,Monthly,,P1,Commission,7955,EEID00632,No,87506,79551,,,,,,Priya Patel,7955,7955,174,1,55000,62500,70000,77500,85000,113.6
EMP00633,Skyler,,Allen,Skyler Allen,Customer Success Associate,Customer Support,Customer Success,EMP00408,2021-01-21,skyler.allen@theguild.com,1975-03-24,,Active,Boston,MA,02101,2026-01-01,62051,Salary,Exempt,Twice a Month,,P1,Annual Bonus,4964,EEID00633,No,67015,62051,,,,,,Marcus Webb,6205,6205,150,1,55000,62500,70000,77500,85000,88.6
EMP00634,Morgan,,Edwards,Morgan Edwards,Associate Director of Marketing,Content Marketing,Marketing,EMP00245,2025-12-26,morgan.edwards@theguild.com,1995-08-31,,Active,Los Angeles,CA,90001,2026-01-01,149504,Salary,Exempt,Monthly,,P4,Commission,29900,EEID00634,No,179404,149504,,,,,,Priya Patel,14950,14950,137,4,135000,147500,160000,172500,185000,93.4
EMP00635,June,,Harris,June Harris,Senior Marketing Manager,Demand Generation,Marketing,EMP00429,2022-05-17,june.harris@theguild.com,1986-06-21,,Active,Raleigh,NC,27601,2026-01-01,114946,Salary,Exempt,Bi-Weekly,,P3,No Bonus,0,EEID00635,No,114946,114946,,,,,,Emily Stone,11494,11494,136,3,105000,116250,127500,138750,150000,90.2
EMP00636,Bryn,,Garcia,Bryn Garcia,Senior Financial Analyst,Compliance,G&A,EMP00363,2025-01-03,bryn.garcia@theguild.com,1982-06-24,Non-Binary,Active,Los Angeles,CA,90001,2026-01-01,139707,Hourly,Exempt,Twice a Month,,P3,Annual Bonus,6985,EEID00636,No,146692,139707,,,,,,Jordan Kim,13970,13970,160,3,105000,116250,127500,138750,150000,109.6
EMP00637,Luna,,Parker,Luna Parker,Staff Software Engineer,Data Engineering,Engineering & Technology,EMP00134,2019-03-30,luna.parker@theguild.com,2000-08-08,Non-Binary,Active,Seattle,WA,98101,2026-01-01,170231,Salary,Exempt,Twice a Month,,P4,Annual Bonus,8511,EEID00637,No,178742,170231,,,,,,Marcus Webb,17023,17023,193,4,135000,147500,160000,172500,185000,106.4
EMP00638,Ryan,,Evans,Ryan Evans,Senior Operations Analyst,FP&A,Operations,EMP00282,2023-12-22,ryan.evans@theguild.com,1992-08-04,Female,Active,Atlanta,GA,30301,2026-01-01,144272,Salary,Exempt,Bi-Weekly,,P3,Commission,43281,EEID00638,No,187553,144272,,,,,,Jordan Kim,14427,14427,184,3,105000,116250,127500,138750,150000,113.2
EMP00639,Violet,,Parker,Violet Parker,Associate Director of Marketing,Marketing Operations,Marketing,EMP00289,2019-02-07,violet.parker@theguild.com,1992-03-12,,Active,Los Angeles,CA,90001,2026-01-01,161217,Hourly,Exempt,Bi-Weekly,,P4,No Bonus,0,EEID00639,No,161217,161217,,,,,,Jordan Kim,16121,16121,137,4,135000,147500,160000,172500,185000,100.8
EMP00640,Owen,,Gonzalez,Owen Gonzalez,Financial Analyst,Finance,G&A,EMP00342,2025-05-03,owen.gonzalez@theguild.com,1992-06-18,Female,Active,Boston,MA,02101,2026-01-01,81496,Hourly,Exempt,Bi-Weekly,,P2,Annual Bonus,12224,EEID00640,No,93720,81496,,,,,,Marcus Webb,8149,8149,175,2,80000,90000,100000,110000,120000,81.5
EMP00642,Hazel,,Allen,Hazel Allen,Senior Financial Analyst,Legal,G&A,EMP00024,2022-09-05,hazel.allen@theguild.com,1986-08-31,Male,Active,San Jose,CA,95101,2026-01-01,135291,Hourly,Exempt,Twice a Month,,P3,Commission,13529,EEID00642,No,148820,135291,,,,,,Emily Stone,13529,13529,160,3,105000,116250,127500,138750,150000,106.1
EMP00643,Kai,,Walker,Kai Walker,Operations Manager,Business Operations,Operations,EMP00496,2020-12-11,kai.walker@theguild.com,1980-01-06,Female,Active,Minneapolis,MN,55401,2026-01-01,161177,Hourly,Exempt,Monthly,,P4,Annual Bonus,8058,EEID00643,No,169235,161177,,,,,,Priya Patel,16117,16117,185,4,135000,147500,160000,172500,185000,100.7
EMP00644,Owen,,Carter,Owen Carter,Enterprise Account Executive,SMB Sales,Sales & Revenue,EMP00344,2021-11-03,owen.carter@theguild.com,1988-03-31,,Active,Austin,TX,73301,2026-01-01,141365,Hourly,Exempt,Twice a Month,,P4,Annual Bonus,11309,EEID00644,No,152674,141365,,,,,,Priya Patel,14136,14136,145,4,135000,147500,160000,172500,185000,88.4
EMP00646,Stephanie,,Campbell,Stephanie Campbell,Senior Ops Manager,Corporate Strategy,Operations,EMP00014,2020-11-28,stephanie.campbell@theguild.com,1991-05-03,,Active,Denver,CO,80201,2026-01-01,191730,Salary,Exempt,Bi-Weekly,,M2,Commission,19173,EEID00646,Yes,210903,191730,,,,,,Jordan Kim,19173,19173,188,2,150000,165000,180000,195000,210000,106.5
EMP00647,Emerson,,Cook,Emerson Cook,Senior Product Manager,UX Research,Product,EMP00614,2018-02-28,emerson.cook@theguild.com,1977-11-26,Non-Binary,Active,Boulder,CO,80301,2026-01-01,136801,Hourly,Exempt,Bi-Weekly,,P3,Commission,27360,EEID00647,No,164161,136801,,,,,,Marcus Webb,13680,13680,118,3,105000,116250,127500,138750,150000,107.3
EMP00648,Aria,,Wilson,Aria Wilson,Associate Product Manager,Product Design,Product,EMP00416,2018-05-15,aria.wilson@theguild.com,1992-11-15,Male,Active,San Francisco,CA,94101,2026-01-01,71344,Salary,Exempt,Bi-Weekly,,P1,No Bonus,0,EEID00648,No,71344,71344,,,,,,Priya Patel,7134,7134,108,1,55000,62500,70000,77500,85000,101.9
EMP00649,Finn,,Jones,Finn Jones,Sales Development Representative,Mid-Market Sales,Sales & Revenue,EMP00257,2024-10-31,finn.jones@theguild.com,1986-12-03,Non-Binary,Active,Boston,MA,02101,2026-01-01,63018,Salary,Exempt,Twice a Month,,P1,Annual Bonus,1890,EEID00649,No,64908,63018,,,,,,Emily Stone,6301,6301,142,1,55000,62500,70000,77500,85000,90.0
EMP00650,Kevin,,Phillips,Kevin Phillips,Operations Analyst,Business Operations,Operations,EMP00246,2021-07-30,kevin.phillips@theguild.com,1978-04-11,Female,Active,Provo,UT,84601,2026-01-01,93613,Hourly,Non-Exempt,Monthly,,P2,Commission,9361,EEID00650,No,102973,93613,,,,,,Jordan Kim,9361,9361,125,2,80000,90000,100000,110000,120000,93.6
EMP00651,Daniel,,Lewis,Daniel Lewis,Software Engineer,IT,Engineering & Technology,EMP00009,2022-07-26,daniel.lewis@theguild.com,1987-02-22,,Active,Seattle,WA,98101,2026-01-01,117311,Hourly,Exempt,Twice a Month,,P2,Annual Bonus,9384,EEID00651,No,126695,117311,,,,,,Marcus Webb,11731,11731,191,2,80000,90000,100000,110000,120000,117.3
EMP00652,Luke,,Allen,Luke Allen,Senior Marketing Manager,Marketing Operations,Marketing,EMP00282,2023-06-21,luke.allen@theguild.com,1975-04-17,Non-Binary,Active,Boulder,CO,80301,2026-01-01,127357,Salary,Exempt,Twice a Month,,P3,Annual Bonus,6367,EEID00652,No,133724,127357,,,,,,Jordan Kim,12735,12735,136,3,105000,116250,127500,138750,150000,99.9
EMP00653,Violet,,Hernandez,Violet Hernandez,Senior Product Manager,Product Management,Product,EMP00608,2021-06-12,violet.hernandez@theguild.com,1997-07-05,Non-Binary,Active,Boston,MA,02101,2026-01-01,127441,Salary,Exempt,Monthly,,P3,Annual Bonus,6372,EEID00653,No,133813,127441,,,,,,Priya Patel,12744,12744,118,3,105000,116250,127500,138750,150000,100.0
EMP00654,Isla,,Walker,Isla Walker,Software Engineer,Data Engineering,Engineering & Technology,EMP00193,2025-04-30,isla.walker@theguild.com,1993-09-13,Non-Binary,Active,Boston,MA,02101,2026-01-01,90249,Salary,Exempt,Bi-Weekly,,P2,Commission,18049,EEID00654,No,108298,90249,,,,,,Marcus Webb,9024,9024,191,2,80000,90000,100000,110000,120000,90.2
EMP00655,Hannah,,Walker,Hannah Walker,Senior Operations Analyst,Data Analytics & Insights,Operations,EMP00415,2018-08-15,hannah.walker@theguild.com,1993-05-03,Non-Binary,Active,Provo,UT,84601,2026-01-01,125666,Hourly,Exempt,Twice a Month,,P3,Annual Bonus,12566,EEID00655,No,138232,125666,,,,,,Marcus Webb,12566,12566,184,3,105000,116250,127500,138750,150000,98.6
EMP00656,Ezra,,Evans,Ezra Evans,Account Executive,Enterprise Sales,Sales & Revenue,EMP00363,2023-08-23,ezra.evans@theguild.com,1994-09-28,Non-Binary,Active,Phoenix,AZ,85001,2026-01-01,99319,Hourly,Non-Exempt,Bi-Weekly,,P2,Annual Bonus,14897,EEID00656,No,114216,99319,,,,,,Emily Stone,9931,9931,143,2,80000,90000,100000,110000,120000,99.3
EMP00657,Sarah,,Thomas,Sarah Thomas,Staff Product Manager,UX Research,Product,EMP00445,2025-03-04,sarah.thomas@theguild.com,1990-05-16,Non-Binary,Active,Boise,ID,83701,2026-01-01,180075,Hourly,Exempt,Monthly,,P4,Annual Bonus,5402,EEID00657,No,185477,180075,,,,,,Priya Patel,18007,18007,119,4,135000,147500,160000,172500,185000,112.5
EMP00658,Kai,,Morgan,Kai Morgan,Sales Development Representative,Mid-Market Sales,Sales & Revenue,EMP00152,2021-09-04,kai.morgan@theguild.com,2000-09-09,Non-Binary,Active,Provo,UT,84601,2026-01-01,82011,Salary,Exempt,Monthly,,P1,Commission,8201,EEID00658,No,90212,82011,,,,,,Priya Patel,8201,8201,142,1,55000,62500,70000,77500,85000,117.2
EMP00659,Morgan,,Rodriguez,Morgan Rodriguez,Senior Operations Analyst,Business Operations,Operations,EMP00185,2025-08-07,morgan.rodriguez@theguild.com,1986-08-14,Non-Binary,Active,Chicago,IL,60601,2026-01-01,119077,Hourly,Exempt,Bi-Weekly,,P3,Annual Bonus,5953,EEID00659,No,125029,119077,,,,,,Emily Stone,11907,11907,184,3,105000,116250,127500,138750,150000,93.4
EMP00660,Amanda,,Davis,Amanda Davis,Finance Manager,Payroll,G&A,EMP00496,2024-01-16,amanda.davis@theguild.com,1997-01-26,Non-Binary,Active,Provo,UT,84601,2026-01-01,138950,Hourly,Exempt,Monthly,,P4,Commission,27790,EEID00660,No,166740,138950,,,,,,Priya Patel,13895,13895,177,4,135000,147500,160000,172500,185000,86.8
EMP00661,James,,Campbell,James Campbell,Junior Software Engineer,DevOps & Infrastructure,Engineering & Technology,EMP00429,2019-09-16,james.campbell@theguild.com,1989-10-27,Male,Active,Denver,CO,80201,2026-01-01,73806,Salary,Non-Exempt,Bi-Weekly,,P1,Commission,14761,EEID00661,No,88567,73806,,,,,,Marcus Webb,7380,7380,100,1,55000,62500,70000,77500,85000,105.4
EMP00662,Bryn,,Perez,Bryn Perez,Associate Director of Marketing,Sales Enablement,Marketing,EMP00367,2020-07-01,bryn.perez@theguild.com,1989-08-26,,Active,Chicago,IL,60601,2026-01-01,175874,Salary,Exempt,Twice a Month,,P4,Annual Bonus,14069,EEID00662,No,189943,175874,,,,,,Marcus Webb,17587,17587,137,4,135000,147500,160000,172500,185000,109.9
EMP00663,Bryn,,Morgan,Bryn Morgan,Account Executive,SMB Sales,Sales & Revenue,EMP00060,2021-07-15,bryn.morgan@theguild.com,1985-04-28,Female,Active,Boise,ID,83701,2026-01-01,91900,Salary,Exempt,Bi-Weekly,,P2,Annual Bonus,7352,EEID00663,No,99252,91900,,,,,,Marcus Webb,9190,9190,143,2,80000,90000,100000,110000,120000,91.9
EMP00664,Will,,Hernandez,Will Hernandez,Marketing Specialist,Marketing Operations,Marketing,EMP00414,2023-01-05,will.hernandez@theguild.com,1994-09-03,,Active,Dallas,TX,75201,2026-01-01,88998,Salary,Non-Exempt,Bi-Weekly,,P2,Commission,8899,EEID00664,No,97897,88998,,,,,,Marcus Webb,8899,8899,135,2,80000,90000,100000,110000,120000,89.0
EMP00665,Brian,,Evans,Brian Evans,Marketing Manager,Brand Marketing,Marketing,EMP00011,2020-05-11,brian.evans@theguild.com,1979-01-27,Non-Binary,Active,Raleigh,NC,27601,2026-01-01,169584,Salary,Exempt,Bi-Weekly,,M1,Commission,16958,EEID00665,Yes,186542,169584,,,,,,Jordan Kim,16958,16958,139,1,120000,132500,145000,157500,170000,117.0
EMP00666,Jake,,Allen,Jake Allen,Senior Engineering Manager,IT,Engineering & Technology,EMP00008,2021-05-16,jake.allen@theguild.com,1985-04-15,Male,Active,Salt Lake City,UT,84101,2026-01-01,206196,Salary,Exempt,Twice a Month,,M2,No Bonus,0,EEID00666,Yes,206196,206196,,,,,,Jordan Kim,20619,20619,196,2,150000,165000,180000,195000,210000,114.6
EMP00667,Leo,,Johnson,Leo Johnson,Sales Manager,Revenue Operations,Sales & Revenue,EMP00010,2025-05-31,leo.johnson@theguild.com,1988-02-23,Non-Binary,Active,Raleigh,NC,27601,2026-01-01,128385,Salary,Exempt,Monthly,,M1,Commission,12838,EEID00667,Yes,141223,128385,,,,,,Jordan Kim,12838,12838,147,1,120000,132500,145000,157500,170000,88.5
EMP00668,Ryan,,Clark,Ryan Clark,Product Manager,Product Design,Product,EMP00157,2021-08-08,ryan.clark@theguild.com,1976-04-11,Male,Active,Denver,CO,80201,2026-01-01,87169,Salary,Non-Exempt,Bi-Weekly,,P2,Annual Bonus,13075,EEID00668,No,100244,87169,,,,,,Priya Patel,8716,8716,109,2,80000,90000,100000,110000,120000,87.2
EMP00669,Taylor,,Rivera,Taylor Rivera,Marketing Specialist,Demand Generation,Marketing,EMP00366,2020-07-01,taylor.rivera@theguild.com,1979-02-18,,Active,Boulder,CO,80301,2026-01-01,115355,Salary,Exempt,Monthly,,P2,Annual Bonus,9228,EEID00669,No,124583,115355,,,,,,Emily Stone,11535,11535,135,2,80000,90000,100000,110000,120000,115.4
EMP00670,Daniel,,Walker,Daniel Walker,Associate Director of Marketing,Sales Enablement,Marketing,EMP00437,2024-01-21,daniel.walker@theguild.com,1991-05-26,Male,Active,Portland,OR,97201,2026-01-01,155409,Salary,Exempt,Bi-Weekly,,P4,No Bonus,0,EEID00670,No,155409,155409,,,,,,Jordan Kim,15540,15540,137,4,135000,147500,160000,172500,185000,97.1
EMP00671,Violet,,Campbell,Violet Campbell,Operations Analyst,Program Management,Operations,EMP00616,2020-10-23,violet.campbell@theguild.com,1983-04-13,Non-Binary,Active,Seattle,WA,98101,2026-01-01,94781,Hourly,Non-Exempt,Monthly,,P2,Annual Bonus,4739,EEID00671,No,99520,94781,,,,,,Priya Patel,9478,9478,125,2,80000,90000,100000,110000,120000,94.8
EMP00672,Hazel,,Carter,Hazel Carter,Senior Customer Success Manager,Solutions Engineering,Customer Success,EMP00363,2018-07-16,hazel.carter@theguild.com,1983-11-17,Female,Active,Provo,UT,84601,2026-01-01,132657,Salary,Exempt,Twice a Month,,P3,No Bonus,0,EEID00672,No,132657,132657,,,,,,Emily Stone,13265,13265,152,3,105000,116250,127500,138750,150000,104.0
EMP00673,Matt,,Baker,Matt Baker,Senior Software Engineer,Security,Engineering & Technology,EMP00439,2024-12-19,matt.baker@theguild.com,1986-10-15,,Active,Denver,CO,80201,2026-01-01,136508,Hourly,Exempt,Twice a Month,,P3,Annual Bonus,13650,EEID00673,No,150158,136508,,,,,,Emily Stone,13650,13650,206,3,105000,116250,127500,138750,150000,107.1
EMP00674,Olivia,,Nelson,Olivia Nelson,Senior Operations Analyst,Program Management,Operations,EMP00445,2018-09-16,olivia.nelson@theguild.com,1991-05-24,,Active,Minneapolis,MN,55401,2026-01-01,127346,Salary,Exempt,Bi-Weekly,,P3,Commission,25469,EEID00674,No,152815,127346,,,,,,Emily Stone,12734,12734,184,3,105000,116250,127500,138750,150000,99.9
EMP00675,June,,Rodriguez,June Rodriguez,Junior Software Engineer,Security,Engineering & Technology,EMP00301,2023-08-30,june.rodriguez@theguild.com,1983-03-11,,Active,Atlanta,GA,30301,2026-01-01,78353,Salary,Non-Exempt,Twice a Month,,P1,Commission,7835,EEID00675,No,86188,78353,,,,,,Marcus Webb,7835,7835,204,1,55000,62500,70000,77500,85000,111.9
EMP00676,Matt,,Morris,Matt Morris,HR Generalist,Talent Acquisition,G&A,EMP00152,2023-12-15,matt.morris@theguild.com,1982-06-25,Non-Binary,Active,Boulder,CO,80301,2026-01-01,119382,Salary,Non-Exempt,Bi-Weekly,,P2,No Bonus,0,EEID00676,No,119382,119382,,,,,,Marcus Webb,11938,11938,175,2,80000,90000,100000,110000,120000,119.4
EMP00678,Sarah,,Taylor,Sarah Taylor,Finance Associate,Facilities & Admin,G&A,EMP00151,2022-09-13,sarah.taylor@theguild.com,1992-07-16,Female,Active,Boston,MA,02101,2026-01-01,59597,Salary,Non-Exempt,Bi-Weekly,,P1,No Bonus,0,EEID00678,No,59597,59597,,,,,,Marcus Webb,5959,5959,166,1,55000,62500,70000,77500,85000,85.1
EMP00679,Dylan,,Jones,Dylan Jones,Senior Design Manager,UX Research,Product,EMP00009,2019-04-26,dylan.jones@theguild.com,1998-05-09,Non-Binary,Active,Portland,OR,97201,2026-01-01,163489,Salary,Exempt,Monthly,,M2,No Bonus,0,EEID00679,Yes,163489,163489,,,,,,Emily Stone,16348,16348,114,2,150000,165000,180000,195000,210000,90.8
EMP00680,Rowan,,Walker,Rowan Walker,Associate Product Manager,Product Operations,Product,EMP00679,2022-10-11,rowan.walker@theguild.com,1982-07-22,,Active,Portland,OR,97201,2026-01-01,57306,Salary,Non-Exempt,Bi-Weekly,,P1,Annual Bonus,5730,EEID00680,No,63035,57306,,,,,,Priya Patel,5730,5730,108,1,55000,62500,70000,77500,85000,81.9
EMP00681,Jason,,King,Jason King,Senior Software Engineer,DevOps & Infrastructure,Engineering & Technology,EMP00391,2021-09-08,jason.king@theguild.com,1993-10-28,Non-Binary,Active,Seattle,WA,98101,2026-01-01,133342,Salary,Exempt,Bi-Weekly,,P3,Annual Bonus,20001,EEID00681,No,153343,133342,,,,,,Priya Patel,13334,13334,102,3,105000,116250,127500,138750,150000,104.6
EMP00682,Michael,,Smith,Michael Smith,Staff Software Engineer,IT,Engineering & Technology,EMP00271,2019-03-18,michael.smith@theguild.com,1979-06-04,Male,Active,Raleigh,NC,27601,2026-01-01,178622,Hourly,Exempt,Twice a Month,,P4,Annual Bonus,26793,EEID00682,No,205414,178622,,,,,,Emily Stone,17862,17862,193,4,135000,147500,160000,172500,185000,111.6
EMP00683,Tyler,,White,Tyler White,CS Team Lead,Renewals,Customer Success,EMP00614,2022-11-04,tyler.white@theguild.com,1976-02-25,Female,Active,Minneapolis,MN,55401,2026-01-01,157760,Salary,Exempt,Twice a Month,,P4,No Bonus,0,EEID00683,No,157760,157760,,,,,,Marcus Webb,15776,15776,153,4,135000,147500,160000,172500,185000,98.6
EMP00684,Taylor,,Baker,Taylor Baker,Enterprise Account Executive,Mid-Market Sales,Sales & Revenue,EMP00355,2018-07-15,taylor.baker@theguild.com,1989-07-22,,Active,Atlanta,GA,30301,2026-01-01,151614,Salary,Exempt,Bi-Weekly,,P4,Annual Bonus,15161,EEID00684,No,166775,151614,,,,,,Priya Patel,15161,15161,145,4,135000,147500,160000,172500,185000,94.8
EMP00685,Ryan,,Wilson,Ryan Wilson,CS Team Lead,Solutions Engineering,Customer Success,EMP00056,2019-01-06,ryan.wilson@theguild.com,1993-03-19,Non-Binary,Active,Boise,ID,83701,2026-01-01,167757,Salary,Exempt,Bi-Weekly,,P4,Annual Bonus,5032,EEID00685,No,172789,167757,,,,,,Jordan Kim,16775,16775,153,4,135000,147500,160000,172500,185000,104.8
EMP00686,Rachel,,Parker,Rachel Parker,Associate Director of Marketing,Product Marketing,Marketing,EMP00362,2024-07-11,rachel.parker@theguild.com,1988-12-05,Non-Binary,Active,Boston,MA,02101,2026-01-01,163689,Salary,Exempt,Monthly,,P4,Annual Bonus,8184,EEID00686,No,171873,163689,,,,,,Marcus Webb,16368,16368,137,4,135000,147500,160000,172500,185000,102.3
EMP00687,Liam,,Adams,Liam Adams,HR Coordinator,Legal,G&A,EMP00667,2024-11-17,liam.adams@theguild.com,2000-07-28,Male,Active,Atlanta,GA,30301,2026-01-01,59776,Hourly,Exempt,Twice a Month,,P1,Annual Bonus,4782,EEID00687,No,64558,59776,,,,,,Priya Patel,5977,5977,166,1,55000,62500,70000,77500,85000,85.4
EMP00688,Jason,,Lewis,Jason Lewis,Operations Analyst,Business Operations,Operations,EMP00245,2020-06-03,jason.lewis@theguild.com,1981-07-09,Male,Active,Chicago,IL,60601,2026-01-01,112407,Salary,Exempt,Twice a Month,,P2,No Bonus,0,EEID00688,No,112407,112407,,,,,,Priya Patel,11240,11240,125,2,80000,90000,100000,110000,120000,112.4
EMP00689,Kayla,,Johnson,Kayla Johnson,Operations Manager,Program Management,Operations,EMP00185,2020-12-07,kayla.johnson@theguild.com,1991-04-30,Non-Binary,Active,Provo,UT,84601,2026-01-01,162022,Hourly,Exempt,Twice a Month,,P4,No Bonus,0,EEID00689,No,162022,162022,,,,,,Jordan Kim,16202,16202,127,4,135000,147500,160000,172500,185000,101.3
EMP00690,Chloe,,White,Chloe White,Associate Product Manager,UX Research,Product,EMP00665,2019-03-06,chloe.white@theguild.com,1985-03-21,Non-Binary,Active,Lehi,UT,84043,2026-01-01,83178,Salary,Exempt,Twice a Month,,P1,Commission,16635,EEID00690,No,99813,83178,,,,,,Marcus Webb,8317,8317,116,1,55000,62500,70000,77500,85000,118.8
EMP00691,Hazel,,Moore,Hazel Moore,CS Team Lead,Customer Success Management,Customer Success,EMP00162,2019-08-29,hazel.moore@theguild.com,1977-11-10,Non-Binary,Active,Minneapolis,MN,55401,2026-01-01,139237,Salary,Exempt,Bi-Weekly,,P4,Commission,41771,EEID00691,No,181008,139237,,,,,,Emily Stone,13923,13923,153,4,135000,147500,160000,172500,185000,87.0
EMP00692,Olivia,,Torres,Olivia Torres,Enterprise Account Executive,Enterprise Sales,Sales & Revenue,EMP00215,2023-09-12,olivia.torres@theguild.com,1993-04-06,Female,Active,Salt Lake City,UT,84101,2026-01-01,160968,Salary,Exempt,Bi-Weekly,,P4,Annual Bonus,24145,EEID00692,No,185113,160968,,,,,,Priya Patel,16096,16096,145,4,135000,147500,160000,172500,185000,100.6
EMP00693,Alex,,Adams,Alex Adams,Junior Software Engineer,AI & Machine Learning,Engineering & Technology,EMP00157,2023-07-21,alex.adams@theguild.com,1980-05-11,Non-Binary,Active,Chicago,IL,60601,2026-01-01,68556,Salary,Exempt,Monthly,,P1,No Bonus,0,EEID00693,No,68556,68556,,,,,,Emily Stone,6855,6855,204,1,55000,62500,70000,77500,85000,97.9
EMP00694,David,,Sanchez,David Sanchez,CS Team Lead,Renewals,Customer Success,EMP00437,2019-12-28,david.sanchez@theguild.com,1994-04-22,Non-Binary,Active,Los Angeles,CA,90001,2026-01-01,180640,Salary,Exempt,Monthly,,P4,Annual Bonus,14451,EEID00694,No,195091,180640,,,,,,Jordan Kim,18064,18064,153,4,135000,147500,160000,172500,185000,112.9
EMP00695,Emily,,Lopez,Emily Lopez,Senior Account Executive,Channel & Partnerships,Sales & Revenue,EMP00060,2022-03-09,emily.lopez@theguild.com,1979-04-14,Female,Active,San Francisco,CA,94101,2026-01-01,134604,Salary,Exempt,Monthly,,P3,No Bonus,0,EEID00695,No,134604,134604,,,,,,Emily Stone,13460,13460,144,3,105000,116250,127500,138750,150000,105.6
EMP00696,Isla,,Smith,Isla Smith,Junior Software Engineer,AI & Machine Learning,Engineering & Technology,EMP00193,2024-09-22,isla.smith@theguild.com,1991-10-14,Female,Active,Raleigh,NC,27601,2026-01-01,60648,Salary,Exempt,Bi-Weekly,,P1,Annual Bonus,3032,EEID00696,No,63680,60648,,,,,,Jordan Kim,6064,6064,100,1,55000,62500,70000,77500,85000,86.6
EMP00697,Andrew,,Allen,Andrew Allen,Operations Manager,Product Operations,Product,EMP00009,2024-10-07,andrew.allen@theguild.com,1981-12-18,Non-Binary,Active,Boston,MA,02101,2026-01-01,139099,Salary,Exempt,Monthly,,M1,Commission,13909,EEID00697,Yes,153008,139099,,,,,,Jordan Kim,13909,13909,121,1,120000,132500,145000,157500,170000,95.9
EMP00698,Jade,,Morris,Jade Morris,Marketing Coordinator,Corporate Communications,Marketing,EMP00151,2023-05-22,jade.morris@theguild.com,1979-06-07,Male,Active,Raleigh,NC,27601,2026-01-01,66983,Salary,Non-Exempt,Monthly,,P1,Annual Bonus,2009,EEID00698,No,68992,66983,,,,,,Priya Patel,6698,6698,134,1,55000,62500,70000,77500,85000,95.7
EMP00699,Isla,,Torres,Isla Torres,CS Team Lead,Renewals,Customer Success,EMP00135,2022-03-25,isla.torres@theguild.com,1978-09-11,,Active,Denver,CO,80201,2026-01-01,155992,Salary,Exempt,Twice a Month,,P4,Commission,31198,EEID00699,No,187190,155992,,,,,,Emily Stone,15599,15599,153,4,135000,147500,160000,172500,185000,97.5
EMP00700,Cole,,Miller,Cole Miller,Senior Account Executive,Account Management,Sales & Revenue,EMP00665,2024-05-28,cole.miller@theguild.com,1999-05-08,Female,Active,San Jose,CA,95101,2026-01-01,149830,Salary,Exempt,Monthly,,P3,Annual Bonus,22474,EEID00700,No,172304,149830,,,,,,Priya Patel,14983,14983,144,3,105000,116250,127500,138750,150000,117.5
EMP00701,Avery,,Wright,Avery Wright,Staff Software Engineer,Software Engineering,Engineering & Technology,EMP00014,2025-11-03,avery.wright@theguild.com,1977-01-02,Female,Active,Phoenix,AZ,85001,2026-01-01,170242,Salary,Exempt,Bi-Weekly,,P4,No Bonus,0,EEID00701,No,170242,170242,,,,,,Emily Stone,17024,17024,193,4,135000,147500,160000,172500,185000,106.4
EMP00702,Ezra,,Lopez,Ezra Lopez,Design Manager,UX Research,Product,EMP00009,2019-04-22,ezra.lopez@theguild.com,1988-01-11,Male,Active,San Jose,CA,95101,2026-01-01,157430,Hourly,Exempt,Bi-Weekly,,M1,No Bonus,0,EEID00702,Yes,157430,157430,,,,,,Marcus Webb,15743,15743,113,1,120000,132500,145000,157500,170000,108.6
EMP00703,Luke,,Lopez,Luke Lopez,Associate Director of Marketing,Product Marketing,Marketing,EMP00583,2022-08-04,luke.lopez@theguild.com,1975-06-17,,Active,Portland,OR,97201,2026-01-01,144284,Hourly,Exempt,Bi-Weekly,,P4,Annual Bonus,11542,EEID00703,No,155826,144284,,,,,,Jordan Kim,14428,14428,137,4,135000,147500,160000,172500,185000,90.2
EMP00704,Noah,,Moore,Noah Moore,Operations Manager,Corporate Strategy,Operations,EMP00646,2019-04-18,noah.moore@theguild.com,1982-02-16,,Active,Minneapolis,MN,55401,2026-01-01,176060,Salary,Exempt,Bi-Weekly,,P4,Annual Bonus,5281,EEID00704,No,181341,176060,,,,,,Emily Stone,17606,17606,127,4,135000,147500,160000,172500,185000,110.0
EMP00705,Rachel,,Wright,Rachel Wright,Senior Account Executive,SMB Sales,Sales & Revenue,EMP00289,2020-04-07,rachel.wright@theguild.com,1978-11-18,,Active,Provo,UT,84601,2026-01-01,140144,Salary,Exempt,Monthly,,P3,Annual Bonus,14014,EEID00705,No,154158,140144,,,,,,Marcus Webb,14014,14014,144,3,105000,116250,127500,138750,150000,109.9
EMP00706,Chris,,King,Chris King,Junior Software Engineer,IT,Engineering & Technology,EMP00367,2019-08-08,chris.king@theguild.com,1994-10-30,Male,Active,Austin,TX,73301,2026-01-01,82298,Salary,Non-Exempt,Bi-Weekly,,P1,Commission,24689,EEID00706,No,106987,82298,,,,,,Marcus Webb,8229,8229,100,1,55000,62500,70000,77500,85000,117.6
EMP00707,Brian,,Phillips,Brian Phillips,Account Executive,Enterprise Sales,Sales & Revenue,EMP00353,2018-09-18,brian.phillips@theguild.com,1985-02-07,Female,Active,San Jose,CA,95101,2026-01-01,91503,Hourly,Non-Exempt,Bi-Weekly,,P2,Annual Bonus,13725,EEID00707,No,105228,91503,,,,,,Marcus Webb,9150,9150,143,2,80000,90000,100000,110000,120000,91.5
EMP00708,Luke,,Carter,Luke Carter,Senior Finance Manager,Compliance,G&A,EMP00013,2025-09-05,luke.carter@theguild.com,1977-12-03,,Active,Boston,MA,02101,2026-01-01,189430,Salary,Exempt,Bi-Weekly,,M2,Annual Bonus,5682,EEID00708,Yes,195111,189430,,,,,,Emily Stone,18943,18943,164,2,150000,165000,180000,195000,210000,105.2
EMP00709,Emerson,,Phillips,Emerson Phillips,Product Manager,UX Research,Product,EMP00366,2018-05-25,emerson.phillips@theguild.com,2000-04-13,Male,Active,San Jose,CA,95101,2026-01-01,80386,Hourly,Exempt,Bi-Weekly,,P2,No Bonus,0,EEID00709,No,80386,80386,,,,,,Emily Stone,8038,8038,109,2,80000,90000,100000,110000,120000,80.4
EMP00710,Leo,,Morgan,Leo Morgan,CS Team Lead,Renewals,Customer Success,EMP00445,2024-01-07,leo.morgan@theguild.com,1991-02-26,Female,Active,Atlanta,GA,30301,2026-01-01,179753,Hourly,Exempt,Twice a Month,,P4,Annual Bonus,17975,EEID00710,No,197728,179753,,,,,,Marcus Webb,17975,17975,153,4,135000,147500,160000,172500,185000,112.3
EMP00711,Ben,,Baker,Ben Baker,HRBP Lead,People & HR,G&A,EMP00702,2025-12-20,ben.baker@theguild.com,1999-04-16,Female,Active,Salt Lake City,UT,84101,2026-01-01,159122,Salary,Exempt,Monthly,,P4,Commission,31824,EEID00711,No,190946,159122,,,,,,Jordan Kim,15912,15912,161,4,135000,147500,160000,172500,185000,99.5
EMP00712,Chris,,Morris,Chris Morris,HRBP Lead,Procurement,G&A,EMP00697,2025-06-18,chris.morris@theguild.com,1992-11-22,Female,Active,Dallas,TX,75201,2026-01-01,165184,Hourly,Exempt,Bi-Weekly,,P4,Annual Bonus,13214,EEID00712,No,178398,165184,,,,,,Marcus Webb,16518,16518,169,4,135000,147500,160000,172500,185000,103.2
EMP00713,Kayla,,Wilson,Kayla Wilson,Senior HR Business Partner,Talent Acquisition,G&A,EMP00363,2024-02-02,kayla.wilson@theguild.com,1995-04-16,Non-Binary,Active,Denver,CO,80201,2026-01-01,131752,Hourly,Exempt,Bi-Weekly,,P3,Commission,13175,EEID00713,No,144927,131752,,,,,,Jordan Kim,13175,13175,176,3,105000,116250,127500,138750,150000,103.3
EMP00714,Avery,,Gonzalez,Avery Gonzalez,Product Manager,UX Research,Product,EMP00414,2025-08-19,avery.gonzalez@theguild.com,2000-04-09,Female,Active,Denver,CO,80201,2026-01-01,91817,Hourly,Exempt,Bi-Weekly,,P2,No Bonus,0,EEID00714,No,91817,91817,,,,,,Jordan Kim,9181,9181,117,2,80000,90000,100000,110000,120000,91.8
EMP00715,Bryn,,Edwards,Bryn Edwards,Senior Operations Analyst,Corporate Strategy,Operations,EMP00445,2018-03-29,bryn.edwards@theguild.com,1975-05-23,Male,Active,Boise,ID,83701,2026-01-01,113556,Salary,Exempt,Monthly,,P3,Annual Bonus,3406,EEID00715,No,116962,113556,,,,,,Priya Patel,11355,11355,126,3,105000,116250,127500,138750,150000,89.1
EMP00717,Ryan,,Clark,Ryan Clark,Staff Software Engineer,Architecture,Engineering & Technology,EMP00282,2018-06-11,ryan.clark@theguild.com,1981-01-30,,Active,Chicago,IL,60601,2026-01-01,180866,Salary,Exempt,Bi-Weekly,,P4,Commission,18086,EEID00717,No,198952,180866,,,,,,Jordan Kim,18086,18086,193,4,135000,147500,160000,172500,185000,113.0
EMP00719,Liam,,Rogers,Liam Rogers,Product Manager,Product Management,Product,EMP00355,2020-02-26,liam.rogers@theguild.com,1998-01-11,Non-Binary,Active,Raleigh,NC,27601,2026-01-01,85444,Salary,Non-Exempt,Bi-Weekly,,P2,Annual Bonus,6835,EEID00719,No,92279,85444,,,,,,Emily Stone,8544,8544,117,2,80000,90000,100000,110000,120000,85.4
EMP00720,Cole,,Lee,Cole Lee,Senior Product Manager,Product Management,Product,EMP00345,2019-06-20,cole.lee@theguild.com,1975-06-24,Male,Active,Minneapolis,MN,55401,2026-01-01,133373,Salary,Exempt,Bi-Weekly,,P3,Commission,13337,EEID00720,No,146710,133373,,,,,,Priya Patel,13337,13337,118,3,105000,116250,127500,138750,150000,104.6
EMP00721,Noah,,Gonzalez,Noah Gonzalez,Senior Marketing Manager,Sales Enablement,Marketing,EMP00496,2020-12-07,noah.gonzalez@theguild.com,1999-10-12,Female,Active,Phoenix,AZ,85001,2026-01-01,129038,Hourly,Exempt,Bi-Weekly,,P3,Annual Bonus,10323,EEID00721,No,139361,129038,,,,,,Jordan Kim,12903,12903,136,3,105000,116250,127500,138750,150000,101.2
EMP00722,Ben,,Moore,Ben Moore,Junior Software Engineer,IT,Engineering & Technology,EMP00092,2018-09-24,ben.moore@theguild.com,1981-11-28,Female,Active,New York,NY,10001,2026-01-01,84354,Salary,Exempt,Monthly,,P1,Annual Bonus,6748,EEID00722,No,91102,84354,,,,,,Emily Stone,8435,8435,204,1,55000,62500,70000,77500,85000,120.5
EMP00724,Rachel,,Garcia,Rachel Garcia,Finance Manager,Legal,G&A,EMP00013,2024-10-15,rachel.garcia@theguild.com,1983-05-07,,Active,Boulder,CO,80301,2026-01-01,166987,Salary,Exempt,Twice a Month,,M1,Annual Bonus,16698,EEID00724,Yes,183685,166987,,,,,,Priya Patel,16698,16698,163,1,120000,132500,145000,157500,170000,115.2
EMP00725,Peyton,,Murphy,Peyton Murphy,Operations Associate,Business Operations,Operations,EMP00261,2021-08-09,peyton.murphy@theguild.com,1985-03-19,Female,Active,Lehi,UT,84043,2026-01-01,61478,Salary,Exempt,Monthly,,P1,Annual Bonus,3073,EEID00725,No,64550,61478,,,,,,Jordan Kim,6147,6147,124,1,55000,62500,70000,77500,85000,87.8
EMP00726,Peyton,,Jackson,Peyton Jackson,Senior Customer Success Manager,Professional Services,Customer Success,EMP00353,2018-09-22,peyton.jackson@theguild.com,1977-10-06,Male,Active,Boulder,CO,80301,2026-01-01,121446,Salary,Exempt,Bi-Weekly,,P3,Annual Bonus,6072,EEID00726,No,127518,121446,,,,,,Jordan Kim,12144,12144,152,3,105000,116250,127500,138750,150000,95.3
EMP00727,Dylan,,Cook,Dylan Cook,Finance Manager,Finance,G&A,EMP00708,2021-07-30,dylan.cook@theguild.com,1995-03-22,Non-Binary,Active,Los Angeles,CA,90001,2026-01-01,135786,Salary,Exempt,Monthly,,P4,Commission,27157,EEID00727,No,162943,135786,,,,,,Jordan Kim,13578,13578,177,4,135000,147500,160000,172500,185000,84.9
EMP00728,Chloe,,Young,Chloe Young,Account Executive,Account Management,Sales & Revenue,EMP00646,2023-01-27,chloe.young@theguild.com,1981-11-06,Female,Active,Minneapolis,MN,55401,2026-01-01,82798,Hourly,Non-Exempt,Twice a Month,,P2,Commission,16559,EEID00728,No,99357,82798,,,,,,Jordan Kim,8279,8279,143,2,80000,90000,100000,110000,120000,82.8
EMP00729,Luna,,Johnson,Luna Johnson,Operations Manager,Corporate Strategy,Operations,EMP00009,2018-03-09,luna.johnson@theguild.com,1992-07-20,,Active,Boston,MA,02101,2026-01-01,158967,Salary,Exempt,Bi-Weekly,,P4,Annual Bonus,4769,EEID00729,No,163736,158967,,,,,,Marcus Webb,15896,15896,185,4,135000,147500,160000,172500,185000,99.4
EMP00730,Sam,,Perez,Sam Perez,Product Manager,Product Management,Product,EMP00193,2018-09-02,sam.perez@theguild.com,1990-11-07,Male,Active,Raleigh,NC,27601,2026-01-01,94925,Hourly,Non-Exempt,Bi-Weekly,,P2,Commission,28477,EEID00730,No,123402,94925,,,,,,Emily Stone,9492,9492,117,2,80000,90000,100000,110000,120000,94.9
EMP00732,Isla,,Jackson,Isla Jackson,Account Executive,Revenue Operations,Sales & Revenue,EMP00010,2020-08-14,isla.jackson@theguild.com,1989-01-07,,Active,Phoenix,AZ,85001,2026-01-01,84136,Salary,Exempt,Bi-Weekly,,P2,No Bonus,0,EEID00732,No,84136,84136,,,,,,Priya Patel,8413,8413,143,2,80000,90000,100000,110000,120000,84.1
EMP00733,Sage,,Perez,Sage Perez,Customer Success Manager,Implementation & Onboarding,Customer Success,EMP00595,2019-01-27,sage.perez@theguild.com,1992-03-25,Female,Active,Chicago,IL,60601,2026-01-01,118852,Hourly,Non-Exempt,Monthly,,P2,Annual Bonus,17827,EEID00733,No,136679,118852,,,,,,Priya Patel,11885,11885,151,2,80000,90000,100000,110000,120000,118.9
EMP00734,Michael,,King,Michael King,Senior Marketing Manager,Corporate Communications,Marketing,EMP00193,2020-10-07,michael.king@theguild.com,1985-01-07,Male,Active,Portland,OR,97201,2026-01-01,130531,Salary,Exempt,Bi-Weekly,,P3,Annual Bonus,13053,EEID00734,No,143584,130531,,,,,,Priya Patel,13053,13053,136,3,105000,116250,127500,138750,150000,102.4
EMP00736,Noah,,Ramirez,Noah Ramirez,Financial Analyst,Finance,G&A,EMP00011,2025-01-07,noah.ramirez@theguild.com,1992-02-20,Female,Active,Phoenix,AZ,85001,2026-01-01,81656,Salary,Non-Exempt,Twice a Month,,P2,Annual Bonus,8165,EEID00736,No,89820,81656,,,,,,Jordan Kim,8165,8165,175,2,80000,90000,100000,110000,120000,81.7
EMP00737,Nate,,Miller,Nate Miller,Enterprise Account Executive,Account Management,Sales & Revenue,EMP00134,2023-05-09,nate.miller@theguild.com,1991-07-18,Female,Active,San Francisco,CA,94101,2026-01-01,173435,Salary,Exempt,Monthly,,P4,Annual Bonus,26015,EEID00737,No,199450,173435,,,,,,Priya Patel,17343,17343,145,4,135000,147500,160000,172500,185000,108.4
EMP00738,Noah,,Scott,Noah Scott,Staff Software Engineer,Platform Engineering,Engineering & Technology,EMP00731,2019-06-25,noah.scott@theguild.com,1997-04-12,Male,Active,Salt Lake City,UT,84101,2026-01-01,175178,Salary,Exempt,Monthly,,P4,Commission,17517,EEID00738,No,192695,175178,,,,,,Emily Stone,17517,17517,193,4,135000,147500,160000,172500,185000,109.5
EMP00739,Amanda,,Martinez,Amanda Martinez,Software Engineer,Architecture,Engineering & Technology,EMP00345,2023-11-20,amanda.martinez@theguild.com,1993-09-04,,Active,Los Angeles,CA,90001,2026-01-01,103401,Salary,Non-Exempt,Twice a Month,,P2,Commission,10340,EEID00739,No,113741,103401,,,,,,Marcus Webb,10340,10340,191,2,80000,90000,100000,110000,120000,103.4
EMP00740,Jade,,Stewart,Jade Stewart,Junior Software Engineer,Security,Engineering & Technology,EMP00023,2018-06-22,jade.stewart@theguild.com,1984-10-28,Female,Active,Lehi,UT,84043,2026-01-01,62840,Salary,Exempt,Bi-Weekly,,P1,Commission,6284,EEID00740,No,69124,62840,,,,,,Marcus Webb,6284,6284,100,1,55000,62500,70000,77500,85000,89.8
EMP00741,Amanda,,Allen,Amanda Allen,Enterprise Account Executive,Revenue Operations,Sales & Revenue,EMP00011,2018-05-28,amanda.allen@theguild.com,1984-05-14,Female,Active,Phoenix,AZ,85001,2026-01-01,167258,Salary,Exempt,Monthly,,P4,Annual Bonus,25088,EEID00741,No,192346,167258,,,,,,Jordan Kim,16725,16725,145,4,135000,147500,160000,172500,185000,104.5
EMP00742,Alex,,Thompson,Alex Thompson,Senior Financial Analyst,Legal,G&A,EMP00152,2023-09-24,alex.thompson@theguild.com,1992-06-03,Female,Active,Boise,ID,83701,2026-01-01,118944,Salary,Exempt,Bi-Weekly,,P3,Commission,23788,EEID00742,No,142732,118944,,,,,,Marcus Webb,11894,11894,168,3,105000,116250,127500,138750,150000,93.3
EMP00743,Drew,,Taylor,Drew Taylor,Senior Account Executive,Sales Development,Sales & Revenue,EMP00289,2018-06-20,drew.taylor@theguild.com,1992-05-19,Male,Active,Minneapolis,MN,55401,2026-01-01,147628,Hourly,Exempt,Bi-Weekly,,P3,Annual Bonus,4428,EEID00743,No,152056,147628,,,,,,Marcus Webb,14762,14762,144,3,105000,116250,127500,138750,150000,115.8
EMP00744,Megan,,Parker,Megan Parker,Customer Success Manager,Renewals,Customer Success,EMP00014,2020-06-05,megan.parker@theguild.com,1983-02-12,Non-Binary,Active,Chicago,IL,60601,2026-01-01,110394,Salary,Exempt,Monthly,,P2,Annual Bonus,3311,EEID00744,No,113705,110394,,,,,,Marcus Webb,11039,11039,151,2,80000,90000,100000,110000,120000,110.4
EMP00745,Violet,,Phillips,Violet Phillips,Associate Director of Marketing,Events & Community,Marketing,EMP00567,2024-12-11,violet.phillips@theguild.com,1977-03-30,Male,Active,Chicago,IL,60601,2026-01-01,166468,Salary,Exempt,Monthly,,P4,Annual Bonus,4994,EEID00745,No,171462,166468,,,,,,Priya Patel,16646,16646,137,4,135000,147500,160000,172500,185000,104.0
EMP00746,Alex,,Martin,Alex Martin,Marketing Specialist,Sales Enablement,Marketing,EMP00215,2018-04-02,alex.martin@theguild.com,1988-05-05,Male,Active,Phoenix,AZ,85001,2026-01-01,104120,Salary,Exempt,Bi-Weekly,,P2,Commission,31236,EEID00746,No,135356,104120,,,,,,Emily Stone,10412,10412,135,2,80000,90000,100000,110000,120000,104.1
EMP00747,Will,,Martinez,Will Martinez,Account Executive,Account Management,Sales & Revenue,EMP00171,2025-11-18,will.martinez@theguild.com,2000-04-06,,Active,Austin,TX,73301,2026-01-01,111228,Salary,Non-Exempt,Bi-Weekly,,P2,Annual Bonus,3336,EEID00747,No,114564,111228,,,,,,Emily Stone,11122,11122,143,2,80000,90000,100000,110000,120000,111.2
EMP00748,Stephanie,,Wilson,Stephanie Wilson,Junior Software Engineer,Platform Engineering,Engineering & Technology,EMP00429,2021-02-27,stephanie.wilson@theguild.com,1996-06-29,Female,Active,San Francisco,CA,94101,2026-01-01,69171,Salary,Exempt,Bi-Weekly,,P1,No Bonus,0,EEID00748,No,69171,69171,,,,,,Priya Patel,6917,6917,190,1,55000,62500,70000,77500,85000,98.8
EMP00749,Taylor,,Carter,Taylor Carter,Enterprise Account Executive,Sales Development,Sales & Revenue,EMP00408,2018-12-29,taylor.carter@theguild.com,1991-06-23,,Active,Raleigh,NC,27601,2026-01-01,171910,Salary,Exempt,Monthly,,P4,Annual Bonus,13752,EEID00749,No,185662,171910,,,,,,Jordan Kim,17191,17191,145,4,135000,147500,160000,172500,185000,107.4
EMP00750,June,,Hernandez,June Hernandez,Account Executive,Revenue Operations,Sales & Revenue,EMP00171,2025-07-30,june.hernandez@theguild.com,1999-04-29,,Active,Atlanta,GA,30301,2026-01-01,106673,Hourly,Non-Exempt,Bi-Weekly,,P2,Annual Bonus,10667,EEID00750,No,117340,106673,,,,,,Priya Patel,10667,10667,143,2,80000,90000,100000,110000,120000,106.7
