Employee #,First Name,Preferred Name,Last Name,First Name Last Name,Job Title,Department,Division,Reporting to,Hire Date,Work Email,Birth Date,Gender,Employment Status,City,State,Zip Code,Compensation: Date,Pay rate,Time Type,Exempt,Pay Schedule,Termination Date,Radford Level,Bonus Type,Bonus Amount,EEID
EMP00001,Alistair,,Ironwood,Alistair Ironwood,CEO,Corporate Strategy,Operations,,2015-03-01,alistair.ironwood@theguild.com,1975-06-15,Male,Active,Salt Lake City,UT,84101,2026-01-01,1500000,Salary,Exempt,Monthly,,E6,Annual Bonus,3000000,EEID00001
EMP00002,Meredith,,Kingsley,Meredith Kingsley,CFO,Finance,G&A,EMP00001,2019-04-04,meredith.kingsley@theguild.com,1975-12-15,Male,Active,Salt Lake City,TX,84101,2026-01-01,346810,Salary,Exempt,Monthly,,E1,Annual Bonus,173405,EEID00002
EMP00003,Dorian,,Blackthorn,Dorian Blackthorn,CTO,Architecture,Engineering & Technology,EMP00001,2018-06-12,dorian.blackthorn@theguild.com,1983-08-07,Male,Active,Austin,CA,84101,2026-01-01,564457,Salary,Exempt,Monthly,,E2,Annual Bonus,282228,EEID00003
EMP00004,Seraphina,,Ravenscroft,Seraphina Ravenscroft,CMO,Corporate Communications,Marketing,EMP00001,2019-12-22,seraphina.ravenscroft@theguild.com,1979-10-13,Male,Active,San Francisco,NY,84101,2026-01-01,523271,Salary,Exempt,Monthly,,E3,Annual Bonus,313962,EEID00004
EMP00005,Thorne,,Ashford,Thorne Ashford,CRO,Revenue Operations,Sales & Revenue,EMP00001,2019-09-22,thorne.ashford@theguild.com,1977-05-28,Female,Active,Salt Lake City,NY,84101,2026-01-01,673372,Salary,Exempt,Monthly,,E4,Annual Bonus,336686,EEID00005
EMP00006,Gideon,,Stonewall,Gideon Stonewall,COO,Corporate Strategy,Operations,EMP00001,2017-10-30,gideon.stonewall@theguild.com,1979-01-10,Female,Active,San Francisco,CA,84101,2026-01-01,1656462,Salary,Exempt,Monthly,,E5,Annual Bonus,993877,EEID00006
EMP00007,Eleanor,,Whitmore,Eleanor Whitmore,General Counsel,Legal,G&A,EMP00001,2018-02-15,eleanor.whitmore@theguild.com,1985-03-11,Female,Active,New York,TX,84101,2026-01-01,4288916,Salary,Exempt,Monthly,,E6,Annual Bonus,1286674,EEID00007
EMP00008,Will,,Jackson,Will Jackson,Director of Engineering,Software Engineering,Engineering & Technology,EMP00005,2021-05-29,will.jackson@theguild.com,1985-03-24,Female,Active,Denver,CO,84101,2026-01-01,202549,Salary,Exempt,Monthly,,M3,Annual Bonus,40509,EEID00008
EMP00009,Lauren,,Carter,Lauren Carter,Director of Design,Product Management,Product,EMP00003,2019-11-22,lauren.carter@theguild.com,1985-07-08,Male,Active,San Francisco,TX,84101,2026-01-01,186114,Salary,Exempt,Monthly,,M3,Annual Bonus,18611,EEID00009
EMP00010,Taylor,,Williams,Taylor Williams,Director of Sales,Enterprise Sales,Sales & Revenue,EMP00005,2020-06-05,taylor.williams@theguild.com,1979-08-20,Female,Active,Denver,WA,84101,2026-01-01,207092,Salary,Exempt,Monthly,,M3,Annual Bonus,41418,EEID00010
EMP00011,Nora,,Thomas,Nora Thomas,Director of Marketing,Demand Generation,Marketing,EMP00001,2021-03-18,nora.thomas@theguild.com,1980-05-23,Female,Active,San Francisco,CA,84101,2026-01-01,194342,Salary,Exempt,Monthly,,M3,Commission,9717,EEID00011
EMP00012,Kayla,,Rogers,Kayla Rogers,Director of Customer Success,Customer Success Management,Customer Success,EMP00005,2017-10-01,kayla.rogers@theguild.com,1988-06-03,Female,Active,Denver,WA,84101,2026-01-01,190906,Salary,Exempt,Monthly,,M3,Commission,38181,EEID00012
EMP00013,Leo,,Lewis,Leo Lewis,Director of Finance,Finance,G&A,EMP00002,2021-09-17,leo.lewis@theguild.com,1984-03-21,Female,Active,San Francisco,TX,84101,2026-01-01,208972,Salary,Exempt,Monthly,,M3,Commission,10448,EEID00013
EMP00014,Ben,,Thomas,Ben Thomas,Director of Analytics,Business Operations,Operations,EMP00003,2018-10-17,ben.thomas@theguild.com,1990-02-11,Male,Active,San Francisco,CA,84101,2026-01-01,210614,Salary,Exempt,Monthly,,M3,Annual Bonus,42122,EEID00014
EMP00015,Stephanie,,Turner,Stephanie Turner,Senior Product Manager,Product Management,Product,EMP00009,2021-12-11,stephanie.turner@theguild.com,1988-05-24,,Active,Dallas,TX,75201,2026-01-01,109080,Salary,Exempt,Twice a Month,,P3,Commission,10908,EEID00015
EMP00016,Reid,,Campbell,Reid Campbell,Senior HR Business Partner,Talent Acquisition,G&A,EMP00011,2023-12-28,reid.campbell@theguild.com,1976-03-17,,Active,Dallas,TX,75201,2026-01-01,106902,Salary,Exempt,Twice a Month,,P3,Annual Bonus,16035,EEID00016
EMP00017,Michael,,Nelson,Michael Nelson,Marketing Specialist,Content Marketing,Marketing,EMP00010,2018-12-02,michael.nelson@theguild.com,1996-02-05,Male,Active,Los Angeles,CA,90001,2026-01-01,104844,Salary,Non-Exempt,Bi-Weekly,,P2,Commission,20968,EEID00017
EMP00018,Dylan,,Anderson,Dylan Anderson,Finance Associate,Legal,G&A,EMP00014,2019-04-14,dylan.anderson@theguild.com,2000-04-19,Female,Active,New York,NY,10001,2026-01-01,61532,Salary,Exempt,Twice a Month,,P1,No Bonus,0,EEID00018
EMP00019,Jake,,Evans,Jake Evans,Sales Development Representative,SMB Sales,Sales & Revenue,EMP00012,2025-09-29,jake.evans@theguild.com,1985-11-22,Male,Active,Salt Lake City,UT,84101,2026-01-01,58542,Hourly,Non-Exempt,Bi-Weekly,,P1,Annual Bonus,8781,EEID00019
EMP00020,Rowan,,Collins,Rowan Collins,Staff Software Engineer,Software Engineering,Engineering & Technology,EMP00013,2025-02-16,rowan.collins@theguild.com,1995-08-16,Female,Active,Phoenix,AZ,85001,2026-01-01,168158,Hourly,Exempt,Monthly,,P4,Commission,33631,EEID00020
EMP00021,Andrew,,Phillips,Andrew Phillips,CS Team Lead,Renewals,Customer Success,EMP00012,2023-03-19,andrew.phillips@theguild.com,2000-07-24,,Active,Chicago,IL,60601,2026-01-01,182908,Salary,Exempt,Bi-Weekly,,P4,Commission,18290,EEID00021
EMP00022,Taylor,,Young,Taylor Young,Operations Analyst,Data Analytics & Insights,Operations,EMP00010,2023-06-25,taylor.young@theguild.com,1999-11-27,Female,Terminated,Portland,OR,97201,2026-01-01,102304,Salary,Exempt,Monthly,2026-12-07,P2,Annual Bonus,10230,EEID00022
EMP00023,Cole,,Lewis,Cole Lewis,Operations Manager,Business Operations,Operations,EMP00014,2024-03-04,cole.lewis@theguild.com,1989-11-02,Non-Binary,Active,Raleigh,NC,27601,2026-01-01,140067,Salary,Exempt,Twice a Month,,M1,No Bonus,0,EEID00023
EMP00024,Sam,,Martin,Sam Martin,Sales Manager,Sales Development,Sales & Revenue,EMP00010,2021-04-28,sam.martin@theguild.com,1985-03-16,Non-Binary,Active,Raleigh,NC,27601,2026-01-01,168685,Salary,Exempt,Bi-Weekly,,M1,Annual Bonus,8434,EEID00024
EMP00025,Will,,Smith,Will Smith,HR Coordinator,People & HR,G&A,EMP00023,2020-01-26,will.smith@theguild.com,1977-04-21,Non-Binary,Active,San Francisco,CA,94101,2026-01-01,59137,Salary,Non-Exempt,Twice a Month,,P1,Commission,11827,EEID00025
EMP00026,Daniel,,Stewart,Daniel Stewart,Junior Software Engineer,Platform Engineering,Engineering & Technology,EMP00012,2023-01-20,daniel.stewart@theguild.com,1994-11-10,Non-Binary,Active,Chicago,IL,60601,2026-01-01,81579,Salary,Non-Exempt,Bi-Weekly,,P1,Commission,16315,EEID00026
EMP00027,Aria,,Torres,Aria Torres,Customer Success Associate,Customer Success Management,Customer Success,EMP00009,2025-09-24,aria.torres@theguild.com,1996-01-30,Non-Binary,Active,Boston,MA,02101,2026-01-01,63671,Salary,Exempt,Monthly,,P1,Commission,12734,EEID00027
EMP00028,Samantha,,Jackson,Samantha Jackson,Finance Manager,Facilities & Admin,G&A,EMP00012,2020-07-09,samantha.jackson@theguild.com,1981-09-07,Non-Binary,Active,Provo,UT,84601,2026-01-01,150297,Salary,Exempt,Twice a Month,,P4,Annual Bonus,22544,EEID00028
EMP00029,Sarah,,Brown,Sarah Brown,Senior Product Manager,UX Research,Product,EMP00012,2018-06-13,sarah.brown@theguild.com,1994-05-19,Non-Binary,Active,Portland,OR,97201,2026-01-01,135716,Hourly,Exempt,Twice a Month,,P3,Annual Bonus,20357,EEID00029
EMP00030,Taylor,,Garcia,Taylor Garcia,Senior Product Manager,Product Management,Product,EMP00024,2023-07-08,taylor.garcia@theguild.com,1979-02-03,,Active,Portland,OR,97201,2026-01-01,135834,Salary,Exempt,Twice a Month,,P3,No Bonus,0,EEID00030
EMP00031,Owen,,Perez,Owen Perez,Senior Account Executive,Mid-Market Sales,Sales & Revenue,EMP00014,2020-10-30,owen.perez@theguild.com,1989-07-02,Male,Active,Lehi,UT,84043,2026-01-01,123888,Salary,Exempt,Twice a Month,,P3,Annual Bonus,9911,EEID00031
EMP00032,Aria,,Stewart,Aria Stewart,Junior Software Engineer,Architecture,Engineering & Technology,EMP00023,2025-10-31,aria.stewart@theguild.com,1996-09-28,Male,Active,San Jose,CA,95101,2026-01-01,66854,Salary,Non-Exempt,Bi-Weekly,,P1,Annual Bonus,6685,EEID00032
EMP00033,Drew,,Collins,Drew Collins,Associate Product Manager,Product Design,Product,EMP00009,2021-01-24,drew.collins@theguild.com,1993-08-21,,Active,Seattle,WA,98101,2026-01-01,62362,Salary,Non-Exempt,Bi-Weekly,,P1,Commission,18708,EEID00033
EMP00034,Kayla,,Robinson,Kayla Robinson,Customer Success Manager,Customer Support,Customer Success,EMP00013,2025-05-27,kayla.robinson@theguild.com,1996-12-18,Female,Terminated,Portland,OR,97201,2026-01-01,107193,Salary,Non-Exempt,Bi-Weekly,2025-11-05,P2,Commission,32157,EEID00034
EMP00035,Reid,,Walker,Reid Walker,Enterprise Account Executive,Revenue Operations,Sales & Revenue,EMP00011,2025-11-28,reid.walker@theguild.com,1992-02-07,,Active,Chicago,IL,60601,2026-01-01,147363,Hourly,Exempt,Monthly,,P4,Annual Bonus,14736,EEID00035
EMP00036,Violet,,Williams,Violet Williams,Staff Product Manager,UX Research,Product,EMP00010,2024-12-27,violet.williams@theguild.com,1992-10-30,Male,Active,New York,NY,10001,2026-01-01,136005,Salary,Exempt,Twice a Month,,P4,Annual Bonus,10880,EEID00036
EMP00037,Reid,,Harris,Reid Harris,Sales Development Representative,Account Management,Sales & Revenue,EMP00012,2025-10-13,reid.harris@theguild.com,1988-06-07,Male,Part Time,Austin,TX,73301,2026-01-01,75681,Hourly,Exempt,Monthly,,P1,Commission,7568,EEID00037
EMP00038,Ella,,Edwards,Ella Edwards,Staff Software Engineer,Data Engineering,Engineering & Technology,EMP00014,2022-04-16,ella.edwards@theguild.com,1985-10-20,,Active,Boston,MA,02101,2026-01-01,169810,Salary,Exempt,Bi-Weekly,,P4,Annual Bonus,25471,EEID00038
EMP00039,Samantha,,Robinson,Samantha Robinson,HR Coordinator,Facilities & Admin,G&A,EMP00024,2020-10-21,samantha.robinson@theguild.com,1995-06-29,Non-Binary,Active,Minneapolis,MN,55401,2026-01-01,77203,Salary,Non-Exempt,Twice a Month,,P1,No Bonus,0,EEID00039
EMP00040,Zoe,,Nguyen,Zoe Nguyen,Senior Marketing Manager,Brand Marketing,Marketing,EMP00014,2024-10-22,zoe.nguyen@theguild.com,1990-10-21,Female,Active,Provo,UT,84601,2026-01-01,106437,Salary,Exempt,Twice a Month,,P3,Annual Bonus,5321,EEID00040
EMP00041,Emerson,,Taylor,Emerson Taylor,HR Coordinator,People & HR,G&A,EMP00013,2019-06-26,emerson.taylor@theguild.com,1999-03-13,Non-Binary,Active,Austin,TX,73301,2026-01-01,56093,Salary,Non-Exempt,Twice a Month,,P1,Annual Bonus,2804,EEID00041
EMP00042,Lauren,,Taylor,Lauren Taylor,Senior Operations Analyst,FP&A,Operations,EMP00009,2018-02-27,lauren.taylor@theguild.com,1986-11-11,Male,Active,Chicago,IL,60601,2026-01-01,135692,Hourly,Exempt,Bi-Weekly,,P3,Annual Bonus,13569,EEID00042
EMP00043,Chloe,,Mitchell,Chloe Mitchell,Senior Financial Analyst,Facilities & Admin,G&A,EMP00023,2018-09-16,chloe.mitchell@theguild.com,1995-10-29,Non-Binary,Active,Lehi,UT,84043,2026-01-01,120323,Salary,Exempt,Bi-Weekly,,P3,No Bonus,0,EEID00043
EMP00044,Daniel,,Rodriguez,Daniel Rodriguez,Staff Software Engineer,Software Engineering,Engineering & Technology,EMP00024,2019-09-25,daniel.rodriguez@theguild.com,1993-08-11,Male,Active,Minneapolis,MN,55401,2026-01-01,150387,Salary,Exempt,Twice a Month,,P4,Commission,45116,EEID00044
EMP00045,Skyler,,Clark,Skyler Clark,Account Executive,Enterprise Sales,Sales & Revenue,EMP00013,2019-05-16,skyler.clark@theguild.com,1995-05-26,Male,Active,Atlanta,GA,30301,2026-01-01,95473,Salary,Exempt,Twice a Month,,P2,Annual Bonus,4773,EEID00045
EMP00046,Rowan,,Johnson,Rowan Johnson,Software Engineer,AI & Machine Learning,Engineering & Technology,EMP00011,2019-06-17,rowan.johnson@theguild.com,1999-03-26,Non-Binary,Active,Chicago,IL,60601,2026-01-01,116320,Salary,Exempt,Monthly,,P2,Annual Bonus,5816,EEID00046
EMP00047,Daniel,,Carter,Daniel Carter,Senior Ops Manager,Business Operations,Operations,EMP00014,2018-09-18,daniel.carter@theguild.com,1996-05-12,,Active,New York,NY,10001,2026-01-01,151034,Hourly,Exempt,Monthly,,M2,No Bonus,0,EEID00047
EMP00048,Aria,,Hill,Aria Hill,Junior Software Engineer,IT,Engineering & Technology,EMP00008,2022-12-22,aria.hill@theguild.com,1978-04-19,Male,Active,Raleigh,NC,27601,2026-01-01,76080,Hourly,Non-Exempt,Monthly,,P1,Commission,22824,EEID00048
EMP00049,Drew,,Martinez,Drew Martinez,Senior Software Engineer,Quality Assurance,Engineering & Technology,EMP00024,2020-07-24,drew.martinez@theguild.com,1993-07-24,Non-Binary,Active,Seattle,WA,98101,2026-01-01,134734,Salary,Exempt,Bi-Weekly,,P3,Commission,26946,EEID00049
EMP00050,Nora,,Clark,Nora Clark,Senior HR Business Partner,Legal,G&A,EMP00023,2019-06-17,nora.clark@theguild.com,1999-12-16,Male,Active,Austin,TX,73301,2026-01-01,115003,Salary,Exempt,Twice a Month,,P3,Annual Bonus,9200,EEID00050
EMP00051,Ashley,,Clark,Ashley Clark,Sales Development Representative,Channel & Partnerships,Sales & Revenue,EMP00009,2024-03-28,ashley.clark@theguild.com,1991-06-28,Male,Active,Denver,CO,80201,2026-01-01,66522,Salary,Non-Exempt,Bi-Weekly,,P1,Annual Bonus,5321,EEID00051
EMP00052,Bryn,,Anderson,Bryn Anderson,Operations Associate,FP&A,Operations,EMP00012,2024-05-08,bryn.anderson@theguild.com,1992-12-23,Male,Active,Salt Lake City,UT,84101,2026-01-01,60911,Salary,Non-Exempt,Monthly,,P1,Annual Bonus,3045,EEID00052
EMP00053,Taylor,,Garcia,Taylor Garcia,HRBP Lead,Talent Acquisition,G&A,EMP00012,2024-12-05,taylor.garcia@theguild.com,1977-03-26,Male,Active,Provo,UT,84601,2026-01-01,159251,Salary,Exempt,Monthly,,P4,Annual Bonus,7962,EEID00053
EMP00054,Kai,,Carter,Kai Carter,Associate Director of Marketing,Corporate Communications,Marketing,EMP00024,2025-08-11,kai.carter@theguild.com,1996-10-29,Non-Binary,Active,Phoenix,AZ,85001,2026-01-01,184475,Salary,Exempt,Bi-Weekly,,P4,No Bonus,0,EEID00054
EMP00055,Jason,,Sanchez,Jason Sanchez,Senior CS Manager,Customer Success Management,Customer Success,EMP00012,2022-10-30,jason.sanchez@theguild.com,1982-11-18,Female,Active,Seattle,WA,98101,2026-01-01,200080,Salary,Exempt,Twice a Month,,M2,No Bonus,0,EEID00055
EMP00056,Reid,,Turner,Reid Turner,Design Manager,UX Research,Product,EMP00009,2025-03-07,reid.turner@theguild.com,1993-09-26,Non-Binary,Active,Provo,UT,84601,2026-01-01,150130,Hourly,Exempt,Twice a Month,,M1,No Bonus,0,EEID00056
EMP00057,Nora,,Johnson,Nora Johnson,Enterprise Account Executive,SMB Sales,Sales & Revenue,EMP00009,2021-10-22,nora.johnson@theguild.com,1984-12-09,Non-Binary,Active,Provo,UT,84601,2026-01-01,163620,Hourly,Exempt,Monthly,,P4,Commission,32724,EEID00057
EMP00058,Sarah,,Allen,Sarah Allen,HR Generalist,Legal,G&A,EMP00011,2018-11-05,sarah.allen@theguild.com,1982-12-12,,Active,Portland,OR,97201,2026-01-01,89679,Salary,Exempt,Bi-Weekly,,P2,No Bonus,0,EEID00058
EMP00059,Blake,,Parker,Blake Parker,Senior Customer Success Manager,Professional Services,Customer Success,EMP00009,2018-10-31,blake.parker@theguild.com,1988-12-03,,Active,Salt Lake City,UT,84101,2026-01-01,133820,Salary,Exempt,Monthly,,P3,Annual Bonus,20073,EEID00059
EMP00060,Casey,,Brown,Casey Brown,Sales Manager,Sales Operations,Sales & Revenue,EMP00010,2023-05-03,casey.brown@theguild.com,1997-06-28,Female,Contractor,San Jose,CA,95101,2026-01-01,158032,Hourly,Exempt,Bi-Weekly,,M1,Annual Bonus,23704,EEID00060
EMP00061,Aurora,,Miller,Aurora Miller,Operations Associate,Data Analytics & Insights,Operations,EMP00056,2022-08-02,aurora.miller@theguild.com,1990-03-06,Male,Active,Minneapolis,MN,55401,2026-01-01,63118,Salary,Non-Exempt,Bi-Weekly,,P1,Annual Bonus,6311,EEID00061
EMP00062,James,,Perez,James Perez,Senior Software Engineer,Architecture,Engineering & Technology,EMP00047,2025-05-11,james.perez@theguild.com,1992-07-31,Female,Active,Los Angeles,CA,90001,2026-01-01,148028,Salary,Exempt,Bi-Weekly,,P3,Annual Bonus,11842,EEID00062
EMP00063,Aria,,Scott,Aria Scott,Marketing Coordinator,Events & Community,Marketing,EMP00013,2019-09-27,aria.scott@theguild.com,1978-06-18,Non-Binary,Active,Denver,CO,80201,2026-01-01,55597,Salary,Non-Exempt,Bi-Weekly,,P1,Annual Bonus,2779,EEID00063
EMP00064,Finn,,Evans,Finn Evans,Customer Success Associate,Renewals,Customer Success,EMP00014,2025-08-02,finn.evans@theguild.com,1985-08-27,,Active,Boston,MA,02101,2026-01-01,74570,Salary,Non-Exempt,Monthly,,P1,Commission,14914,EEID00064
EMP00065,Aurora,,Anderson,Aurora Anderson,CS Team Lead,Customer Support,Customer Success,EMP00047,2022-09-11,aurora.anderson@theguild.com,1982-04-09,Female,Leave of Absence,Minneapolis,MN,55401,2026-01-01,179453,Salary,Exempt,Twice a Month,,P4,Commission,53835,EEID00065
EMP00066,Jake,,Brown,Jake Brown,Finance Associate,Compliance,G&A,EMP00060,2021-12-02,jake.brown@theguild.com,1976-03-12,,Active,Minneapolis,MN,55401,2026-01-01,57748,Salary,Non-Exempt,Monthly,,P1,Annual Bonus,5774,EEID00066
EMP00067,Liam,,Allen,Liam Allen,Sales Development Representative,Sales Development,Sales & Revenue,EMP00013,2025-10-22,liam.allen@theguild.com,1981-03-23,,Terminated,Los Angeles,CA,90001,2026-01-01,55923,Salary,Exempt,Monthly,2026-08-24,P1,Annual Bonus,5592,EEID00067
EMP00068,Skyler,,Smith,Skyler Smith,Software Engineer,Software Engineering,Engineering & Technology,EMP00011,2023-08-10,skyler.smith@theguild.com,1999-01-17,Male,Active,San Jose,CA,95101,2026-01-01,98881,Salary,Non-Exempt,Twice a Month,,P2,Annual Bonus,2966,EEID00068
EMP00069,Matt,,Jackson,Matt Jackson,Marketing Specialist,Demand Generation,Marketing,EMP00024,2022-03-10,matt.jackson@theguild.com,1986-05-18,Male,Contractor,Austin,TX,73301,2026-01-01,85610,Salary,Non-Exempt,Twice a Month,,P2,Annual Bonus,8561,EEID00069
EMP00070,James,,Thompson,James Thompson,Senior Product Manager,Product Management,Product,EMP00024,2020-01-17,james.thompson@theguild.com,1981-01-18,Male,Active,Boston,MA,02101,2026-01-01,128088,Hourly,Exempt,Twice a Month,,P3,No Bonus,0,EEID00070
EMP00071,Casey,,Jackson,Casey Jackson,Associate Product Manager,Product Management,Product,EMP00014,2020-02-22,casey.jackson@theguild.com,1987-11-01,Non-Binary,Part Time,Lehi,UT,84043,2026-01-01,71888,Hourly,Non-Exempt,Monthly,,P1,No Bonus,0,EEID00071
EMP00072,Luke,,Moore,Luke Moore,Staff Software Engineer,AI & Machine Learning,Engineering & Technology,EMP00010,2018-11-20,luke.moore@theguild.com,1994-04-26,Female,Active,Raleigh,NC,27601,2026-01-01,157219,Salary,Exempt,Bi-Weekly,,P4,Annual Bonus,15721,EEID00072
EMP00073,Ella,,Miller,Ella Miller,Senior Software Engineer,AI & Machine Learning,Engineering & Technology,EMP00010,2021-12-15,ella.miller@theguild.com,1994-07-06,Non-Binary,Active,Atlanta,GA,30301,2026-01-01,132925,Hourly,Exempt,Monthly,,P3,No Bonus,0,EEID00073
EMP00074,Sarah,,Carter,Sarah Carter,Financial Analyst,Payroll,G&A,EMP00055,2022-02-09,sarah.carter@theguild.com,1991-03-31,,Active,San Jose,CA,95101,2026-01-01,119817,Salary,Exempt,Bi-Weekly,,P2,No Bonus,0,EEID00074
EMP00075,Drew,,Martinez,Drew Martinez,Senior HR Business Partner,Compliance,G&A,EMP00010,2018-04-17,drew.martinez@theguild.com,1983-05-07,,Active,Dallas,TX,75201,2026-01-01,142612,Salary,Exempt,Bi-Weekly,,P3,Annual Bonus,4278,EEID00075
EMP00076,Sage,,Davis,Sage Davis,Account Executive,Sales Operations,Sales & Revenue,EMP00009,2025-06-28,sage.davis@theguild.com,1990-08-02,Male,Active,Austin,TX,73301,2026-01-01,93118,Hourly,Exempt,Twice a Month,,P2,Annual Bonus,7449,EEID00076
EMP00077,Will,,Nguyen,Will Nguyen,Product Manager,Product Design,Product,EMP00011,2024-11-11,will.nguyen@theguild.com,1978-11-13,Male,Active,San Francisco,CA,94101,2026-01-01,89101,Salary,Non-Exempt,Twice a Month,,P2,Commission,8910,EEID00077
EMP00078,Liam,,Turner,Liam Turner,Finance Manager,Compliance,G&A,EMP00055,2024-08-04,liam.turner@theguild.com,1983-03-01,Female,Active,Minneapolis,MN,55401,2026-01-01,155776,Salary,Exempt,Bi-Weekly,,P4,Commission,46732,EEID00078
EMP00079,Finn,,Rogers,Finn Rogers,Operations Analyst,Business Operations,Operations,EMP00013,2021-01-29,finn.rogers@theguild.com,1980-08-12,Non-Binary,Terminated,Atlanta,GA,30301,2026-01-01,90614,Salary,Exempt,Bi-Weekly,2024-04-06,P2,Annual Bonus,13592,EEID00079
EMP00080,Finn,,Nelson,Finn Nelson,Senior Product Manager,Product Design,Product,EMP00008,2024-12-06,finn.nelson@theguild.com,1976-05-11,,Contractor,Provo,UT,84601,2026-01-01,110323,Salary,Exempt,Bi-Weekly,,P3,Commission,22064,EEID00080
EMP00081,Will,,Walker,Will Walker,Associate Product Manager,Product Operations,Product,EMP00014,2021-07-31,will.walker@theguild.com,1990-06-29,,Active,Denver,CO,80201,2026-01-01,69404,Salary,Exempt,Bi-Weekly,,P1,No Bonus,0,EEID00081
EMP00082,Chloe,,Allen,Chloe Allen,CS Team Lead,Customer Success Management,Customer Success,EMP00011,2020-10-13,chloe.allen@theguild.com,1982-03-01,Non-Binary,Active,San Jose,CA,95101,2026-01-01,164464,Salary,Exempt,Twice a Month,,P4,Commission,32892,EEID00082
EMP00083,Kevin,,Parker,Kevin Parker,Staff Product Manager,Product Operations,Product,EMP00008,2021-12-16,kevin.parker@theguild.com,1977-03-08,Male,Active,Dallas,TX,75201,2026-01-01,167595,Hourly,Exempt,Bi-Weekly,,P4,Annual Bonus,25139,EEID00083
EMP00084,Violet,,Green,Violet Green,Operations Associate,FP&A,Operations,EMP00012,2024-04-20,violet.green@theguild.com,1983-09-25,Non-Binary,Active,Dallas,TX,75201,2026-01-01,59388,Salary,Exempt,Twice a Month,,P1,Annual Bonus,8908,EEID00084
EMP00085,Sarah,,Harris,Sarah Harris,Senior Customer Success Manager,Professional Services,Customer Success,EMP00014,2023-09-17,sarah.harris@theguild.com,1993-01-02,Male,Active,Los Angeles,CA,90001,2026-01-01,111336,Salary,Exempt,Bi-Weekly,,P3,Annual Bonus,16700,EEID00085
EMP00086,Casey,,Rodriguez,Casey Rodriguez,Finance Manager,Procurement,G&A,EMP00010,2021-05-10,casey.rodriguez@theguild.com,1990-02-02,,Active,Boise,ID,83701,2026-01-01,168784,Salary,Exempt,Bi-Weekly,,P4,Commission,50635,EEID00086
EMP00087,Leo,,Stewart,Leo Stewart,Junior Software Engineer,AI & Machine Learning,Engineering & Technology,EMP00060,2018-07-30,leo.stewart@theguild.com,1996-07-20,Female,Terminated,San Francisco,CA,94101,2026-01-01,65081,Hourly,Non-Exempt,Bi-Weekly,2026-11-10,P1,No Bonus,0,EEID00087
EMP00088,Matt,,Stewart,Matt Stewart,Finance Manager,Talent Acquisition,G&A,EMP00013,2023-04-16,matt.stewart@theguild.com,1977-10-17,Female,Active,Phoenix,AZ,85001,2026-01-01,148903,Salary,Exempt,Twice a Month,,M1,Commission,44670,EEID00088
EMP00089,Sage,,Lee,Sage Lee,Senior Financial Analyst,Compliance,G&A,EMP00013,2024-04-04,sage.lee@theguild.com,1988-05-22,Female,Active,Portland,OR,97201,2026-01-01,139939,Hourly,Exempt,Bi-Weekly,,P3,Annual Bonus,11195,EEID00089
EMP00090,Ben,,Turner,Ben Turner,Senior Product Manager,Product Operations,Product,EMP00047,2018-06-22,ben.turner@theguild.com,1987-11-26,Male,Active,Dallas,TX,75201,2026-01-01,112987,Hourly,Exempt,Bi-Weekly,,P3,Annual Bonus,9038,EEID00090
EMP00091,Kai,,Nelson,Kai Nelson,Senior Account Executive,Account Management,Sales & Revenue,EMP00047,2023-12-16,kai.nelson@theguild.com,1985-02-14,Female,Active,Chicago,IL,60601,2026-01-01,112158,Salary,Exempt,Monthly,,P3,No Bonus,0,EEID00091
EMP00092,David,,Clark,David Clark,Sales Manager,Account Management,Sales & Revenue,EMP00010,2025-03-30,david.clark@theguild.com,1977-08-27,Male,Terminated,Raleigh,NC,27601,2026-01-01,146667,Salary,Exempt,Bi-Weekly,2025-09-01,M1,Annual Bonus,11733,EEID00092
EMP00093,Reid,,Campbell,Reid Campbell,HR Generalist,Finance,G&A,EMP00088,2024-05-15,reid.campbell@theguild.com,1979-10-25,Non-Binary,Active,Raleigh,NC,27601,2026-01-01,82381,Salary,Non-Exempt,Monthly,,P2,Annual Bonus,6590,EEID00093
EMP00094,Ezra,,Nelson,Ezra Nelson,Customer Success Manager,Solutions Engineering,Customer Success,EMP00060,2021-04-23,ezra.nelson@theguild.com,2000-06-20,Female,Active,Boston,MA,02101,2026-01-01,92636,Hourly,Non-Exempt,Bi-Weekly,,P2,Annual Bonus,7410,EEID00094
EMP00095,Skyler,,Nguyen,Skyler Nguyen,Senior Financial Analyst,Payroll,G&A,EMP00009,2020-12-04,skyler.nguyen@theguild.com,1992-03-16,Female,Active,New York,NY,10001,2026-01-01,148860,Hourly,Exempt,Bi-Weekly,,P3,Annual Bonus,4465,EEID00095
EMP00096,Sam,,Perez,Sam Perez,Senior Account Executive,Enterprise Sales,Sales & Revenue,EMP00009,2019-04-26,sam.perez@theguild.com,1988-03-26,Non-Binary,Active,Boston,MA,02101,2026-01-01,148764,Hourly,Exempt,Bi-Weekly,,P3,No Bonus,0,EEID00096
EMP00097,Jason,,Rodriguez,Jason Rodriguez,Senior Marketing Manager,Content Marketing,Marketing,EMP00060,2023-12-04,jason.rodriguez@theguild.com,1991-03-25,Male,Active,Denver,CO,80201,2026-01-01,140226,Salary,Exempt,Monthly,,P3,Commission,28045,EEID00097
EMP00098,Quinn,,Morris,Quinn Morris,Customer Success Manager,Solutions Engineering,Customer Success,EMP00023,2019-06-25,quinn.morris@theguild.com,1998-01-09,,Active,Denver,CO,80201,2026-01-01,114101,Hourly,Exempt,Twice a Month,,P2,Annual Bonus,11410,EEID00098
EMP00099,Blake,,Brown,Blake Brown,Senior Customer Success Manager,Professional Services,Customer Success,EMP00088,2025-11-08,blake.brown@theguild.com,1977-11-10,Male,Active,Denver,CO,80201,2026-01-01,121676,Salary,Exempt,Monthly,,P3,Commission,24335,EEID00099
EMP00100,Leo,,Williams,Leo Williams,Account Executive,Channel & Partnerships,Sales & Revenue,EMP00023,2021-11-25,leo.williams@theguild.com,1980-04-27,Female,Active,Dallas,TX,75201,2026-01-01,105066,Hourly,Exempt,Bi-Weekly,,P2,No Bonus,0,EEID00100
EMP00101,Isla,,Rodriguez,Isla Rodriguez,HR Coordinator,Talent Acquisition,G&A,EMP00056,2019-09-28,isla.rodriguez@theguild.com,1987-05-14,Female,Active,Lehi,UT,84043,2026-01-01,77069,Hourly,Exempt,Bi-Weekly,,P1,Commission,15413,EEID00101
EMP00102,Casey,,Collins,Casey Collins,Finance Associate,Payroll,G&A,EMP00009,2020-08-17,casey.collins@theguild.com,1999-03-19,Female,Active,Minneapolis,MN,55401,2026-01-01,57204,Salary,Exempt,Monthly,,P1,Commission,11440,EEID00102
EMP00103,Amanda,,Allen,Amanda Allen,Senior Account Executive,Sales Development,Sales & Revenue,EMP00092,2018-09-07,amanda.allen@theguild.com,1999-12-22,Female,Active,Boulder,CO,80301,2026-01-01,124776,Salary,Exempt,Twice a Month,,P3,Annual Bonus,9982,EEID00103
EMP00104,Sage,,Young,Sage Young,Staff Software Engineer,AI & Machine Learning,Engineering & Technology,EMP00010,2025-12-08,sage.young@theguild.com,1981-06-23,,Active,Boston,MA,02101,2026-01-01,161755,Hourly,Exempt,Bi-Weekly,,P4,Annual Bonus,12940,EEID00104
EMP00105,Sage,,Clark,Sage Clark,Senior Marketing Manager,Content Marketing,Marketing,EMP00009,2025-07-22,sage.clark@theguild.com,1976-10-09,Male,Terminated,Austin,TX,73301,2026-01-01,147382,Salary,Exempt,Monthly,2025-01-29,P3,Annual Bonus,14738,EEID00105
EMP00106,Peyton,,Phillips,Peyton Phillips,Senior HR Business Partner,Talent Acquisition,G&A,EMP00092,2024-10-11,peyton.phillips@theguild.com,1984-03-04,,Active,Seattle,WA,98101,2026-01-01,118881,Hourly,Exempt,Bi-Weekly,,P3,No Bonus,0,EEID00106
EMP00107,Jade,,Lee,Jade Lee,Senior Operations Analyst,Data Analytics & Insights,Operations,EMP00024,2021-07-05,jade.lee@theguild.com,1993-07-26,Male,Terminated,Seattle,WA,98101,2026-01-01,128569,Hourly,Exempt,Bi-Weekly,2025-08-12,P3,Annual Bonus,10285,EEID00107
EMP00108,Matt,,Johnson,Matt Johnson,Account Executive,Channel & Partnerships,Sales & Revenue,EMP00047,2025-03-13,matt.johnson@theguild.com,1997-01-02,,Active,Raleigh,NC,27601,2026-01-01,104893,Salary,Non-Exempt,Twice a Month,,P2,No Bonus,0,EEID00108
EMP00109,Lily,,Hernandez,Lily Hernandez,Associate Product Manager,Product Operations,Product,EMP00055,2018-02-07,lily.hernandez@theguild.com,1984-10-23,,Active,San Francisco,CA,94101,2026-01-01,81804,Hourly,Exempt,Bi-Weekly,,P1,Annual Bonus,4090,EEID00109
EMP00110,Quinn,,Adams,Quinn Adams,Finance Associate,Compliance,G&A,EMP00008,2019-01-30,quinn.adams@theguild.com,1998-07-10,Female,Active,Portland,OR,97201,2026-01-01,55388,Salary,Exempt,Twice a Month,,P1,Annual Bonus,1661,EEID00110
EMP00111,Kevin,,Adams,Kevin Adams,Senior Customer Success Manager,Implementation & Onboarding,Customer Success,EMP00014,2018-11-27,kevin.adams@theguild.com,1976-06-03,Male,Active,Chicago,IL,60601,2026-01-01,129448,Salary,Exempt,Bi-Weekly,,P3,No Bonus,0,EEID00111
EMP00112,Noah,,Harris,Noah Harris,CS Manager,Professional Services,Customer Success,EMP00012,2025-10-06,noah.harris@theguild.com,2000-06-04,,Active,Los Angeles,CA,90001,2026-01-01,152758,Salary,Exempt,Monthly,,M1,Annual Bonus,7637,EEID00112
EMP00113,Riley,,Morgan,Riley Morgan,Junior Software Engineer,Data Engineering,Engineering & Technology,EMP00014,2024-05-10,riley.morgan@theguild.com,1992-06-15,Non-Binary,Active,Dallas,TX,75201,2026-01-01,55513,Salary,Non-Exempt,Bi-Weekly,,P1,Commission,5551,EEID00113
EMP00114,Amanda,,Edwards,Amanda Edwards,Senior Financial Analyst,Legal,G&A,EMP00023,2023-01-20,amanda.edwards@theguild.com,1997-01-03,Female,Active,Los Angeles,CA,90001,2026-01-01,133645,Hourly,Exempt,Bi-Weekly,,P3,Annual Bonus,10691,EEID00114
EMP00115,Jade,,Harris,Jade Harris,Associate Director of Marketing,Content Marketing,Marketing,EMP00010,2022-05-15,jade.harris@theguild.com,1989-03-16,Non-Binary,Active,New York,NY,10001,2026-01-01,151151,Hourly,Exempt,Bi-Weekly,,P4,No Bonus,0,EEID00115
EMP00116,Emily,,Smith,Emily Smith,Senior Account Executive,Account Management,Sales & Revenue,EMP00013,2021-12-20,emily.smith@theguild.com,1999-11-11,Male,Active,Lehi,UT,84043,2026-01-01,110721,Hourly,Exempt,Monthly,,P3,Annual Bonus,3321,EEID00116
EMP00117,Zoe,,Smith,Zoe Smith,Sales Development Representative,Channel & Partnerships,Sales & Revenue,EMP00060,2019-11-16,zoe.smith@theguild.com,1994-07-01,Non-Binary,Active,Portland,OR,97201,2026-01-01,77456,Salary,Non-Exempt,Twice a Month,,P1,Annual Bonus,2323,EEID00117
EMP00118,Will,,Walker,Will Walker,Operations Analyst,Business Operations,Operations,EMP00011,2021-10-03,will.walker@theguild.com,1994-04-26,Female,Active,San Francisco,CA,94101,2026-01-01,110006,Hourly,Non-Exempt,Twice a Month,,P2,Annual Bonus,11000,EEID00118
EMP00119,Ella,,Green,Ella Green,HR Generalist,Talent Acquisition,G&A,EMP00112,2019-04-12,ella.green@theguild.com,2000-04-17,Female,Contractor,Chicago,IL,60601,2026-01-01,99100,Salary,Non-Exempt,Bi-Weekly,,P2,Commission,19820,EEID00119
EMP00120,Jade,,Johnson,Jade Johnson,HR Generalist,Compliance,G&A,EMP00088,2019-09-24,jade.johnson@theguild.com,1993-12-24,,Active,New York,NY,10001,2026-01-01,84532,Salary,Exempt,Bi-Weekly,,P2,No Bonus,0,EEID00120
EMP00121,Aurora,,Green,Aurora Green,Associate Director of Marketing,Sales Enablement,Marketing,EMP00010,2024-11-14,aurora.green@theguild.com,1976-12-26,,Active,Chicago,IL,60601,2026-01-01,180982,Salary,Exempt,Bi-Weekly,,P4,No Bonus,0,EEID00121
EMP00122,Stella,,Miller,Stella Miller,Software Engineer,DevOps & Infrastructure,Engineering & Technology,EMP00092,2021-04-25,stella.miller@theguild.com,1993-08-29,Male,Active,Provo,UT,84601,2026-01-01,105633,Salary,Non-Exempt,Monthly,,P2,Commission,10563,EEID00122
EMP00123,Matt,,Thompson,Matt Thompson,Account Executive,Revenue Operations,Sales & Revenue,EMP00011,2018-04-03,matt.thompson@theguild.com,1990-05-22,Male,Active,Minneapolis,MN,55401,2026-01-01,111205,Salary,Exempt,Bi-Weekly,,P2,Annual Bonus,3336,EEID00123
EMP00124,Kayla,,King,Kayla King,Staff Product Manager,Product Design,Product,EMP00013,2024-11-20,kayla.king@theguild.com,1983-11-07,,Active,Phoenix,AZ,85001,2026-01-01,161545,Hourly,Exempt,Monthly,,P4,No Bonus,0,EEID00124
EMP00125,Zoe,,Smith,Zoe Smith,Finance Associate,Talent Acquisition,G&A,EMP00056,2021-07-07,zoe.smith@theguild.com,1992-06-07,,Active,Minneapolis,MN,55401,2026-01-01,61126,Salary,Non-Exempt,Twice a Month,,P1,Commission,18337,EEID00125
EMP00126,Dylan,,Thompson,Dylan Thompson,Senior Operations Analyst,FP&A,Operations,EMP00011,2019-08-03,dylan.thompson@theguild.com,1997-11-30,,Active,Seattle,WA,98101,2026-01-01,125524,Salary,Exempt,Bi-Weekly,,P3,No Bonus,0,EEID00126
EMP00127,Rowan,,Rodriguez,Rowan Rodriguez,CS Team Lead,Professional Services,Customer Success,EMP00047,2023-06-08,rowan.rodriguez@theguild.com,1981-02-14,Female,Active,Los Angeles,CA,90001,2026-01-01,167089,Hourly,Exempt,Monthly,,P4,Annual Bonus,5012,EEID00127
EMP00128,Sage,,Allen,Sage Allen,HRBP Lead,Compliance,G&A,EMP00013,2020-07-09,sage.allen@theguild.com,1999-02-12,Non-Binary,Active,San Francisco,CA,94101,2026-01-01,167027,Salary,Exempt,Bi-Weekly,,P4,Annual Bonus,13362,EEID00128
EMP00129,Ezra,,Torres,Ezra Torres,Finance Associate,Compliance,G&A,EMP00056,2021-05-04,ezra.torres@theguild.com,1976-06-12,,Active,San Jose,CA,95101,2026-01-01,80398,Hourly,Exempt,Twice a Month,,P1,Annual Bonus,4019,EEID00129
EMP00130,Dylan,,Murphy,Dylan Murphy,Operations Associate,Business Operations,Operations,EMP00056,2018-09-01,dylan.murphy@theguild.com,2000-07-28,Non-Binary,Active,Boise,ID,83701,2026-01-01,81565,Hourly,Exempt,Bi-Weekly,,P1,Annual Bonus,4078,EEID00130
EMP00131,Rowan,,Wright,Rowan Wright,Senior Product Manager,UX Research,Product,EMP00011,2019-06-04,rowan.wright@theguild.com,1980-12-14,Female,Active,Phoenix,AZ,85001,2026-01-01,138712,Salary,Exempt,Bi-Weekly,,P3,No Bonus,0,EEID00131
EMP00132,Ella,,Morris,Ella Morris,Senior Product Manager,Product Operations,Product,EMP00010,2022-02-20,ella.morris@theguild.com,1995-05-25,,Active,Austin,TX,73301,2026-01-01,134621,Hourly,Exempt,Bi-Weekly,,P3,No Bonus,0,EEID00132
EMP00133,Ash,,Smith,Ash Smith,Operations Manager,Business Operations,Operations,EMP00060,2021-03-07,ash.smith@theguild.com,1990-02-24,Female,Active,Phoenix,AZ,85001,2026-01-01,170024,Salary,Exempt,Twice a Month,,P4,Annual Bonus,13601,EEID00133
EMP00134,Mia,,Cook,Mia Cook,Senior Finance Manager,Finance,G&A,EMP00013,2019-06-25,mia.cook@theguild.com,1988-07-16,Female,Active,San Francisco,CA,94101,2026-01-01,206207,Hourly,Exempt,Bi-Weekly,,M2,No Bonus,0,EEID00134
EMP00135,Emily,,Nelson,Emily Nelson,Sales Manager,Sales Operations,Sales & Revenue,EMP00010,2019-01-25,emily.nelson@theguild.com,1975-01-18,Female,Active,Chicago,IL,60601,2026-01-01,160999,Hourly,Exempt,Monthly,,M1,No Bonus,0,EEID00135
EMP00136,Sarah,,Rodriguez,Sarah Rodriguez,CS Team Lead,Customer Support,Customer Success,EMP00055,2022-04-19,sarah.rodriguez@theguild.com,1979-01-03,Male,Active,Phoenix,AZ,85001,2026-01-01,180586,Salary,Exempt,Twice a Month,,P4,Annual Bonus,9029,EEID00136
EMP00137,Nate,,White,Nate White,Account Executive,SMB Sales,Sales & Revenue,EMP00008,2019-09-13,nate.white@theguild.com,1993-06-20,,Active,Boston,MA,02101,2026-01-01,114767,Hourly,Non-Exempt,Bi-Weekly,,P2,No Bonus,0,EEID00137
EMP00138,Emily,,Cook,Emily Cook,Staff Software Engineer,Quality Assurance,Engineering & Technology,EMP00012,2018-04-20,emily.cook@theguild.com,1988-07-13,Female,Active,Austin,TX,73301,2026-01-01,155611,Salary,Exempt,Bi-Weekly,,P4,No Bonus,0,EEID00138
EMP00139,Liam,,Jackson,Liam Jackson,HR Generalist,Finance,G&A,EMP00023,2022-05-04,liam.jackson@theguild.com,2000-06-30,,Active,Boise,ID,83701,2026-01-01,87388,Salary,Exempt,Bi-Weekly,,P2,Annual Bonus,4369,EEID00139
EMP00140,June,,Mitchell,June Mitchell,Associate Product Manager,Product Operations,Product,EMP00024,2022-07-06,june.mitchell@theguild.com,1978-09-12,Female,Active,San Jose,CA,95101,2026-01-01,55451,Hourly,Non-Exempt,Twice a Month,,P1,Commission,16635,EEID00140
EMP00141,Michael,,Martin,Michael Martin,Software Engineer,Architecture,Engineering & Technology,EMP00010,2019-04-21,michael.martin@theguild.com,1995-05-04,Male,Active,Phoenix,AZ,85001,2026-01-01,118432,Salary,Exempt,Bi-Weekly,,P2,Annual Bonus,11843,EEID00141
EMP00142,Andrew,,Davis,Andrew Davis,Software Engineer,Quality Assurance,Engineering & Technology,EMP00134,2021-01-05,andrew.davis@theguild.com,1980-04-18,Male,Active,Portland,OR,97201,2026-01-01,114275,Salary,Non-Exempt,Bi-Weekly,,P2,No Bonus,0,EEID00142
EMP00143,Miles,,Moore,Miles Moore,Customer Success Associate,Customer Success Management,Customer Success,EMP00056,2024-06-08,miles.moore@theguild.com,1980-03-04,Female,Active,Provo,UT,84601,2026-01-01,71737,Salary,Non-Exempt,Bi-Weekly,,P1,Annual Bonus,2152,EEID00143
EMP00144,Riley,,Nguyen,Riley Nguyen,Operations Manager,Business Operations,Operations,EMP00013,2022-09-01,riley.nguyen@theguild.com,1989-05-08,Non-Binary,Terminated,Lehi,UT,84043,2026-01-01,144835,Hourly,Exempt,Bi-Weekly,2023-03-14,P4,Annual Bonus,7241,EEID00144
EMP00145,Bryn,,White,Bryn White,Junior Software Engineer,Architecture,Engineering & Technology,EMP00134,2018-12-20,bryn.white@theguild.com,1999-10-23,,Leave of Absence,Dallas,TX,75201,2026-01-01,81356,Salary,Non-Exempt,Bi-Weekly,,P1,Annual Bonus,6508,EEID00145
EMP00146,Chloe,,Gonzalez,Chloe Gonzalez,Account Executive,Sales Operations,Sales & Revenue,EMP00112,2020-08-12,chloe.gonzalez@theguild.com,1999-04-17,Non-Binary,Part Time,Denver,CO,80201,2026-01-01,118777,Salary,Exempt,Monthly,,P2,Commission,11877,EEID00146
EMP00147,Luke,,Smith,Luke Smith,Senior Operations Analyst,FP&A,Operations,EMP00023,2020-08-06,luke.smith@theguild.com,1998-04-25,,Active,San Jose,CA,95101,2026-01-01,139721,Salary,Exempt,Bi-Weekly,,P3,Annual Bonus,4191,EEID00147
EMP00148,Ezra,,Campbell,Ezra Campbell,Staff Software Engineer,DevOps & Infrastructure,Engineering & Technology,EMP00012,2021-08-29,ezra.campbell@theguild.com,1989-04-08,,Active,Portland,OR,97201,2026-01-01,163507,Salary,Exempt,Twice a Month,,P4,No Bonus,0,EEID00148
EMP00149,Samantha,,Jones,Samantha Jones,Associate Product Manager,Product Design,Product,EMP00092,2023-03-13,samantha.jones@theguild.com,1986-11-20,Male,Active,Phoenix,AZ,85001,2026-01-01,60386,Salary,Non-Exempt,Bi-Weekly,,P1,Commission,12077,EEID00149
EMP00150,Ryan,,Collins,Ryan Collins,Finance Associate,Facilities & Admin,G&A,EMP00010,2018-05-08,ryan.collins@theguild.com,1993-02-20,,Active,Atlanta,GA,30301,2026-01-01,59860,Hourly,Exempt,Bi-Weekly,,P1,Annual Bonus,2993,EEID00150
EMP00151,David,,Robinson,David Robinson,Engineering Manager,Quality Assurance,Engineering & Technology,EMP00008,2020-03-20,david.robinson@theguild.com,1994-11-22,Female,Active,Austin,TX,73301,2026-01-01,132984,Salary,Exempt,Monthly,,M1,Annual Bonus,3989,EEID00151
EMP00152,Luke,,Davis,Luke Davis,Senior Engineering Manager,IT,Engineering & Technology,EMP00008,2021-02-20,luke.davis@theguild.com,1995-01-03,Female,Active,Boston,MA,02101,2026-01-01,151932,Salary,Exempt,Bi-Weekly,,M2,Annual Bonus,12154,EEID00152
EMP00153,Skyler,,Adams,Skyler Adams,CS Team Lead,Customer Support,Customer Success,EMP00010,2023-11-24,skyler.adams@theguild.com,1986-03-06,Male,Active,New York,NY,10001,2026-01-01,138996,Hourly,Exempt,Bi-Weekly,,P4,No Bonus,0,EEID00153
EMP00154,Lily,,Walker,Lily Walker,Senior Customer Success Manager,Professional Services,Customer Success,EMP00008,2023-12-09,lily.walker@theguild.com,1991-01-13,Female,Active,Chicago,IL,60601,2026-01-01,116784,Salary,Exempt,Bi-Weekly,,P3,Annual Bonus,11678,EEID00154
EMP00155,David,,Thomas,David Thomas,Finance Associate,Talent Acquisition,G&A,EMP00060,2025-10-28,david.thomas@theguild.com,1991-02-04,Male,Active,Boston,MA,02101,2026-01-01,82738,Salary,Exempt,Bi-Weekly,,P1,No Bonus,0,EEID00155
EMP00156,Blake,,Torres,Blake Torres,Staff Product Manager,Product Design,Product,EMP00009,2018-01-03,blake.torres@theguild.com,1989-11-18,Female,Active,Chicago,IL,60601,2026-01-01,167141,Salary,Exempt,Monthly,,P4,Commission,33428,EEID00156
EMP00157,Mia,,Turner,Mia Turner,Design Manager,UX Research,Product,EMP00009,2021-08-14,mia.turner@theguild.com,1981-02-13,Female,Contractor,Atlanta,GA,30301,2026-01-01,154491,Hourly,Exempt,Monthly,,M1,Annual Bonus,12359,EEID00157
EMP00158,Cole,,Nelson,Cole Nelson,Senior Account Executive,SMB Sales,Sales & Revenue,EMP00047,2018-01-08,cole.nelson@theguild.com,2000-09-11,,Active,Salt Lake City,UT,84101,2026-01-01,129797,Salary,Exempt,Bi-Weekly,,P3,No Bonus,0,EEID00158
EMP00159,Rachel,,Green,Rachel Green,Sales Development Representative,Sales Development,Sales & Revenue,EMP00010,2020-12-22,rachel.green@theguild.com,1984-05-28,Female,Active,Los Angeles,CA,90001,2026-01-01,65851,Salary,Exempt,Bi-Weekly,,P1,Commission,6585,EEID00159
EMP00160,Dylan,,Taylor,Dylan Taylor,Operations Associate,Business Operations,Operations,EMP00088,2019-02-20,dylan.taylor@theguild.com,1996-07-04,Female,Contractor,Phoenix,AZ,85001,2026-01-01,79005,Hourly,Non-Exempt,Bi-Weekly,,P1,Commission,15801,EEID00160
EMP00161,Aurora,,Jones,Aurora Jones,Senior Operations Analyst,Business Operations,Operations,EMP00055,2021-10-16,aurora.jones@theguild.com,1996-08-27,Male,Active,Dallas,TX,75201,2026-01-01,109862,Salary,Exempt,Monthly,,P3,Commission,10986,EEID00161
EMP00162,Lauren,,Green,Lauren Green,Senior Marketing Manager,Content Marketing,Marketing,EMP00011,2019-01-28,lauren.green@theguild.com,1977-03-24,,Active,Lehi,UT,84043,2026-01-01,176822,Salary,Exempt,Bi-Weekly,,M2,Annual Bonus,8841,EEID00162
EMP00163,Stephanie,,Brown,Stephanie Brown,Senior Account Executive,Enterprise Sales,Sales & Revenue,EMP00008,2022-06-17,stephanie.brown@theguild.com,1996-02-15,,Active,Salt Lake City,UT,84101,2026-01-01,111356,Salary,Exempt,Twice a Month,,P3,Annual Bonus,8908,EEID00163
EMP00164,Emily,,Nelson,Emily Nelson,CS Team Lead,Professional Services,Customer Success,EMP00009,2018-09-10,emily.nelson@theguild.com,1981-10-12,Male,Active,Minneapolis,MN,55401,2026-01-01,164214,Salary,Exempt,Bi-Weekly,,P4,Annual Bonus,24632,EEID00164
EMP00165,Dylan,,Collins,Dylan Collins,Customer Success Manager,Professional Services,Customer Success,EMP00088,2018-05-23,dylan.collins@theguild.com,1997-07-10,Female,Contractor,Raleigh,NC,27601,2026-01-01,114247,Salary,Non-Exempt,Bi-Weekly,,P2,Annual Bonus,11424,EEID00165
EMP00166,Aurora,,Lopez,Aurora Lopez,Product Manager,Product Design,Product,EMP00162,2024-03-28,aurora.lopez@theguild.com,1992-10-28,Non-Binary,Active,New York,NY,10001,2026-01-01,85135,Salary,Non-Exempt,Monthly,,P2,Annual Bonus,8513,EEID00166
EMP00167,Wren,,Robinson,Wren Robinson,Operations Manager,Business Operations,Operations,EMP00012,2021-03-17,wren.robinson@theguild.com,1999-01-10,Non-Binary,Active,Provo,UT,84601,2026-01-01,144806,Salary,Exempt,Monthly,,P4,Commission,14480,EEID00167
EMP00168,Hannah,,Harris,Hannah Harris,Finance Manager,Compliance,G&A,EMP00060,2025-09-29,hannah.harris@theguild.com,1985-08-28,Male,Active,Boise,ID,83701,2026-01-01,153049,Hourly,Exempt,Monthly,,P4,Commission,30609,EEID00168
EMP00169,Sam,,Cook,Sam Cook,Senior Account Executive,Enterprise Sales,Sales & Revenue,EMP00162,2022-12-20,sam.cook@theguild.com,1989-05-24,Non-Binary,Active,Chicago,IL,60601,2026-01-01,137218,Salary,Exempt,Bi-Weekly,,P3,No Bonus,0,EEID00169
EMP00170,Drew,,Nelson,Drew Nelson,Staff Software Engineer,Security,Engineering & Technology,EMP00134,2024-05-18,drew.nelson@theguild.com,1976-04-19,Female,Active,Austin,TX,73301,2026-01-01,138683,Salary,Exempt,Twice a Month,,P4,Annual Bonus,20802,EEID00170
EMP00171,Megan,,Morris,Megan Morris,Engineering Manager,Security,Engineering & Technology,EMP00008,2018-05-06,megan.morris@theguild.com,1985-11-07,Non-Binary,Active,Minneapolis,MN,55401,2026-01-01,133048,Hourly,Exempt,Monthly,,M1,No Bonus,0,EEID00171
EMP00172,Rowan,,Lewis,Rowan Lewis,Senior Product Manager,Product Operations,Product,EMP00171,2020-05-27,rowan.lewis@theguild.com,1984-12-05,Female,Active,San Francisco,CA,94101,2026-01-01,121951,Hourly,Exempt,Monthly,,P3,Annual Bonus,18292,EEID00172
EMP00173,Sam,,Nelson,Sam Nelson,Marketing Coordinator,Demand Generation,Marketing,EMP00013,2025-12-15,sam.nelson@theguild.com,1987-05-09,,Active,San Francisco,CA,94101,2026-01-01,76213,Salary,Non-Exempt,Bi-Weekly,,P1,No Bonus,0,EEID00173
EMP00174,Dylan,,Robinson,Dylan Robinson,Enterprise Account Executive,Sales Development,Sales & Revenue,EMP00162,2019-03-19,dylan.robinson@theguild.com,1996-08-10,Male,Contractor,Atlanta,GA,30301,2026-01-01,168522,Salary,Exempt,Bi-Weekly,,P4,No Bonus,0,EEID00174
EMP00175,Olivia,,Baker,Olivia Baker,Senior Account Executive,Sales Operations,Sales & Revenue,EMP00023,2018-04-15,olivia.baker@theguild.com,1997-04-23,Non-Binary,Terminated,Dallas,TX,75201,2026-01-01,138901,Salary,Exempt,Bi-Weekly,2026-05-13,P3,No Bonus,0,EEID00175
EMP00176,Luna,,Sanchez,Luna Sanchez,Marketing Specialist,Demand Generation,Marketing,EMP00157,2023-04-13,luna.sanchez@theguild.com,1980-09-27,Non-Binary,Active,Atlanta,GA,30301,2026-01-01,115037,Salary,Exempt,Bi-Weekly,,P2,Annual Bonus,3451,EEID00176
EMP00177,Luke,,Nelson,Luke Nelson,Senior Software Engineer,Security,Engineering & Technology,EMP00024,2024-07-04,luke.nelson@theguild.com,1978-03-12,,Active,Minneapolis,MN,55401,2026-01-01,129358,Salary,Exempt,Twice a Month,,P3,Annual Bonus,19403,EEID00177
EMP00178,Finn,,Davis,Finn Davis,Operations Manager,FP&A,Operations,EMP00014,2018-11-28,finn.davis@theguild.com,1996-11-14,Non-Binary,Active,Provo,UT,84601,2026-01-01,144002,Hourly,Exempt,Bi-Weekly,,P4,Annual Bonus,7200,EEID00178
EMP00179,Nate,,Baker,Nate Baker,Software Engineer,Software Engineering,Engineering & Technology,EMP00112,2023-05-10,nate.baker@theguild.com,1992-03-12,Male,Active,Austin,TX,73301,2026-01-01,90383,Salary,Non-Exempt,Twice a Month,,P2,Commission,18076,EEID00179
EMP00180,Reid,,Gonzalez,Reid Gonzalez,Senior Financial Analyst,Procurement,G&A,EMP00008,2019-02-25,reid.gonzalez@theguild.com,1992-03-16,Non-Binary,Active,Chicago,IL,60601,2026-01-01,149351,Salary,Exempt,Bi-Weekly,,P3,Annual Bonus,7467,EEID00180
EMP00181,James,,Stewart,James Stewart,Staff Software Engineer,Data Engineering,Engineering & Technology,EMP00012,2018-03-20,james.stewart@theguild.com,1985-03-31,Female,Active,Raleigh,NC,27601,2026-01-01,180008,Salary,Exempt,Bi-Weekly,,P4,Annual Bonus,18000,EEID00181
EMP00182,Nicole,,Phillips,Nicole Phillips,Senior Software Engineer,Architecture,Engineering & Technology,EMP00024,2019-03-19,nicole.phillips@theguild.com,1975-11-20,Male,Active,Boise,ID,83701,2026-01-01,146964,Salary,Exempt,Monthly,,P3,No Bonus,0,EEID00182
EMP00183,Luna,,Lewis,Luna Lewis,Associate Director of Marketing,Brand Marketing,Marketing,EMP00162,2023-11-02,luna.lewis@theguild.com,1987-02-10,Female,Active,Salt Lake City,UT,84101,2026-01-01,180560,Hourly,Exempt,Monthly,,P4,No Bonus,0,EEID00183
EMP00184,Jessica,,Allen,Jessica Allen,HR Coordinator,Legal,G&A,EMP00014,2018-06-11,jessica.allen@theguild.com,1999-08-03,,Active,Boulder,CO,80301,2026-01-01,74955,Salary,Non-Exempt,Twice a Month,,P1,Annual Bonus,3747,EEID00184
EMP00185,Ivy,,Perez,Ivy Perez,Operations Manager,Product Management,Product,EMP00009,2020-08-04,ivy.perez@theguild.com,1995-06-28,Non-Binary,Active,Austin,TX,73301,2026-01-01,129774,Salary,Exempt,Bi-Weekly,,M1,No Bonus,0,EEID00185
EMP00186,Hazel,,Brown,Hazel Brown,Senior Software Engineer,Quality Assurance,Engineering & Technology,EMP00185,2025-04-04,hazel.brown@theguild.com,1982-08-25,Non-Binary,Active,San Jose,CA,95101,2026-01-01,132918,Salary,Exempt,Bi-Weekly,,P3,No Bonus,0,EEID00186
EMP00187,Kai,,Adams,Kai Adams,Senior Account Executive,Mid-Market Sales,Sales & Revenue,EMP00060,2019-11-15,kai.adams@theguild.com,1980-01-27,Female,Contractor,Portland,OR,97201,2026-01-01,131265,Hourly,Exempt,Twice a Month,,P3,Commission,39379,EEID00187
EMP00188,Ryan,,Miller,Ryan Miller,Associate Director of Marketing,Corporate Communications,Marketing,EMP00152,2022-12-11,ryan.miller@theguild.com,1977-01-23,Male,Active,New York,NY,10001,2026-01-01,158501,Hourly,Exempt,Twice a Month,,P4,Annual Bonus,15850,EEID00188
EMP00189,Nate,,Smith,Nate Smith,Senior Financial Analyst,Talent Acquisition,G&A,EMP00185,2018-08-12,nate.smith@theguild.com,1975-07-10,Female,Active,Atlanta,GA,30301,2026-01-01,148366,Hourly,Exempt,Bi-Weekly,,P3,Commission,44509,EEID00189
EMP00190,Violet,,Murphy,Violet Murphy,Senior Product Manager,Product Management,Product,EMP00009,2023-02-24,violet.murphy@theguild.com,1994-12-04,,Active,Lehi,UT,84043,2026-01-01,123229,Hourly,Exempt,Twice a Month,,P3,Annual Bonus,3696,EEID00190
EMP00191,Violet,,Lewis,Violet Lewis,Sales Development Representative,Mid-Market Sales,Sales & Revenue,EMP00009,2025-07-13,violet.lewis@theguild.com,1995-06-19,Non-Binary,Active,San Francisco,CA,94101,2026-01-01,68511,Salary,Non-Exempt,Bi-Weekly,,P1,No Bonus,0,EEID00191
EMP00192,Avery,,Stewart,Avery Stewart,Staff Product Manager,Product Operations,Product,EMP00011,2024-02-22,avery.stewart@theguild.com,1998-06-01,Non-Binary,Active,Chicago,IL,60601,2026-01-01,142472,Salary,Exempt,Bi-Weekly,,P4,Annual Bonus,11397,EEID00192
EMP00193,Riley,,Cook,Riley Cook,Senior Ops Manager,Product Operations,Product,EMP00009,2019-03-18,riley.cook@theguild.com,1993-08-04,Male,Active,Dallas,TX,75201,2026-01-01,190032,Salary,Exempt,Twice a Month,,M2,Annual Bonus,15202,EEID00193
EMP00194,Aurora,,Robinson,Aurora Robinson,Finance Associate,People & HR,G&A,EMP00151,2025-05-17,aurora.robinson@theguild.com,1989-06-09,,Active,Boulder,CO,80301,2026-01-01,69182,Salary,Exempt,Bi-Weekly,,P1,Annual Bonus,6918,EEID00194
EMP00195,Drew,,Rogers,Drew Rogers,Senior HR Business Partner,Talent Acquisition,G&A,EMP00012,2024-03-17,drew.rogers@theguild.com,1984-09-30,Female,Active,Boulder,CO,80301,2026-01-01,113740,Salary,Exempt,Bi-Weekly,,P3,No Bonus,0,EEID00195
EMP00196,Emerson,,Turner,Emerson Turner,Account Executive,Revenue Operations,Sales & Revenue,EMP00193,2019-03-13,emerson.turner@theguild.com,1976-02-19,,Active,Raleigh,NC,27601,2026-01-01,87563,Hourly,Non-Exempt,Twice a Month,,P2,Annual Bonus,13134,EEID00196
EMP00197,Avery,,Carter,Avery Carter,Software Engineer,Security,Engineering & Technology,EMP00012,2024-11-28,avery.carter@theguild.com,2000-03-15,Female,Active,Salt Lake City,UT,84101,2026-01-01,96420,Salary,Exempt,Bi-Weekly,,P2,Commission,9642,EEID00197
EMP00198,Tyler,,Allen,Tyler Allen,Operations Associate,Data Analytics & Insights,Operations,EMP00162,2022-12-20,tyler.allen@theguild.com,1985-02-12,Non-Binary,Active,Lehi,UT,84043,2026-01-01,68650,Salary,Exempt,Bi-Weekly,,P1,Annual Bonus,10297,EEID00198
EMP00199,Kevin,,Jackson,Kevin Jackson,Marketing Coordinator,Content Marketing,Marketing,EMP00134,2024-07-20,kevin.jackson@theguild.com,1986-06-10,Male,Active,San Jose,CA,95101,2026-01-01,79087,Hourly,Non-Exempt,Bi-Weekly,,P1,Annual Bonus,3954,EEID00199
EMP00200,Hazel,,Turner,Hazel Turner,Senior Product Manager,Product Management,Product,EMP00151,2018-10-07,hazel.turner@theguild.com,1997-08-29,Female,Active,Austin,TX,73301,2026-01-01,137148,Salary,Exempt,Bi-Weekly,,P3,Annual Bonus,20572,EEID00200
EMP00201,June,,Wright,June Wright,Marketing Specialist,Brand Marketing,Marketing,EMP00047,2021-11-18,june.wright@theguild.com,1994-12-28,Female,Active,Boise,ID,83701,2026-01-01,103645,Hourly,Exempt,Monthly,,P2,No Bonus,0,EEID00201
EMP00202,Riley,,Mitchell,Riley Mitchell,Sales Development Representative,Channel & Partnerships,Sales & Revenue,EMP00185,2025-04-22,riley.mitchell@theguild.com,1983-08-21,Non-Binary,Active,Boulder,CO,80301,2026-01-01,72702,Salary,Non-Exempt,Twice a Month,,P1,Annual Bonus,5816,EEID00202
EMP00203,David,,Hernandez,David Hernandez,Operations Associate,Program Management,Operations,EMP00162,2025-09-11,david.hernandez@theguild.com,1981-11-24,Male,Active,Seattle,WA,98101,2026-01-01,83342,Salary,Non-Exempt,Monthly,,P1,No Bonus,0,EEID00203
EMP00204,Luke,,Williams,Luke Williams,Senior Engineering Manager,DevOps & Infrastructure,Engineering & Technology,EMP00008,2022-05-15,luke.williams@theguild.com,1980-04-22,Male,Active,Minneapolis,MN,55401,2026-01-01,209702,Hourly,Exempt,Twice a Month,,M2,Annual Bonus,6291,EEID00204
EMP00205,Ash,,Williams,Ash Williams,HR Coordinator,Legal,G&A,EMP00152,2023-12-26,ash.williams@theguild.com,1984-11-11,Female,Active,Minneapolis,MN,55401,2026-01-01,64874,Hourly,Non-Exempt,Monthly,,P1,Commission,6487,EEID00205
EMP00206,June,,Jackson,June Jackson,Senior Financial Analyst,People & HR,G&A,EMP00012,2021-11-09,june.jackson@theguild.com,1984-07-01,,Active,San Francisco,CA,94101,2026-01-01,141377,Hourly,Exempt,Monthly,,P3,Annual Bonus,7068,EEID00206
EMP00207,Ryan,,Lopez,Ryan Lopez,Product Manager,UX Research,Product,EMP00010,2024-07-06,ryan.lopez@theguild.com,1996-11-08,Non-Binary,Active,Austin,TX,73301,2026-01-01,116022,Salary,Exempt,Bi-Weekly,,P2,No Bonus,0,EEID00207
EMP00208,Chris,,Carter,Chris Carter,Finance Manager,Talent Acquisition,G&A,EMP00013,2019-11-22,chris.carter@theguild.com,1975-03-21,Non-Binary,Active,Salt Lake City,UT,84101,2026-01-01,151841,Salary,Exempt,Bi-Weekly,,M1,Annual Bonus,15184,EEID00208
EMP00209,Jason,,Turner,Jason Turner,Senior Financial Analyst,Payroll,G&A,EMP00112,2019-12-21,jason.turner@theguild.com,1978-09-05,Non-Binary,Active,Atlanta,GA,30301,2026-01-01,126729,Salary,Exempt,Twice a Month,,P3,Commission,12672,EEID00209
EMP00210,Reid,,Gonzalez,Reid Gonzalez,Sales Development Representative,Mid-Market Sales,Sales & Revenue,EMP00151,2020-07-03,reid.gonzalez@theguild.com,1988-01-20,Female,Active,San Jose,CA,95101,2026-01-01,80205,Salary,Non-Exempt,Bi-Weekly,,P1,Annual Bonus,8020,EEID00210
EMP00211,Finn,,Allen,Finn Allen,Junior Software Engineer,Platform Engineering,Engineering & Technology,EMP00013,2025-05-24,finn.allen@theguild.com,1981-07-23,,Active,New York,NY,10001,2026-01-01,77418,Hourly,Exempt,Bi-Weekly,,P1,Commission,23225,EEID00211
EMP00212,Riley,,Anderson,Riley Anderson,Senior Operations Analyst,FP&A,Operations,EMP00162,2018-06-13,riley.anderson@theguild.com,1989-07-15,Male,Active,Atlanta,GA,30301,2026-01-01,107805,Hourly,Exempt,Twice a Month,,P3,Commission,10780,EEID00212
EMP00213,Hannah,,Hill,Hannah Hill,CS Team Lead,Solutions Engineering,Customer Success,EMP00024,2023-05-29,hannah.hill@theguild.com,1975-04-19,Female,Active,Chicago,IL,60601,2026-01-01,168860,Hourly,Exempt,Bi-Weekly,,P4,Annual Bonus,16886,EEID00213
EMP00214,Lauren,,Anderson,Lauren Anderson,Software Engineer,Architecture,Engineering & Technology,EMP00056,2019-04-10,lauren.anderson@theguild.com,1996-08-07,,Active,Seattle,WA,98101,2026-01-01,90312,Salary,Non-Exempt,Bi-Weekly,,P2,No Bonus,0,EEID00214
EMP00215,Brian,,Hill,Brian Hill,Design Manager,Product Operations,Product,EMP00009,2020-01-08,brian.hill@theguild.com,1998-03-05,,Active,Provo,UT,84601,2026-01-01,128829,Salary,Exempt,Monthly,,M1,Annual Bonus,10306,EEID00215
EMP00216,Ben,,Garcia,Ben Garcia,Staff Product Manager,Product Operations,Product,EMP00208,2023-02-01,ben.garcia@theguild.com,1978-02-01,Female,Active,New York,NY,10001,2026-01-01,149376,Salary,Exempt,Bi-Weekly,,P4,Annual Bonus,11950,EEID00216
EMP00217,Zoe,,Rodriguez,Zoe Rodriguez,Staff Software Engineer,Software Engineering,Engineering & Technology,EMP00112,2019-06-18,zoe.rodriguez@theguild.com,1999-03-11,Male,Terminated,San Jose,CA,95101,2026-01-01,146627,Salary,Exempt,Monthly,2026-05-13,P4,Commission,43988,EEID00217
EMP00218,Wren,,Clark,Wren Clark,Enterprise Account Executive,Enterprise Sales,Sales & Revenue,EMP00056,2023-05-09,wren.clark@theguild.com,1985-06-06,Male,Active,Provo,UT,84601,2026-01-01,159984,Salary,Exempt,Twice a Month,,P4,Annual Bonus,12798,EEID00218
EMP00219,Rowan,,Rivera,Rowan Rivera,Customer Success Associate,Professional Services,Customer Success,EMP00008,2022-10-12,rowan.rivera@theguild.com,1986-05-18,Non-Binary,Active,Denver,CO,80201,2026-01-01,72031,Salary,Non-Exempt,Bi-Weekly,,P1,Annual Bonus,3601,EEID00219
EMP00220,Blake,,White,Blake White,CS Team Lead,Implementation & Onboarding,Customer Success,EMP00204,2024-06-24,blake.white@theguild.com,1990-06-12,,Active,Boston,MA,02101,2026-01-01,171182,Salary,Exempt,Twice a Month,,P4,Annual Bonus,13694,EEID00220
EMP00221,Ashley,,Campbell,Ashley Campbell,Product Manager,Product Operations,Product,EMP00060,2018-01-22,ashley.campbell@theguild.com,1979-02-01,Female,Active,Lehi,UT,84043,2026-01-01,113314,Salary,Exempt,Twice a Month,,P2,No Bonus,0,EEID00221
EMP00222,Rowan,,Ramirez,Rowan Ramirez,Senior Software Engineer,DevOps & Infrastructure,Engineering & Technology,EMP00060,2022-12-04,rowan.ramirez@theguild.com,1975-06-25,Female,Active,Boulder,CO,80301,2026-01-01,130187,Salary,Exempt,Monthly,,P3,Annual Bonus,13018,EEID00222
EMP00223,Kevin,,Williams,Kevin Williams,Operations Analyst,Program Management,Operations,EMP00023,2022-07-19,kevin.williams@theguild.com,1983-12-26,Male,Active,Boston,MA,02101,2026-01-01,103575,Salary,Non-Exempt,Twice a Month,,P2,Annual Bonus,10357,EEID00223
EMP00224,Emily,,Scott,Emily Scott,Senior Account Executive,Revenue Operations,Sales & Revenue,EMP00060,2024-04-07,emily.scott@theguild.com,1978-03-31,Non-Binary,Active,Portland,OR,97201,2026-01-01,134803,Salary,Exempt,Twice a Month,,P3,Commission,13480,EEID00224
EMP00225,Daniel,,Collins,Daniel Collins,Senior Customer Success Manager,Implementation & Onboarding,Customer Success,EMP00112,2023-05-29,daniel.collins@theguild.com,1980-03-19,Non-Binary,Active,Los Angeles,CA,90001,2026-01-01,141907,Hourly,Exempt,Twice a Month,,P3,Commission,14190,EEID00225
EMP00226,Noah,,Baker,Noah Baker,Operations Analyst,Corporate Strategy,Operations,EMP00134,2021-11-01,noah.baker@theguild.com,1978-05-30,Female,Active,Portland,OR,97201,2026-01-01,103140,Salary,Non-Exempt,Monthly,,P2,Commission,30942,EEID00226
EMP00227,Nate,,Thompson,Nate Thompson,Product Manager,UX Research,Product,EMP00185,2021-12-29,nate.thompson@theguild.com,1981-12-30,Male,Active,Portland,OR,97201,2026-01-01,95391,Salary,Exempt,Bi-Weekly,,P2,Annual Bonus,14308,EEID00227
EMP00228,Michael,,Mitchell,Michael Mitchell,HR Coordinator,Compliance,G&A,EMP00055,2022-06-18,michael.mitchell@theguild.com,1984-12-17,Female,Active,Provo,UT,84601,2026-01-01,75338,Salary,Non-Exempt,Bi-Weekly,,P1,Commission,15067,EEID00228
EMP00229,Isla,,Collins,Isla Collins,Marketing Coordinator,Corporate Communications,Marketing,EMP00162,2018-02-04,isla.collins@theguild.com,1975-07-13,Female,Active,Minneapolis,MN,55401,2026-01-01,83193,Salary,Non-Exempt,Bi-Weekly,,P1,No Bonus,0,EEID00229
EMP00230,Ash,,Miller,Ash Miller,Senior Account Executive,Revenue Operations,Sales & Revenue,EMP00024,2022-10-03,ash.miller@theguild.com,1984-06-11,,Active,Boise,ID,83701,2026-01-01,120541,Salary,Exempt,Bi-Weekly,,P3,Annual Bonus,12054,EEID00230
EMP00231,Ethan,,Nguyen,Ethan Nguyen,Marketing Specialist,Marketing Operations,Marketing,EMP00204,2019-09-05,ethan.nguyen@theguild.com,1996-03-20,Male,Active,Phoenix,AZ,85001,2026-01-01,97691,Hourly,Exempt,Bi-Weekly,,P2,No Bonus,0,EEID00231
EMP00232,Luna,,Young,Luna Young,Senior Product Manager,UX Research,Product,EMP00011,2019-01-30,luna.young@theguild.com,1995-03-07,Non-Binary,Active,San Jose,CA,95101,2026-01-01,131109,Salary,Exempt,Bi-Weekly,,P3,Commission,39332,EEID00232
EMP00233,Ethan,,White,Ethan White,Senior Customer Success Manager,Solutions Engineering,Customer Success,EMP00011,2021-08-24,ethan.white@theguild.com,1997-11-24,,Active,Boise,ID,83701,2026-01-01,131985,Salary,Exempt,Bi-Weekly,,P3,Annual Bonus,10558,EEID00233
EMP00234,Michael,,Harris,Michael Harris,Customer Success Manager,Implementation & Onboarding,Customer Success,EMP00157,2021-07-08,michael.harris@theguild.com,1989-03-19,Non-Binary,Active,Dallas,TX,75201,2026-01-01,107644,Salary,Exempt,Bi-Weekly,,P2,Annual Bonus,5382,EEID00234
EMP00235,Drew,,Nelson,Drew Nelson,Senior Marketing Manager,Marketing Operations,Marketing,EMP00013,2025-11-10,drew.nelson@theguild.com,1978-08-04,Female,Active,New York,NY,10001,2026-01-01,115965,Salary,Exempt,Bi-Weekly,,P3,No Bonus,0,EEID00235
EMP00236,Liam,,Miller,Liam Miller,Staff Software Engineer,DevOps & Infrastructure,Engineering & Technology,EMP00134,2018-12-12,liam.miller@theguild.com,1992-06-27,Non-Binary,Active,Austin,TX,73301,2026-01-01,161018,Salary,Exempt,Bi-Weekly,,P4,Commission,16101,EEID00236
EMP00237,Kayla,,Campbell,Kayla Campbell,Account Executive,Account Management,Sales & Revenue,EMP00162,2019-07-08,kayla.campbell@theguild.com,1999-03-11,Female,Active,Los Angeles,CA,90001,2026-01-01,82303,Hourly,Non-Exempt,Bi-Weekly,,P2,Commission,16460,EEID00237
EMP00238,Blake,,Ramirez,Blake Ramirez,Senior Customer Success Manager,Renewals,Customer Success,EMP00023,2019-09-30,blake.ramirez@theguild.com,1988-08-13,Male,Active,Minneapolis,MN,55401,2026-01-01,140367,Salary,Exempt,Bi-Weekly,,P3,Commission,28073,EEID00238
EMP00239,Wren,,Stewart,Wren Stewart,Operations Manager,Corporate Strategy,Operations,EMP00112,2022-03-11,wren.stewart@theguild.com,1983-06-17,,Active,Phoenix,AZ,85001,2026-01-01,184510,Salary,Exempt,Bi-Weekly,,P4,Annual Bonus,27676,EEID00239
EMP00240,Liam,,Thomas,Liam Thomas,Product Manager,Product Operations,Product,EMP00157,2018-10-08,liam.thomas@theguild.com,1983-03-08,Female,Active,Boise,ID,83701,2026-01-01,107671,Salary,Non-Exempt,Bi-Weekly,,P2,Commission,10767,EEID00240
EMP00241,Daniel,,Baker,Daniel Baker,Associate Director of Marketing,Corporate Communications,Marketing,EMP00012,2021-01-07,daniel.baker@theguild.com,1980-08-10,,Active,Lehi,UT,84043,2026-01-01,136271,Salary,Exempt,Bi-Weekly,,P4,Annual Bonus,10901,EEID00241
EMP00242,Samantha,,Garcia,Samantha Garcia,Senior Product Manager,Product Management,Product,EMP00056,2020-12-27,samantha.garcia@theguild.com,1992-08-08,Male,Active,San Jose,CA,95101,2026-01-01,137662,Salary,Exempt,Monthly,,P3,Annual Bonus,4129,EEID00242
EMP00243,Rachel,,Gonzalez,Rachel Gonzalez,Operations Associate,Data Analytics & Insights,Operations,EMP00193,2019-01-20,rachel.gonzalez@theguild.com,1998-05-18,Female,Contractor,Chicago,IL,60601,2026-01-01,67609,Salary,Exempt,Twice a Month,,P1,No Bonus,0,EEID00243
EMP00244,Zoe,,Mitchell,Zoe Mitchell,Sales Development Representative,Revenue Operations,Sales & Revenue,EMP00157,2021-08-22,zoe.mitchell@theguild.com,1975-09-04,Female,Active,Atlanta,GA,30301,2026-01-01,70768,Salary,Exempt,Monthly,,P1,Annual Bonus,7076,EEID00244
EMP00245,Ash,,Davis,Ash Davis,Marketing Manager,Product Marketing,Marketing,EMP00011,2024-12-08,ash.davis@theguild.com,1990-03-07,Male,Active,Boston,MA,02101,2026-01-01,144339,Hourly,Exempt,Monthly,,M1,No Bonus,0,EEID00245
EMP00246,Lily,,Nelson,Lily Nelson,Operations Manager,Product Management,Product,EMP00009,2023-06-11,lily.nelson@theguild.com,1994-08-17,Non-Binary,Active,Dallas,TX,75201,2026-01-01,148751,Salary,Exempt,Bi-Weekly,,M1,Annual Bonus,4462,EEID00246
EMP00247,Kevin,,Torres,Kevin Torres,Staff Product Manager,UX Research,Product,EMP00134,2025-02-26,kevin.torres@theguild.com,1997-09-11,,Active,Salt Lake City,UT,84101,2026-01-01,139513,Salary,Exempt,Bi-Weekly,,P4,Commission,13951,EEID00247
EMP00248,Morgan,,Adams,Morgan Adams,Operations Analyst,Data Analytics & Insights,Operations,EMP00208,2025-03-10,morgan.adams@theguild.com,1989-06-12,Male,Active,Boulder,CO,80301,2026-01-01,115321,Hourly,Exempt,Bi-Weekly,,P2,Annual Bonus,11532,EEID00248
EMP00249,Wren,,Carter,Wren Carter,Software Engineer,Software Engineering,Engineering & Technology,EMP00011,2025-11-12,wren.carter@theguild.com,1986-06-25,Male,Active,Seattle,WA,98101,2026-01-01,93243,Salary,Non-Exempt,Twice a Month,,P2,Commission,27972,EEID00249
EMP00250,Jason,,Green,Jason Green,HR Manager,Legal,G&A,EMP00013,2018-08-27,jason.green@theguild.com,1986-12-04,Male,Active,Atlanta,GA,30301,2026-01-01,150674,Hourly,Exempt,Bi-Weekly,,M1,No Bonus,0,EEID00250
EMP00251,Will,,Jones,Will Jones,Operations Manager,Product Management,Product,EMP00009,2019-03-09,will.jones@theguild.com,2000-11-11,Non-Binary,Active,Provo,UT,84601,2026-01-01,132656,Salary,Exempt,Twice a Month,,M1,No Bonus,0,EEID00251
EMP00252,Miles,,Rivera,Miles Rivera,Staff Software Engineer,Quality Assurance,Engineering & Technology,EMP00245,2022-10-30,miles.rivera@theguild.com,1989-07-05,Female,Terminated,Lehi,UT,84043,2026-01-01,169989,Salary,Exempt,Bi-Weekly,2024-10-07,P4,Commission,50996,EEID00252
EMP00253,Noah,,Evans,Noah Evans,CS Team Lead,Renewals,Customer Success,EMP00010,2021-05-15,noah.evans@theguild.com,1984-12-14,Female,Leave of Absence,Boise,ID,83701,2026-01-01,135012,Salary,Exempt,Bi-Weekly,,P4,Annual Bonus,4050,EEID00253
EMP00254,Morgan,,Evans,Morgan Evans,Operations Analyst,Data Analytics & Insights,Operations,EMP00171,2019-01-12,morgan.evans@theguild.com,2000-08-03,,Active,Portland,OR,97201,2026-01-01,110170,Salary,Exempt,Bi-Weekly,,P2,Annual Bonus,8813,EEID00254
EMP00255,Sarah,,Phillips,Sarah Phillips,Sales Development Representative,Account Management,Sales & Revenue,EMP00193,2020-07-17,sarah.phillips@theguild.com,1975-07-07,,Active,San Jose,CA,95101,2026-01-01,78946,Salary,Non-Exempt,Twice a Month,,P1,Commission,7894,EEID00255
EMP00256,Aria,,King,Aria King,Software Engineer,AI & Machine Learning,Engineering & Technology,EMP00047,2022-06-04,aria.king@theguild.com,1981-08-22,Female,Active,Dallas,TX,75201,2026-01-01,94470,Hourly,Exempt,Bi-Weekly,,P2,Commission,18894,EEID00256
EMP00257,Michael,,Walker,Michael Walker,Senior CS Manager,Renewals,Customer Success,EMP00012,2023-06-22,michael.walker@theguild.com,1992-09-24,Female,Active,New York,NY,10001,2026-01-01,176117,Salary,Exempt,Twice a Month,,M2,Commission,17611,EEID00257
EMP00258,Kayla,,Jones,Kayla Jones,Sales Development Representative,Channel & Partnerships,Sales & Revenue,EMP00185,2024-11-29,kayla.jones@theguild.com,1994-11-02,Female,Active,Los Angeles,CA,90001,2026-01-01,68878,Salary,Exempt,Bi-Weekly,,P1,Annual Bonus,5510,EEID00258
EMP00259,Riley,,Morgan,Riley Morgan,Senior Operations Analyst,Corporate Strategy,Operations,EMP00011,2025-10-12,riley.morgan@theguild.com,1979-12-29,Non-Binary,Active,Boise,ID,83701,2026-01-01,112364,Salary,Exempt,Bi-Weekly,,P3,Annual Bonus,8989,EEID00259
EMP00260,Leo,,Johnson,Leo Johnson,Account Executive,Sales Development,Sales & Revenue,EMP00250,2018-09-04,leo.johnson@theguild.com,1987-09-28,Female,Active,New York,NY,10001,2026-01-01,115966,Salary,Non-Exempt,Monthly,,P2,Annual Bonus,5798,EEID00260
EMP00261,Avery,,Robinson,Avery Robinson,Senior HR Manager,Finance,G&A,EMP00013,2019-02-12,avery.robinson@theguild.com,1989-02-24,,Active,Dallas,TX,75201,2026-01-01,151250,Salary,Exempt,Twice a Month,,M2,Commission,45375,EEID00261
EMP00262,Rachel,,Gonzalez,Rachel Gonzalez,Customer Success Associate,Professional Services,Customer Success,EMP00152,2021-12-12,rachel.gonzalez@theguild.com,1990-12-10,Non-Binary,Active,Dallas,TX,75201,2026-01-01,72347,Salary,Exempt,Bi-Weekly,,P1,No Bonus,0,EEID00262
EMP00263,Finn,,Moore,Finn Moore,Operations Manager,Business Operations,Operations,EMP00047,2022-04-15,finn.moore@theguild.com,1998-05-11,Female,Active,Dallas,TX,75201,2026-01-01,149783,Salary,Exempt,Monthly,,P4,No Bonus,0,EEID00263
EMP00264,Tyler,,Torres,Tyler Torres,Senior Product Manager,Product Operations,Product,EMP00024,2025-11-28,tyler.torres@theguild.com,1998-07-01,Female,Active,Denver,CO,80201,2026-01-01,118550,Salary,Exempt,Bi-Weekly,,P3,No Bonus,0,EEID00264
EMP00265,Matt,,Nelson,Matt Nelson,Customer Success Associate,Customer Support,Customer Success,EMP00047,2025-02-21,matt.nelson@theguild.com,1987-04-13,Female,Active,Los Angeles,CA,90001,2026-01-01,82509,Hourly,Non-Exempt,Bi-Weekly,,P1,Commission,24752,EEID00265
EMP00266,Jessica,,Rodriguez,Jessica Rodriguez,Senior Product Manager,Product Management,Product,EMP00009,2025-04-14,jessica.rodriguez@theguild.com,1991-10-10,Female,Active,Raleigh,NC,27601,2026-01-01,120133,Salary,Exempt,Twice a Month,,P3,No Bonus,0,EEID00266
EMP00267,Cole,,Walker,Cole Walker,Associate Product Manager,Product Design,Product,EMP00208,2023-06-30,cole.walker@theguild.com,1989-07-29,,Active,Denver,CO,80201,2026-01-01,63842,Salary,Exempt,Bi-Weekly,,P1,Commission,19152,EEID00267
EMP00268,Miles,,Sanchez,Miles Sanchez,Operations Manager,Business Operations,Operations,EMP00261,2020-10-03,miles.sanchez@theguild.com,1998-04-08,,Active,San Jose,CA,95101,2026-01-01,175075,Salary,Exempt,Twice a Month,,P4,Commission,17507,EEID00268
EMP00269,Sage,,Harris,Sage Harris,Customer Success Manager,Renewals,Customer Success,EMP00152,2018-08-12,sage.harris@theguild.com,1998-03-11,Female,Active,Salt Lake City,UT,84101,2026-01-01,106085,Hourly,Exempt,Twice a Month,,P2,Annual Bonus,15912,EEID00269
EMP00270,Aurora,,Garcia,Aurora Garcia,HR Generalist,Legal,G&A,EMP00245,2025-10-04,aurora.garcia@theguild.com,1982-05-10,Male,Active,Minneapolis,MN,55401,2026-01-01,101198,Salary,Non-Exempt,Monthly,,P2,Annual Bonus,8095,EEID00270
EMP00271,Daniel,,Turner,Daniel Turner,Senior Marketing Manager,Events & Community,Marketing,EMP00011,2020-01-03,daniel.turner@theguild.com,1977-04-20,,Active,Boston,MA,02101,2026-01-01,186067,Salary,Exempt,Bi-Weekly,,M2,Annual Bonus,9303,EEID00271
EMP00272,Aria,,Phillips,Aria Phillips,Operations Analyst,FP&A,Operations,EMP00008,2018-01-24,aria.phillips@theguild.com,1997-02-18,Female,Active,Portland,OR,97201,2026-01-01,93294,Salary,Non-Exempt,Twice a Month,,P2,Commission,27988,EEID00272
EMP00273,Peyton,,Carter,Peyton Carter,Marketing Coordinator,Corporate Communications,Marketing,EMP00135,2025-04-29,peyton.carter@theguild.com,1990-08-28,Male,Active,Lehi,UT,84043,2026-01-01,83906,Salary,Exempt,Bi-Weekly,,P1,Annual Bonus,2517,EEID00273
EMP00274,Casey,,Carter,Casey Carter,Customer Success Associate,Solutions Engineering,Customer Success,EMP00056,2021-05-10,casey.carter@theguild.com,1989-06-25,Non-Binary,Active,Salt Lake City,UT,84101,2026-01-01,68662,Salary,Non-Exempt,Bi-Weekly,,P1,Annual Bonus,2059,EEID00274
EMP00275,James,,Parker,James Parker,Marketing Specialist,Brand Marketing,Marketing,EMP00261,2025-01-20,james.parker@theguild.com,1998-09-23,Male,Active,Denver,CO,80201,2026-01-01,101575,Salary,Exempt,Monthly,,P2,Commission,30472,EEID00275
EMP00276,Drew,,Morgan,Drew Morgan,Senior Operations Analyst,Data Analytics & Insights,Operations,EMP00251,2025-12-12,drew.morgan@theguild.com,1988-01-12,Female,Active,Raleigh,NC,27601,2026-01-01,113500,Hourly,Exempt,Bi-Weekly,,P3,Commission,11350,EEID00276
EMP00277,Ashley,,Johnson,Ashley Johnson,Marketing Specialist,Brand Marketing,Marketing,EMP00162,2021-06-14,ashley.johnson@theguild.com,1988-06-20,Non-Binary,Active,Denver,CO,80201,2026-01-01,82981,Salary,Exempt,Bi-Weekly,,P2,Annual Bonus,2489,EEID00277
EMP00278,Daniel,,Mitchell,Daniel Mitchell,Sales Development Representative,Revenue Operations,Sales & Revenue,EMP00162,2024-01-09,daniel.mitchell@theguild.com,1990-01-12,,Terminated,Raleigh,NC,27601,2026-01-01,65830,Salary,Exempt,Twice a Month,2025-09-08,P1,Annual Bonus,6583,EEID00278
EMP00279,Quinn,,Morris,Quinn Morris,Senior Customer Success Manager,Implementation & Onboarding,Customer Success,EMP00162,2021-10-21,quinn.morris@theguild.com,1991-10-31,Female,Active,Atlanta,GA,30301,2026-01-01,142840,Salary,Exempt,Bi-Weekly,,P3,Annual Bonus,4285,EEID00279
EMP00280,Rachel,,Green,Rachel Green,Senior Software Engineer,Data Engineering,Engineering & Technology,EMP00013,2023-11-21,rachel.green@theguild.com,1988-07-24,Female,Active,Chicago,IL,60601,2026-01-01,132123,Salary,Exempt,Twice a Month,,P3,Annual Bonus,6606,EEID00280
EMP00281,Chloe,,Edwards,Chloe Edwards,Staff Software Engineer,Security,Engineering & Technology,EMP00047,2023-10-16,chloe.edwards@theguild.com,1980-12-14,Female,Active,Raleigh,NC,27601,2026-01-01,167771,Salary,Exempt,Bi-Weekly,,P4,Annual Bonus,5033,EEID00281
EMP00282,Ezra,,Harris,Ezra Harris,Finance Manager,Legal,G&A,EMP00013,2020-05-09,ezra.harris@theguild.com,1989-05-24,Female,Active,Salt Lake City,UT,84101,2026-01-01,150597,Salary,Exempt,Bi-Weekly,,M1,No Bonus,0,EEID00282
EMP00283,Ben,,Moore,Ben Moore,Customer Success Associate,Implementation & Onboarding,Customer Success,EMP00135,2021-01-15,ben.moore@theguild.com,1981-05-08,Non-Binary,Active,Boise,ID,83701,2026-01-01,60160,Salary,Exempt,Bi-Weekly,,P1,Commission,12032,EEID00283
EMP00284,Lauren,,Jones,Lauren Jones,Sales Development Representative,Revenue Operations,Sales & Revenue,EMP00011,2024-08-24,lauren.jones@theguild.com,1994-12-31,Non-Binary,Active,San Jose,CA,95101,2026-01-01,70425,Salary,Non-Exempt,Twice a Month,,P1,Annual Bonus,10563,EEID00284
EMP00285,Luke,,Stewart,Luke Stewart,Staff Product Manager,Product Management,Product,EMP00246,2019-08-12,luke.stewart@theguild.com,1986-07-29,Non-Binary,Active,Salt Lake City,UT,84101,2026-01-01,180783,Hourly,Exempt,Twice a Month,,P4,Annual Bonus,9039,EEID00285
EMP00286,Rachel,,Roberts,Rachel Roberts,Senior HR Business Partner,Procurement,G&A,EMP00012,2021-11-28,rachel.roberts@theguild.com,2000-10-11,Female,Active,Atlanta,GA,30301,2026-01-01,106983,Hourly,Exempt,Twice a Month,,P3,Annual Bonus,8558,EEID00286
EMP00287,Nora,,Stewart,Nora Stewart,HR Coordinator,Legal,G&A,EMP00204,2021-10-27,nora.stewart@theguild.com,1984-05-04,,Active,Chicago,IL,60601,2026-01-01,70105,Salary,Exempt,Twice a Month,,P1,Commission,7010,EEID00287
EMP00288,Blake,,Edwards,Blake Edwards,Sales Development Representative,Sales Development,Sales & Revenue,EMP00246,2024-09-16,blake.edwards@theguild.com,1979-11-17,,Active,Seattle,WA,98101,2026-01-01,74404,Hourly,Exempt,Bi-Weekly,,P1,Commission,7440,EEID00288
EMP00289,Violet,,Nelson,Violet Nelson,Finance Manager,Finance,G&A,EMP00013,2025-08-23,violet.nelson@theguild.com,1989-03-15,Non-Binary,Active,Salt Lake City,UT,84101,2026-01-01,163311,Hourly,Exempt,Twice a Month,,M1,Annual Bonus,8165,EEID00289
EMP00290,Stella,,Turner,Stella Turner,Enterprise Account Executive,Mid-Market Sales,Sales & Revenue,EMP00185,2020-08-21,stella.turner@theguild.com,1994-05-14,,Terminated,San Francisco,CA,94101,2026-01-01,139090,Salary,Exempt,Monthly,2023-04-19,P4,Annual Bonus,4172,EEID00290
EMP00291,Noah,,Sanchez,Noah Sanchez,Marketing Specialist,Sales Enablement,Marketing,EMP00282,2019-05-30,noah.sanchez@theguild.com,1981-01-09,Male,Active,Atlanta,GA,30301,2026-01-01,92335,Hourly,Exempt,Bi-Weekly,,P2,No Bonus,0,EEID00291
EMP00292,Morgan,,Martinez,Morgan Martinez,Financial Analyst,Compliance,G&A,EMP00246,2024-03-11,morgan.martinez@theguild.com,1995-03-10,,Terminated,Boise,ID,83701,2026-01-01,107253,Hourly,Exempt,Twice a Month,2026-11-25,P2,Commission,21450,EEID00292
EMP00293,Jason,,Lopez,Jason Lopez,Marketing Specialist,Demand Generation,Marketing,EMP00289,2025-09-29,jason.lopez@theguild.com,1978-08-04,Female,Active,San Jose,CA,95101,2026-01-01,115793,Hourly,Non-Exempt,Monthly,,P2,Commission,23158,EEID00293
EMP00294,Hazel,,King,Hazel King,Junior Software Engineer,Architecture,Engineering & Technology,EMP00012,2023-04-05,hazel.king@theguild.com,1995-05-14,,Active,Lehi,UT,84043,2026-01-01,75665,Salary,Exempt,Bi-Weekly,,P1,Commission,7566,EEID00294
EMP00295,Luna,,Thompson,Luna Thompson,Operations Associate,Data Analytics & Insights,Operations,EMP00250,2018-12-04,luna.thompson@theguild.com,1980-09-08,Male,Active,Provo,UT,84601,2026-01-01,57012,Salary,Non-Exempt,Monthly,,P1,Annual Bonus,5701,EEID00295
EMP00296,Jake,,Rodriguez,Jake Rodriguez,Senior Customer Success Manager,Implementation & Onboarding,Customer Success,EMP00056,2023-06-10,jake.rodriguez@theguild.com,1983-02-10,Male,Terminated,Minneapolis,MN,55401,2026-01-01,144572,Salary,Exempt,Bi-Weekly,2023-11-06,P3,Annual Bonus,7228,EEID00296
EMP00297,Michael,,Martinez,Michael Martinez,CS Team Lead,Customer Support,Customer Success,EMP00245,2019-04-21,michael.martinez@theguild.com,1977-05-10,Female,Active,Boston,MA,02101,2026-01-01,178297,Salary,Exempt,Bi-Weekly,,P4,Annual Bonus,14263,EEID00297
EMP00298,Nora,,Walker,Nora Walker,Account Executive,Account Management,Sales & Revenue,EMP00134,2021-07-17,nora.walker@theguild.com,1998-10-14,Male,Active,Phoenix,AZ,85001,2026-01-01,111102,Salary,Non-Exempt,Twice a Month,,P2,Commission,33330,EEID00298
EMP00299,Reid,,Baker,Reid Baker,Senior Account Executive,Channel & Partnerships,Sales & Revenue,EMP00014,2020-09-17,reid.baker@theguild.com,1983-09-29,Non-Binary,Active,Provo,UT,84601,2026-01-01,122503,Hourly,Exempt,Twice a Month,,P3,No Bonus,0,EEID00299
EMP00300,Nate,,Scott,Nate Scott,Junior Software Engineer,Software Engineering,Engineering & Technology,EMP00014,2018-04-08,nate.scott@theguild.com,1979-02-15,Male,Active,Atlanta,GA,30301,2026-01-01,72211,Salary,Non-Exempt,Bi-Weekly,,P1,Annual Bonus,2166,EEID00300
EMP00301,Rowan,,Baker,Rowan Baker,Engineering Manager,DevOps & Infrastructure,Engineering & Technology,EMP00008,2025-10-06,rowan.baker@theguild.com,1989-07-04,Non-Binary,Active,Minneapolis,MN,55401,2026-01-01,127264,Salary,Exempt,Twice a Month,,M1,Annual Bonus,12726,EEID00301
EMP00302,Sarah,,Moore,Sarah Moore,Senior Operations Analyst,Business Operations,Operations,EMP00056,2019-03-21,sarah.moore@theguild.com,1981-06-15,,Active,Raleigh,NC,27601,2026-01-01,122345,Salary,Exempt,Twice a Month,,P3,Annual Bonus,12234,EEID00302
EMP00303,Skyler,,Nelson,Skyler Nelson,Junior Software Engineer,IT,Engineering & Technology,EMP00289,2025-03-07,skyler.nelson@theguild.com,1975-01-15,Male,Active,Minneapolis,MN,55401,2026-01-01,57307,Salary,Non-Exempt,Bi-Weekly,,P1,No Bonus,0,EEID00303
EMP00304,Sam,,Martinez,Sam Martinez,HR Coordinator,Procurement,G&A,EMP00204,2023-05-29,sam.martinez@theguild.com,1980-06-08,Non-Binary,Active,Austin,TX,73301,2026-01-01,69288,Salary,Exempt,Twice a Month,,P1,No Bonus,0,EEID00304
EMP00305,Will,,Sanchez,Will Sanchez,Senior Software Engineer,DevOps & Infrastructure,Engineering & Technology,EMP00060,2019-03-14,will.sanchez@theguild.com,1991-02-12,,Active,San Jose,CA,95101,2026-01-01,124002,Hourly,Exempt,Bi-Weekly,,P3,Annual Bonus,12400,EEID00305
EMP00306,Kai,,Campbell,Kai Campbell,Design Manager,Product Design,Product,EMP00009,2021-10-21,kai.campbell@theguild.com,1977-07-07,Non-Binary,Active,Salt Lake City,UT,84101,2026-01-01,145478,Hourly,Exempt,Twice a Month,,M1,Annual Bonus,4364,EEID00306
EMP00307,Nora,,Davis,Nora Davis,Product Manager,Product Operations,Product,EMP00047,2025-04-11,nora.davis@theguild.com,1980-11-08,Male,Active,San Francisco,CA,94101,2026-01-01,82416,Hourly,Exempt,Bi-Weekly,,P2,No Bonus,0,EEID00307
EMP00308,Avery,,Cook,Avery Cook,Account Executive,Mid-Market Sales,Sales & Revenue,EMP00251,2025-08-10,avery.cook@theguild.com,1993-01-12,Non-Binary,Active,Boise,ID,83701,2026-01-01,87482,Salary,Exempt,Bi-Weekly,,P2,Commission,17496,EEID00308
EMP00309,Bryn,,Wright,Bryn Wright,Product Manager,UX Research,Product,EMP00012,2022-12-02,bryn.wright@theguild.com,1985-12-05,Male,Active,New York,NY,10001,2026-01-01,101987,Hourly,Exempt,Bi-Weekly,,P2,Commission,10198,EEID00309
EMP00310,David,,Edwards,David Edwards,Operations Analyst,Program Management,Operations,EMP00008,2019-06-04,david.edwards@theguild.com,1984-03-31,Female,Active,Austin,TX,73301,2026-01-01,85290,Salary,Non-Exempt,Twice a Month,,P2,No Bonus,0,EEID00310
EMP00311,Wren,,Lewis,Wren Lewis,Marketing Coordinator,Product Marketing,Marketing,EMP00013,2020-02-26,wren.lewis@theguild.com,1980-04-09,Male,Active,Salt Lake City,UT,84101,2026-01-01,75055,Salary,Non-Exempt,Monthly,,P1,Commission,7505,EEID00311
EMP00312,June,,Allen,June Allen,Product Manager,Product Operations,Product,EMP00023,2018-06-26,june.allen@theguild.com,1977-06-04,Non-Binary,Active,Raleigh,NC,27601,2026-01-01,92695,Hourly,Exempt,Bi-Weekly,,P2,No Bonus,0,EEID00312
EMP00313,Brian,,Ramirez,Brian Ramirez,Enterprise Account Executive,Revenue Operations,Sales & Revenue,EMP00011,2018-10-18,brian.ramirez@theguild.com,1985-07-22,,Terminated,Boston,MA,02101,2026-01-01,183523,Salary,Exempt,Twice a Month,2023-12-27,P4,Commission,18352,EEID00313
EMP00314,Luna,,Gonzalez,Luna Gonzalez,HR Coordinator,Procurement,G&A,EMP00112,2023-06-08,luna.gonzalez@theguild.com,1977-06-09,,Active,Denver,CO,80201,2026-01-01,58213,Hourly,Exempt,Monthly,,P1,Commission,17463,EEID00314
EMP00315,Nicole,,Morgan,Nicole Morgan,Senior Customer Success Manager,Professional Services,Customer Success,EMP00171,2018-09-02,nicole.morgan@theguild.com,1987-08-03,Female,Leave of Absence,Denver,CO,80201,2026-01-01,117724,Salary,Exempt,Bi-Weekly,,P3,Annual Bonus,17658,EEID00315
EMP00316,Hazel,,Robinson,Hazel Robinson,Marketing Specialist,Content Marketing,Marketing,EMP00289,2023-04-24,hazel.robinson@theguild.com,1995-10-04,Non-Binary,Contractor,Chicago,IL,60601,2026-01-01,91136,Salary,Non-Exempt,Twice a Month,,P2,Annual Bonus,13670,EEID00316
EMP00317,Miles,,Campbell,Miles Campbell,Operations Manager,Corporate Strategy,Operations,EMP00008,2023-08-28,miles.campbell@theguild.com,1976-07-04,,Active,San Jose,CA,95101,2026-01-01,172598,Salary,Exempt,Twice a Month,,P4,No Bonus,0,EEID00317
EMP00318,Ivy,,Collins,Ivy Collins,Operations Analyst,Business Operations,Operations,EMP00088,2021-06-02,ivy.collins@theguild.com,1982-04-04,,Active,Salt Lake City,UT,84101,2026-01-01,106648,Salary,Exempt,Monthly,,P2,Commission,31994,EEID00318
EMP00319,Ezra,,Robinson,Ezra Robinson,Operations Manager,Corporate Strategy,Operations,EMP00246,2021-09-25,ezra.robinson@theguild.com,1998-10-25,Male,Active,San Francisco,CA,94101,2026-01-01,176078,Salary,Exempt,Twice a Month,,P4,No Bonus,0,EEID00319
EMP00320,Miles,,Parker,Miles Parker,Sales Development Representative,Sales Development,Sales & Revenue,EMP00185,2019-12-19,miles.parker@theguild.com,2000-01-25,Male,Terminated,Dallas,TX,75201,2026-01-01,71866,Salary,Non-Exempt,Monthly,2023-08-16,P1,Annual Bonus,5749,EEID00320
EMP00321,Amanda,,Perez,Amanda Perez,Product Manager,Product Management,Product,EMP00135,2023-01-28,amanda.perez@theguild.com,1996-10-23,Male,Active,Phoenix,AZ,85001,2026-01-01,103115,Salary,Exempt,Monthly,,P2,Annual Bonus,8249,EEID00321
EMP00322,Reid,,Mitchell,Reid Mitchell,Operations Manager,Program Management,Operations,EMP00246,2019-11-06,reid.mitchell@theguild.com,1987-05-19,Male,Active,Dallas,TX,75201,2026-01-01,147343,Salary,Exempt,Bi-Weekly,,P4,Annual Bonus,4420,EEID00322
EMP00323,Violet,,Martinez,Violet Martinez,Operations Associate,Corporate Strategy,Operations,EMP00271,2018-09-15,violet.martinez@theguild.com,1975-12-28,Female,Terminated,Atlanta,GA,30301,2026-01-01,77360,Hourly,Non-Exempt,Monthly,2025-08-28,P1,Annual Bonus,3868,EEID00323
EMP00324,Owen,,Hill,Owen Hill,Enterprise Account Executive,Revenue Operations,Sales & Revenue,EMP00024,2021-03-26,owen.hill@theguild.com,1977-02-14,Female,Terminated,Boston,MA,02101,2026-01-01,172175,Salary,Exempt,Bi-Weekly,2024-09-19,P4,Commission,34435,EEID00324
EMP00325,Ben,,Robinson,Ben Robinson,Senior Product Manager,Product Design,Product,EMP00047,2022-12-11,ben.robinson@theguild.com,1986-09-06,Non-Binary,Active,Seattle,WA,98101,2026-01-01,148670,Salary,Exempt,Bi-Weekly,,P3,Commission,14867,EEID00325
EMP00326,Brian,,Scott,Brian Scott,Senior Financial Analyst,Finance,G&A,EMP00271,2023-08-08,brian.scott@theguild.com,1981-07-09,,Leave of Absence,Lehi,UT,84043,2026-01-01,134388,Salary,Exempt,Monthly,,P3,Annual Bonus,13438,EEID00326
EMP00327,Stephanie,,Smith,Stephanie Smith,Senior HR Business Partner,Procurement,G&A,EMP00047,2023-05-16,stephanie.smith@theguild.com,1976-10-18,Female,Active,Minneapolis,MN,55401,2026-01-01,142599,Salary,Exempt,Monthly,,P3,No Bonus,0,EEID00327
EMP00328,Aria,,Johnson,Aria Johnson,Marketing Coordinator,Product Marketing,Marketing,EMP00060,2022-12-30,aria.johnson@theguild.com,1978-12-02,,Active,Chicago,IL,60601,2026-01-01,74927,Salary,Exempt,Monthly,,P1,Annual Bonus,11239,EEID00328
EMP00329,Cole,,Lee,Cole Lee,Customer Success Associate,Solutions Engineering,Customer Success,EMP00215,2022-12-31,cole.lee@theguild.com,2000-03-01,Male,Active,Atlanta,GA,30301,2026-01-01,59847,Salary,Non-Exempt,Bi-Weekly,,P1,Annual Bonus,4787,EEID00329
EMP00330,Kai,,Campbell,Kai Campbell,Associate Director of Marketing,Corporate Communications,Marketing,EMP00306,2018-09-28,kai.campbell@theguild.com,1991-11-09,Male,Active,Denver,CO,80201,2026-01-01,173481,Salary,Exempt,Twice a Month,,P4,Commission,34696,EEID00330
EMP00331,Owen,,Baker,Owen Baker,Enterprise Account Executive,Channel & Partnerships,Sales & Revenue,EMP00193,2023-07-17,owen.baker@theguild.com,2000-02-02,,Active,Raleigh,NC,27601,2026-01-01,147190,Salary,Exempt,Bi-Weekly,,P4,Commission,29438,EEID00331
EMP00332,Taylor,,Edwards,Taylor Edwards,Staff Software Engineer,Quality Assurance,Engineering & Technology,EMP00056,2018-10-01,taylor.edwards@theguild.com,1991-03-25,,Active,Chicago,IL,60601,2026-01-01,162338,Salary,Exempt,Monthly,,P4,Annual Bonus,16233,EEID00332
EMP00333,Hannah,,Baker,Hannah Baker,HR Coordinator,Compliance,G&A,EMP00134,2019-07-09,hannah.baker@theguild.com,1991-01-12,Female,Active,San Jose,CA,95101,2026-01-01,82698,Salary,Non-Exempt,Twice a Month,,P1,No Bonus,0,EEID00333
EMP00334,Sam,,White,Sam White,Senior Marketing Manager,Events & Community,Marketing,EMP00011,2021-01-16,sam.white@theguild.com,1991-04-06,Male,Active,Boise,ID,83701,2026-01-01,200229,Salary,Exempt,Bi-Weekly,,M2,Annual Bonus,16018,EEID00334
EMP00335,Matt,,Smith,Matt Smith,Staff Product Manager,UX Research,Product,EMP00014,2025-09-25,matt.smith@theguild.com,1998-07-31,Male,Active,Boulder,CO,80301,2026-01-01,145684,Salary,Exempt,Bi-Weekly,,P4,Commission,43705,EEID00335
EMP00336,Ezra,,Rogers,Ezra Rogers,Junior Software Engineer,DevOps & Infrastructure,Engineering & Technology,EMP00185,2020-06-29,ezra.rogers@theguild.com,1980-10-09,Female,Active,Minneapolis,MN,55401,2026-01-01,65209,Salary,Exempt,Bi-Weekly,,P1,Annual Bonus,1956,EEID00336
EMP00337,Aria,,Rodriguez,Aria Rodriguez,Staff Product Manager,Product Design,Product,EMP00250,2024-08-26,aria.rodriguez@theguild.com,1977-08-29,,Active,San Jose,CA,95101,2026-01-01,136232,Salary,Exempt,Monthly,,P4,Annual Bonus,20434,EEID00337
EMP00338,Jake,,Williams,Jake Williams,Junior Software Engineer,Data Engineering,Engineering & Technology,EMP00060,2021-02-10,jake.williams@theguild.com,1990-08-08,Non-Binary,Active,Atlanta,GA,30301,2026-01-01,74254,Salary,Exempt,Bi-Weekly,,P1,No Bonus,0,EEID00338
EMP00339,Finn,,Evans,Finn Evans,Finance Associate,Talent Acquisition,G&A,EMP00008,2019-02-09,finn.evans@theguild.com,1984-08-07,,Active,Denver,CO,80201,2026-01-01,80009,Salary,Exempt,Monthly,,P1,No Bonus,0,EEID00339
EMP00340,Peyton,,Lopez,Peyton Lopez,Senior Marketing Manager,Brand Marketing,Marketing,EMP00257,2023-10-30,peyton.lopez@theguild.com,1981-02-04,,Active,Seattle,WA,98101,2026-01-01,119042,Salary,Exempt,Monthly,,P3,Commission,11904,EEID00340
EMP00341,Ben,,Scott,Ben Scott,Senior Finance Manager,Finance,G&A,EMP00013,2021-04-05,ben.scott@theguild.com,1994-03-13,Female,Active,Salt Lake City,UT,84101,2026-01-01,168586,Hourly,Exempt,Bi-Weekly,,M2,Commission,33717,EEID00341
EMP00342,Leo,,Mitchell,Leo Mitchell,Senior Sales Manager,SMB Sales,Sales & Revenue,EMP00010,2025-10-17,leo.mitchell@theguild.com,1979-07-25,Female,Active,Austin,TX,73301,2026-01-01,178708,Salary,Exempt,Bi-Weekly,,M2,Commission,35741,EEID00342
EMP00343,Ethan,,Gonzalez,Ethan Gonzalez,Enterprise Account Executive,Sales Development,Sales & Revenue,EMP00251,2025-06-23,ethan.gonzalez@theguild.com,1993-02-21,,Active,Provo,UT,84601,2026-01-01,162833,Salary,Exempt,Twice a Month,,P4,Annual Bonus,16283,EEID00343
EMP00344,Matt,,Evans,Matt Evans,Senior Marketing Manager,Brand Marketing,Marketing,EMP00011,2018-04-20,matt.evans@theguild.com,1983-01-13,,Active,San Jose,CA,95101,2026-01-01,191180,Salary,Exempt,Twice a Month,,M2,No Bonus,0,EEID00344
EMP00345,Stephanie,,Martin,Stephanie Martin,CS Manager,Solutions Engineering,Customer Success,EMP00012,2018-03-14,stephanie.martin@theguild.com,1976-06-01,,Active,Raleigh,NC,27601,2026-01-01,133233,Salary,Exempt,Bi-Weekly,,M1,Commission,39969,EEID00345
EMP00346,Zoe,,Lewis,Zoe Lewis,Sales Development Representative,Channel & Partnerships,Sales & Revenue,EMP00344,2022-05-13,zoe.lewis@theguild.com,1996-11-12,Male,Active,Salt Lake City,UT,84101,2026-01-01,73240,Salary,Non-Exempt,Twice a Month,,P1,Annual Bonus,5859,EEID00346
EMP00347,Jade,,Mitchell,Jade Mitchell,Customer Success Manager,Solutions Engineering,Customer Success,EMP00251,2024-08-15,jade.mitchell@theguild.com,1977-01-09,Female,Active,Dallas,TX,75201,2026-01-01,97261,Salary,Non-Exempt,Bi-Weekly,,P2,Annual Bonus,2917,EEID00347
EMP00348,Dylan,,Collins,Dylan Collins,Senior HR Business Partner,Finance,G&A,EMP00171,2020-09-27,dylan.collins@theguild.com,1986-02-08,Female,Part Time,Phoenix,AZ,85001,2026-01-01,133059,Salary,Exempt,Monthly,,P3,No Bonus,0,EEID00348
EMP00349,Peyton,,Garcia,Peyton Garcia,HR Coordinator,Legal,G&A,EMP00271,2024-08-05,peyton.garcia@theguild.com,1975-12-31,Non-Binary,Active,Minneapolis,MN,55401,2026-01-01,55645,Hourly,Non-Exempt,Bi-Weekly,,P1,Annual Bonus,5564,EEID00349
EMP00350,Bryn,,Harris,Bryn Harris,Sales Development Representative,Mid-Market Sales,Sales & Revenue,EMP00257,2023-07-29,bryn.harris@theguild.com,1978-05-19,Female,Active,Los Angeles,CA,90001,2026-01-01,71276,Salary,Non-Exempt,Bi-Weekly,,P1,Commission,7127,EEID00350
EMP00351,Hannah,,Brown,Hannah Brown,Sales Development Representative,Channel & Partnerships,Sales & Revenue,EMP00012,2025-04-22,hannah.brown@theguild.com,1988-07-16,Non-Binary,Active,Boulder,CO,80301,2026-01-01,63957,Hourly,Non-Exempt,Bi-Weekly,,P1,Annual Bonus,1918,EEID00351
EMP00352,June,,Lee,June Lee,Staff Product Manager,Product Operations,Product,EMP00261,2023-03-30,june.lee@theguild.com,1987-01-07,,Active,Provo,UT,84601,2026-01-01,176146,Hourly,Exempt,Bi-Weekly,,P4,No Bonus,0,EEID00352
EMP00353,Wren,,Gonzalez,Wren Gonzalez,Sales Manager,Account Management,Sales & Revenue,EMP00010,2025-03-31,wren.gonzalez@theguild.com,1982-03-16,Non-Binary,Active,Austin,TX,73301,2026-01-01,146886,Salary,Exempt,Twice a Month,,M1,Annual Bonus,11750,EEID00353
EMP00354,Nora,,Thomas,Nora Thomas,Software Engineer,Quality Assurance,Engineering & Technology,EMP00282,2018-04-30,nora.thomas@theguild.com,1986-08-04,Non-Binary,Part Time,Phoenix,AZ,85001,2026-01-01,111810,Salary,Exempt,Bi-Weekly,,P2,Annual Bonus,5590,EEID00354
EMP00355,Riley,,Phillips,Riley Phillips,Marketing Manager,Demand Generation,Marketing,EMP00011,2024-05-27,riley.phillips@theguild.com,1997-06-10,Male,Terminated,Austin,TX,73301,2026-01-01,124166,Hourly,Exempt,Bi-Weekly,2026-10-07,M1,Annual Bonus,3724,EEID00355
EMP00356,Violet,,Rivera,Violet Rivera,Senior Software Engineer,Security,Engineering & Technology,EMP00112,2022-12-06,violet.rivera@theguild.com,1993-04-26,Non-Binary,Terminated,New York,NY,10001,2026-01-01,130555,Salary,Exempt,Bi-Weekly,2024-03-22,P3,Annual Bonus,10444,EEID00356
EMP00357,Cole,,Wright,Cole Wright,Enterprise Account Executive,Mid-Market Sales,Sales & Revenue,EMP00047,2024-10-17,cole.wright@theguild.com,1976-07-24,Male,Active,Atlanta,GA,30301,2026-01-01,153201,Salary,Exempt,Monthly,,P4,No Bonus,0,EEID00357
EMP00358,Jake,,Scott,Jake Scott,Senior Marketing Manager,Marketing Operations,Marketing,EMP00193,2021-05-03,jake.scott@theguild.com,1984-06-08,Female,Active,Dallas,TX,75201,2026-01-01,133993,Salary,Exempt,Bi-Weekly,,P3,Annual Bonus,6699,EEID00358
EMP00359,Nate,,Rivera,Nate Rivera,Senior Operations Analyst,FP&A,Operations,EMP00208,2020-12-04,nate.rivera@theguild.com,1997-09-17,Male,Terminated,Phoenix,AZ,85001,2026-01-01,135873,Salary,Exempt,Bi-Weekly,2024-11-12,P3,No Bonus,0,EEID00359
EMP00360,Luna,,Green,Luna Green,Finance Associate,Procurement,G&A,EMP00056,2021-06-05,luna.green@theguild.com,1989-01-27,Male,Active,New York,NY,10001,2026-01-01,76023,Salary,Non-Exempt,Bi-Weekly,,P1,No Bonus,0,EEID00360
EMP00361,Ryan,,Thomas,Ryan Thomas,Customer Success Manager,Renewals,Customer Success,EMP00250,2018-12-12,ryan.thomas@theguild.com,1993-08-05,Non-Binary,Active,New York,NY,10001,2026-01-01,109588,Salary,Exempt,Bi-Weekly,,P2,Annual Bonus,5479,EEID00361
EMP00362,Liam,,Rivera,Liam Rivera,Marketing Manager,Product Marketing,Marketing,EMP00011,2024-09-25,liam.rivera@theguild.com,1986-09-02,Female,Active,Boston,MA,02101,2026-01-01,150305,Salary,Exempt,Twice a Month,,M1,Commission,30061,EEID00362
EMP00363,Chloe,,Hernandez,Chloe Hernandez,Senior CS Manager,Customer Success Management,Customer Success,EMP00012,2023-07-18,chloe.hernandez@theguild.com,1992-02-20,Female,Active,Denver,CO,80201,2026-01-01,157766,Salary,Exempt,Bi-Weekly,,M2,No Bonus,0,EEID00363
EMP00364,Brian,,Green,Brian Green,Product Manager,UX Research,Product,EMP00047,2025-09-03,brian.green@theguild.com,1995-07-21,Male,Active,Portland,OR,97201,2026-01-01,106773,Salary,Non-Exempt,Bi-Weekly,,P2,Annual Bonus,16015,EEID00364
EMP00365,Leo,,Rodriguez,Leo Rodriguez,Operations Manager,Data Analytics & Insights,Operations,EMP00215,2018-08-02,leo.rodriguez@theguild.com,1989-12-06,Female,Active,Portland,OR,97201,2026-01-01,181429,Salary,Exempt,Monthly,,P4,Commission,18142,EEID00365
EMP00366,Lily,,Green,Lily Green,Senior HR Manager,Finance,G&A,EMP00013,2023-08-26,lily.green@theguild.com,1997-02-08,Non-Binary,Active,Lehi,UT,84043,2026-01-01,193991,Salary,Exempt,Bi-Weekly,,M2,Annual Bonus,9699,EEID00366
EMP00367,Chris,,Garcia,Chris Garcia,Sales Manager,Channel & Partnerships,Sales & Revenue,EMP00010,2024-11-15,chris.garcia@theguild.com,1986-10-31,Non-Binary,Active,Portland,OR,97201,2026-01-01,128380,Salary,Exempt,Twice a Month,,M1,Annual Bonus,10270,EEID00367
EMP00368,Lauren,,Lee,Lauren Lee,HR Generalist,Compliance,G&A,EMP00047,2022-11-23,lauren.lee@theguild.com,1980-03-15,,Active,Boston,MA,02101,2026-01-01,92381,Salary,Non-Exempt,Bi-Weekly,,P2,Annual Bonus,9238,EEID00368
EMP00369,Kai,,Thompson,Kai Thompson,Finance Associate,Compliance,G&A,EMP00013,2024-07-26,kai.thompson@theguild.com,1984-07-11,Male,Active,Salt Lake City,UT,84101,2026-01-01,66455,Salary,Exempt,Bi-Weekly,,P1,Commission,19936,EEID00369
EMP00370,Luna,,Rogers,Luna Rogers,Junior Software Engineer,Security,Engineering & Technology,EMP00345,2018-04-29,luna.rogers@theguild.com,1978-08-21,,Leave of Absence,Seattle,WA,98101,2026-01-01,64315,Hourly,Non-Exempt,Monthly,,P1,Annual Bonus,3215,EEID00370
EMP00371,Ezra,,Baker,Ezra Baker,Sales Development Representative,Enterprise Sales,Sales & Revenue,EMP00362,2018-10-17,ezra.baker@theguild.com,1999-07-18,,Terminated,New York,NY,10001,2026-01-01,78971,Salary,Exempt,Bi-Weekly,2026-03-11,P1,Annual Bonus,2369,EEID00371
EMP00372,Nora,,Taylor,Nora Taylor,Staff Product Manager,Product Design,Product,EMP00055,2023-07-04,nora.taylor@theguild.com,1994-05-24,Non-Binary,Active,Dallas,TX,75201,2026-01-01,148646,Salary,Exempt,Bi-Weekly,,P4,Annual Bonus,11891,EEID00372
EMP00373,Lily,,Carter,Lily Carter,Staff Software Engineer,AI & Machine Learning,Engineering & Technology,EMP00135,2020-02-03,lily.carter@theguild.com,1994-06-22,,Active,Phoenix,AZ,85001,2026-01-01,166223,Salary,Exempt,Twice a Month,,P4,Annual Bonus,24933,EEID00373
EMP00374,Riley,,Allen,Riley Allen,Account Executive,Account Management,Sales & Revenue,EMP00246,2021-05-15,riley.allen@theguild.com,1986-02-25,,Active,Raleigh,NC,27601,2026-01-01,99051,Salary,Exempt,Bi-Weekly,,P2,No Bonus,0,EEID00374
EMP00375,Blake,,Brown,Blake Brown,Customer Success Associate,Customer Success Management,Customer Success,EMP00246,2023-08-25,blake.brown@theguild.com,1975-09-24,Male,Active,Provo,UT,84601,2026-01-01,58096,Salary,Non-Exempt,Bi-Weekly,,P1,Commission,5809,EEID00375
EMP00376,Andrew,,Edwards,Andrew Edwards,Senior Ops Manager,Product Operations,Product,EMP00009,2020-01-29,andrew.edwards@theguild.com,1978-07-05,Non-Binary,Active,Minneapolis,MN,55401,2026-01-01,188483,Salary,Exempt,Bi-Weekly,,M2,Annual Bonus,9424,EEID00376
EMP00377,Stella,,Wright,Stella Wright,Junior Software Engineer,Software Engineering,Engineering & Technology,EMP00246,2025-07-22,stella.wright@theguild.com,1992-09-19,Non-Binary,Active,Boise,ID,83701,2026-01-01,70634,Hourly,Non-Exempt,Bi-Weekly,,P1,No Bonus,0,EEID00377
EMP00378,Chris,,Rodriguez,Chris Rodriguez,Engineering Manager,Security,Engineering & Technology,EMP00008,2023-03-14,chris.rodriguez@theguild.com,1981-08-24,,Active,Chicago,IL,60601,2026-01-01,133712,Hourly,Exempt,Bi-Weekly,,M1,Annual Bonus,10696,EEID00378
EMP00379,Morgan,,Davis,Morgan Davis,Staff Product Manager,Product Design,Product,EMP00245,2018-02-02,morgan.davis@theguild.com,1979-08-10,,Active,Denver,CO,80201,2026-01-01,136286,Salary,Exempt,Twice a Month,,P4,Annual Bonus,10902,EEID00379
EMP00380,Violet,,Campbell,Violet Campbell,Senior Customer Success Manager,Solutions Engineering,Customer Success,EMP00251,2018-09-06,violet.campbell@theguild.com,1998-09-12,Male,Active,Boise,ID,83701,2026-01-01,131193,Hourly,Exempt,Bi-Weekly,,P3,No Bonus,0,EEID00380
EMP00381,Bryn,,Lee,Bryn Lee,CS Team Lead,Customer Success Management,Customer Success,EMP00334,2021-03-25,bryn.lee@theguild.com,1983-08-16,,Contractor,Atlanta,GA,30301,2026-01-01,167426,Hourly,Exempt,Twice a Month,,P4,Annual Bonus,8371,EEID00381
EMP00382,Kai,,Anderson,Kai Anderson,Senior Customer Success Manager,Customer Support,Customer Success,EMP00362,2020-04-28,kai.anderson@theguild.com,1987-09-02,Male,Active,Phoenix,AZ,85001,2026-01-01,124227,Salary,Exempt,Twice a Month,,P3,Annual Bonus,18634,EEID00382
EMP00383,Chris,,Lopez,Chris Lopez,Associate Product Manager,Product Design,Product,EMP00112,2019-12-17,chris.lopez@theguild.com,1997-08-01,Male,Active,San Jose,CA,95101,2026-01-01,64950,Salary,Non-Exempt,Bi-Weekly,,P1,Annual Bonus,3247,EEID00383
EMP00384,Mia,,Ramirez,Mia Ramirez,Engineering Manager,Security,Engineering & Technology,EMP00008,2023-10-13,mia.ramirez@theguild.com,1979-09-03,Male,Active,San Jose,CA,95101,2026-01-01,142303,Salary,Exempt,Bi-Weekly,,M1,No Bonus,0,EEID00384
EMP00385,Ezra,,Morris,Ezra Morris,Operations Associate,Business Operations,Operations,EMP00341,2022-12-14,ezra.morris@theguild.com,1997-09-10,,Active,Denver,CO,80201,2026-01-01,60473,Salary,Exempt,Bi-Weekly,,P1,No Bonus,0,EEID00385
EMP00386,Stephanie,,Nelson,Stephanie Nelson,Sales Development Representative,Revenue Operations,Sales & Revenue,EMP00367,2018-12-16,stephanie.nelson@theguild.com,1986-12-07,Non-Binary,Active,Chicago,IL,60601,2026-01-01,68623,Hourly,Non-Exempt,Bi-Weekly,,P1,Commission,6862,EEID00386
EMP00387,Ethan,,Baker,Ethan Baker,Finance Manager,Talent Acquisition,G&A,EMP00208,2018-02-10,ethan.baker@theguild.com,1998-03-17,Male,Terminated,Boulder,CO,80301,2026-01-01,163103,Salary,Exempt,Monthly,2025-07-28,P4,Commission,16310,EEID00387
EMP00388,Mia,,Lee,Mia Lee,Associate Director of Marketing,Content Marketing,Marketing,EMP00011,2025-11-10,mia.lee@theguild.com,1999-11-01,Non-Binary,Leave of Absence,Boulder,CO,80301,2026-01-01,172654,Salary,Exempt,Twice a Month,,P4,Commission,51796,EEID00388
EMP00389,Dylan,,Smith,Dylan Smith,Operations Analyst,Data Analytics & Insights,Operations,EMP00271,2018-12-12,dylan.smith@theguild.com,1976-08-28,Non-Binary,Active,Boise,ID,83701,2026-01-01,93443,Hourly,Non-Exempt,Twice a Month,,P2,Annual Bonus,7475,EEID00389
EMP00390,Chris,,King,Chris King,Senior Customer Success Manager,Implementation & Onboarding,Customer Success,EMP00009,2023-09-01,chris.king@theguild.com,1979-12-15,Male,Terminated,Provo,UT,84601,2026-01-01,106534,Salary,Exempt,Bi-Weekly,2026-01-10,P3,Annual Bonus,10653,EEID00390
EMP00391,Hannah,,Baker,Hannah Baker,CS Manager,Implementation & Onboarding,Customer Success,EMP00012,2021-03-11,hannah.baker@theguild.com,2000-09-10,Female,Active,Los Angeles,CA,90001,2026-01-01,157515,Salary,Exempt,Bi-Weekly,,M1,Annual Bonus,12601,EEID00391
EMP00392,Wren,,Campbell,Wren Campbell,Product Manager,Product Management,Product,EMP00047,2023-05-05,wren.campbell@theguild.com,1984-08-20,,Active,Phoenix,AZ,85001,2026-01-01,86421,Salary,Exempt,Monthly,,P2,Commission,8642,EEID00392
EMP00393,Chloe,,Mitchell,Chloe Mitchell,CS Team Lead,Professional Services,Customer Success,EMP00215,2019-06-05,chloe.mitchell@theguild.com,1996-09-29,,Part Time,Raleigh,NC,27601,2026-01-01,176711,Hourly,Exempt,Bi-Weekly,,P4,Annual Bonus,26506,EEID00393
EMP00394,Aria,,Murphy,Aria Murphy,CS Team Lead,Customer Success Management,Customer Success,EMP00055,2022-02-22,aria.murphy@theguild.com,2000-08-24,Non-Binary,Contractor,Atlanta,GA,30301,2026-01-01,183922,Salary,Exempt,Twice a Month,,P4,Annual Bonus,5517,EEID00394
EMP00395,Wren,,Martinez,Wren Martinez,Senior Software Engineer,AI & Machine Learning,Engineering & Technology,EMP00009,2020-06-02,wren.martinez@theguild.com,1983-03-19,,Active,New York,NY,10001,2026-01-01,136845,Hourly,Exempt,Monthly,,P3,Annual Bonus,10947,EEID00395
EMP00396,Ashley,,Scott,Ashley Scott,Enterprise Account Executive,Mid-Market Sales,Sales & Revenue,EMP00245,2023-03-03,ashley.scott@theguild.com,1995-03-08,,Terminated,Raleigh,NC,27601,2026-01-01,172077,Salary,Exempt,Bi-Weekly,2025-02-11,P4,Commission,51623,EEID00396
EMP00397,Ella,,Garcia,Ella Garcia,Operations Manager,Program Management,Operations,EMP00162,2024-05-31,ella.garcia@theguild.com,1988-11-08,Male,Active,Minneapolis,MN,55401,2026-01-01,160912,Salary,Exempt,Monthly,,P4,Annual Bonus,4827,EEID00397
EMP00398,Kevin,,Adams,Kevin Adams,Customer Success Manager,Solutions Engineering,Customer Success,EMP00344,2024-07-01,kevin.adams@theguild.com,1994-12-05,Male,Terminated,San Francisco,CA,94101,2026-01-01,87882,Salary,Exempt,Bi-Weekly,2024-01-04,P2,No Bonus,0,EEID00398
EMP00399,Nora,,Hill,Nora Hill,Junior Software Engineer,IT,Engineering & Technology,EMP00208,2019-02-11,nora.hill@theguild.com,1999-04-21,Female,Active,Boulder,CO,80301,2026-01-01,60914,Salary,Non-Exempt,Bi-Weekly,,P1,Annual Bonus,1827,EEID00399
EMP00400,Matt,,Lopez,Matt Lopez,Enterprise Account Executive,Mid-Market Sales,Sales & Revenue,EMP00157,2019-08-07,matt.lopez@theguild.com,1993-07-08,Non-Binary,Active,San Jose,CA,95101,2026-01-01,175270,Salary,Exempt,Twice a Month,,P4,Annual Bonus,14021,EEID00400
EMP00401,Noah,,Stewart,Noah Stewart,Software Engineer,Software Engineering,Engineering & Technology,EMP00193,2018-09-26,noah.stewart@theguild.com,1996-09-19,Male,Contractor,Portland,OR,97201,2026-01-01,113057,Salary,Non-Exempt,Twice a Month,,P2,Commission,22611,EEID00401
EMP00402,Samantha,,Rogers,Samantha Rogers,Junior Software Engineer,Data Engineering,Engineering & Technology,EMP00289,2020-10-01,samantha.rogers@theguild.com,1999-02-10,,Active,Austin,TX,73301,2026-01-01,64981,Salary,Exempt,Bi-Weekly,,P1,Commission,6498,EEID00402
EMP00403,Riley,,Smith,Riley Smith,Senior Operations Analyst,FP&A,Operations,EMP00250,2020-05-21,riley.smith@theguild.com,1997-11-22,Non-Binary,Active,Portland,OR,97201,2026-01-01,108943,Hourly,Exempt,Bi-Weekly,,P3,No Bonus,0,EEID00403
EMP00404,Ryan,,Campbell,Ryan Campbell,CS Manager,Solutions Engineering,Customer Success,EMP00012,2021-07-27,ryan.campbell@theguild.com,1990-05-15,Non-Binary,Active,Portland,OR,97201,2026-01-01,129152,Hourly,Exempt,Bi-Weekly,,M1,Commission,38745,EEID00404
EMP00405,Sam,,Thomas,Sam Thomas,HRBP Lead,Procurement,G&A,EMP00024,2022-08-20,sam.thomas@theguild.com,1999-12-07,,Active,San Francisco,CA,94101,2026-01-01,180340,Hourly,Exempt,Monthly,,P4,Annual Bonus,9017,EEID00405
EMP00406,Reid,,Garcia,Reid Garcia,Operations Manager,Business Operations,Operations,EMP00384,2022-02-26,reid.garcia@theguild.com,1983-08-28,,Active,Dallas,TX,75201,2026-01-01,159666,Salary,Exempt,Monthly,,P4,Annual Bonus,15966,EEID00406
EMP00407,Jason,,Campbell,Jason Campbell,Senior Software Engineer,Data Engineering,Engineering & Technology,EMP00341,2021-02-23,jason.campbell@theguild.com,1997-02-08,Female,Active,Chicago,IL,60601,2026-01-01,145202,Salary,Exempt,Twice a Month,,P3,Annual Bonus,4356,EEID00407
EMP00408,Megan,,Stewart,Megan Stewart,Senior HR Manager,Payroll,G&A,EMP00013,2018-09-24,megan.stewart@theguild.com,1980-09-18,Non-Binary,Active,Provo,UT,84601,2026-01-01,186161,Salary,Exempt,Monthly,,M2,Commission,18616,EEID00408
EMP00409,Wren,,Phillips,Wren Phillips,Operations Associate,Data Analytics & Insights,Operations,EMP00215,2025-08-17,wren.phillips@theguild.com,1998-04-01,,Active,San Jose,CA,95101,2026-01-01,55064,Salary,Non-Exempt,Twice a Month,,P1,Annual Bonus,1651,EEID00409
EMP00410,Ethan,,King,Ethan King,Operations Analyst,Business Operations,Operations,EMP00271,2018-04-14,ethan.king@theguild.com,1985-02-13,,Active,San Francisco,CA,94101,2026-01-01,107529,Hourly,Exempt,Bi-Weekly,,P2,Annual Bonus,16129,EEID00410
EMP00411,Kayla,,Gonzalez,Kayla Gonzalez,Associate Product Manager,UX Research,Product,EMP00378,2021-10-27,kayla.gonzalez@theguild.com,1977-06-10,Non-Binary,Active,Los Angeles,CA,90001,2026-01-01,69154,Salary,Exempt,Monthly,,P1,Commission,6915,EEID00411
EMP00412,Sarah,,Evans,Sarah Evans,Customer Success Associate,Solutions Engineering,Customer Success,EMP00011,2021-05-19,sarah.evans@theguild.com,1994-05-16,Male,Terminated,Los Angeles,CA,90001,2026-01-01,57802,Salary,Exempt,Monthly,2025-02-11,P1,Commission,5780,EEID00412
EMP00413,Quinn,,Scott,Quinn Scott,Staff Software Engineer,Data Engineering,Engineering & Technology,EMP00408,2022-10-20,quinn.scott@theguild.com,1979-07-18,Non-Binary,Active,Boise,ID,83701,2026-01-01,150277,Salary,Exempt,Twice a Month,,P4,Commission,30055,EEID00413
EMP00414,Ezra,,King,Ezra King,Sales Manager,Sales Development,Sales & Revenue,EMP00010,2024-12-18,ezra.king@theguild.com,1994-12-11,Female,Active,Portland,OR,97201,2026-01-01,157566,Salary,Exempt,Twice a Month,,M1,Commission,47269,EEID00414
EMP00415,Amanda,,Collins,Amanda Collins,Senior Engineering Manager,Software Engineering,Engineering & Technology,EMP00008,2021-11-05,amanda.collins@theguild.com,1988-01-21,Non-Binary,Active,New York,NY,10001,2026-01-01,188251,Salary,Exempt,Twice a Month,,M2,Annual Bonus,28237,EEID00415
EMP00416,Wren,,Hill,Wren Hill,HR Manager,People & HR,G&A,EMP00013,2025-10-16,wren.hill@theguild.com,1995-12-19,Non-Binary,Active,Denver,CO,80201,2026-01-01,132806,Salary,Exempt,Bi-Weekly,,M1,Annual Bonus,13280,EEID00416
EMP00417,Skyler,,Martin,Skyler Martin,Associate Director of Marketing,Events & Community,Marketing,EMP00416,2020-09-06,skyler.martin@theguild.com,1996-07-25,Non-Binary,Active,Chicago,IL,60601,2026-01-01,149378,Salary,Exempt,Twice a Month,,P4,Commission,14937,EEID00417
EMP00418,Brian,,Sanchez,Brian Sanchez,Associate Product Manager,Product Management,Product,EMP00023,2020-03-21,brian.sanchez@theguild.com,1987-09-29,Female,Active,Minneapolis,MN,55401,2026-01-01,73176,Salary,Non-Exempt,Monthly,,P1,Annual Bonus,3658,EEID00418
EMP00419,Hannah,,Phillips,Hannah Phillips,Product Manager,UX Research,Product,EMP00056,2019-03-31,hannah.phillips@theguild.com,1990-03-07,Female,Active,Seattle,WA,98101,2026-01-01,81408,Salary,Exempt,Twice a Month,,P2,No Bonus,0,EEID00419
EMP00420,Ezra,,Thomas,Ezra Thomas,Enterprise Account Executive,Revenue Operations,Sales & Revenue,EMP00414,2022-10-26,ezra.thomas@theguild.com,1985-12-20,Male,Terminated,Denver,CO,80201,2026-01-01,144465,Hourly,Exempt,Bi-Weekly,2024-01-24,P4,Annual Bonus,21669,EEID00420
EMP00421,Reid,,Jackson,Reid Jackson,Operations Associate,Corporate Strategy,Operations,EMP00257,2024-11-23,reid.jackson@theguild.com,1977-11-28,Female,Contractor,Raleigh,NC,27601,2026-01-01,82902,Salary,Exempt,Twice a Month,,P1,No Bonus,0,EEID00421
EMP00422,Aria,,White,Aria White,Senior Marketing Manager,Corporate Communications,Marketing,EMP00135,2023-01-26,aria.white@theguild.com,1985-07-07,,Active,Provo,UT,84601,2026-01-01,136048,Salary,Exempt,Bi-Weekly,,P3,Annual Bonus,6802,EEID00422
EMP00423,Aria,,Ramirez,Aria Ramirez,Senior Marketing Manager,Content Marketing,Marketing,EMP00366,2023-03-21,aria.ramirez@theguild.com,1997-12-23,Non-Binary,Active,Minneapolis,MN,55401,2026-01-01,113803,Salary,Exempt,Bi-Weekly,,P3,Commission,11380,EEID00423
EMP00424,Aurora,,Robinson,Aurora Robinson,Associate Director of Marketing,Sales Enablement,Marketing,EMP00009,2021-04-21,aurora.robinson@theguild.com,1997-07-04,Male,Active,Chicago,IL,60601,2026-01-01,160059,Salary,Exempt,Monthly,,P4,Annual Bonus,4801,EEID00424
EMP00425,Samantha,,Miller,Samantha Miller,Software Engineer,DevOps & Infrastructure,Engineering & Technology,EMP00134,2021-02-28,samantha.miller@theguild.com,1990-07-20,,Active,Portland,OR,97201,2026-01-01,101577,Salary,Exempt,Bi-Weekly,,P2,Annual Bonus,8126,EEID00425
EMP00426,Ash,,Parker,Ash Parker,HR Generalist,Finance,G&A,EMP00362,2021-07-06,ash.parker@theguild.com,1983-06-05,,Active,Raleigh,NC,27601,2026-01-01,94871,Salary,Non-Exempt,Twice a Month,,P2,Annual Bonus,2846,EEID00426
EMP00427,Brian,,Lewis,Brian Lewis,Marketing Specialist,Demand Generation,Marketing,EMP00378,2022-07-11,brian.lewis@theguild.com,1999-02-12,Non-Binary,Active,Atlanta,GA,30301,2026-01-01,112754,Salary,Exempt,Twice a Month,,P2,Commission,33826,EEID00427
EMP00428,Peyton,,Johnson,Peyton Johnson,Customer Success Manager,Customer Success Management,Customer Success,EMP00088,2024-05-21,peyton.johnson@theguild.com,1995-04-03,Non-Binary,Contractor,Austin,TX,73301,2026-01-01,104990,Hourly,Exempt,Twice a Month,,P2,Annual Bonus,8399,EEID00428
EMP00429,Lauren,,Miller,Lauren Miller,Senior Finance Manager,People & HR,G&A,EMP00013,2018-10-14,lauren.miller@theguild.com,1995-05-25,Male,Terminated,Salt Lake City,UT,84101,2026-01-01,163041,Salary,Exempt,Bi-Weekly,2025-03-01,M2,Annual Bonus,24456,EEID00429
EMP00430,Wren,,Smith,Wren Smith,Staff Product Manager,UX Research,Product,EMP00024,2020-04-22,wren.smith@theguild.com,1988-11-23,,Active,Raleigh,NC,27601,2026-01-01,142257,Salary,Exempt,Twice a Month,,P4,Annual Bonus,7112,EEID00430
EMP00431,Ryan,,Green,Ryan Green,CS Team Lead,Implementation & Onboarding,Customer Success,EMP00047,2023-02-28,ryan.green@theguild.com,1995-10-03,Male,Active,Dallas,TX,75201,2026-01-01,135487,Salary,Exempt,Bi-Weekly,,P4,Commission,27097,EEID00431
EMP00432,Ben,,Nelson,Ben Nelson,Senior Marketing Manager,Events & Community,Marketing,EMP00112,2020-01-22,ben.nelson@theguild.com,2000-07-04,Male,Active,Boise,ID,83701,2026-01-01,132200,Hourly,Exempt,Twice a Month,,P3,Commission,39660,EEID00432
EMP00433,Riley,,Thomas,Riley Thomas,Senior Operations Analyst,Corporate Strategy,Operations,EMP00208,2023-08-29,riley.thomas@theguild.com,1989-08-16,,Part Time,Lehi,UT,84043,2026-01-01,137341,Salary,Exempt,Bi-Weekly,,P3,Annual Bonus,4120,EEID00433
EMP00434,Lauren,,Taylor,Lauren Taylor,Associate Product Manager,Product Management,Product,EMP00363,2025-12-14,lauren.taylor@theguild.com,1981-02-14,Non-Binary,Active,Denver,CO,80201,2026-01-01,66260,Hourly,Exempt,Monthly,,P1,Annual Bonus,1987,EEID00434
EMP00435,Cole,,Robinson,Cole Robinson,Software Engineer,DevOps & Infrastructure,Engineering & Technology,EMP00384,2019-05-24,cole.robinson@theguild.com,1998-12-25,,Active,Boston,MA,02101,2026-01-01,110853,Salary,Exempt,Monthly,,P2,Annual Bonus,8868,EEID00435
EMP00436,Sarah,,Carter,Sarah Carter,Operations Analyst,Business Operations,Operations,EMP00088,2023-11-12,sarah.carter@theguild.com,1979-08-12,,Active,Lehi,UT,84043,2026-01-01,91661,Salary,Non-Exempt,Monthly,,P2,No Bonus,0,EEID00436
EMP00437,Kai,,Brown,Kai Brown,Senior CS Manager,Customer Success Management,Customer Success,EMP00012,2021-10-12,kai.brown@theguild.com,1983-08-15,Male,Active,Austin,TX,73301,2026-01-01,174552,Salary,Exempt,Twice a Month,,M2,Annual Bonus,5236,EEID00437
EMP00438,David,,Collins,David Collins,Operations Associate,Corporate Strategy,Operations,EMP00157,2020-05-25,david.collins@theguild.com,1979-10-01,Non-Binary,Active,Denver,CO,80201,2026-01-01,81726,Salary,Non-Exempt,Twice a Month,,P1,Annual Bonus,4086,EEID00438
EMP00439,Andrew,,Smith,Andrew Smith,Marketing Manager,Events & Community,Marketing,EMP00011,2022-08-11,andrew.smith@theguild.com,1988-07-11,,Active,Boise,ID,83701,2026-01-01,124326,Salary,Exempt,Monthly,,M1,Annual Bonus,6216,EEID00439
EMP00440,Reid,,Edwards,Reid Edwards,Operations Associate,Program Management,Operations,EMP00429,2023-05-29,reid.edwards@theguild.com,1978-01-11,Non-Binary,Contractor,New York,NY,10001,2026-01-01,77213,Salary,Exempt,Bi-Weekly,,P1,No Bonus,0,EEID00440
EMP00441,Drew,,Rogers,Drew Rogers,Customer Success Manager,Professional Services,Customer Success,EMP00334,2018-11-22,drew.rogers@theguild.com,1977-09-08,Female,Active,Seattle,WA,98101,2026-01-01,81390,Salary,Exempt,Twice a Month,,P2,Annual Bonus,12208,EEID00441
EMP00442,Violet,,Jackson,Violet Jackson,Associate Product Manager,Product Design,Product,EMP00414,2021-03-27,violet.jackson@theguild.com,1976-01-24,Female,Active,Portland,OR,97201,2026-01-01,79223,Salary,Exempt,Twice a Month,,P1,No Bonus,0,EEID00442
EMP00443,Mia,,Thomas,Mia Thomas,Product Manager,Product Management,Product,EMP00157,2025-02-11,mia.thomas@theguild.com,1981-05-07,Female,Active,San Francisco,CA,94101,2026-01-01,114175,Salary,Non-Exempt,Monthly,,P2,Annual Bonus,3425,EEID00443
EMP00444,Emily,,Lopez,Emily Lopez,Customer Success Manager,Solutions Engineering,Customer Success,EMP00362,2020-10-16,emily.lopez@theguild.com,1988-08-06,Non-Binary,Active,Boston,MA,02101,2026-01-01,107934,Salary,Exempt,Twice a Month,,P2,Annual Bonus,16190,EEID00444
EMP00445,Megan,,Moore,Megan Moore,Senior Ops Manager,FP&A,Operations,EMP00014,2022-04-12,megan.moore@theguild.com,1994-03-04,Male,Active,Boulder,CO,80301,2026-01-01,160994,Hourly,Exempt,Bi-Weekly,,M2,Commission,16099,EEID00445
EMP00446,Rowan,,Wright,Rowan Wright,Staff Product Manager,Product Design,Product,EMP00193,2020-03-12,rowan.wright@theguild.com,1981-12-10,Female,Active,Raleigh,NC,27601,2026-01-01,153561,Salary,Exempt,Bi-Weekly,,P4,Annual Bonus,15356,EEID00446
EMP00447,Jordan,,Murphy,Jordan Murphy,CS Team Lead,Renewals,Customer Success,EMP00445,2024-08-06,jordan.murphy@theguild.com,1978-03-13,,Active,Dallas,TX,75201,2026-01-01,160863,Hourly,Exempt,Bi-Weekly,,P4,No Bonus,0,EEID00447
EMP00448,Ashley,,Harris,Ashley Harris,CS Team Lead,Customer Support,Customer Success,EMP00355,2020-10-07,ashley.harris@theguild.com,1985-11-14,,Active,Atlanta,GA,30301,2026-01-01,168397,Salary,Exempt,Twice a Month,,P4,Commission,50519,EEID00448
EMP00449,Ethan,,Baker,Ethan Baker,HR Generalist,Finance,G&A,EMP00134,2022-06-17,ethan.baker@theguild.com,1978-08-09,Female,Active,Provo,UT,84601,2026-01-01,89657,Salary,Exempt,Monthly,,P2,Annual Bonus,8965,EEID00449
EMP00450,Lauren,,Morris,Lauren Morris,Associate Director of Marketing,Marketing Operations,Marketing,EMP00414,2022-06-19,lauren.morris@theguild.com,1988-10-26,Male,Terminated,Seattle,WA,98101,2026-01-01,184313,Salary,Exempt,Bi-Weekly,2023-07-02,P4,Annual Bonus,9215,EEID00450
EMP00451,Cole,,Smith,Cole Smith,Staff Software Engineer,DevOps & Infrastructure,Engineering & Technology,EMP00215,2020-01-16,cole.smith@theguild.com,1997-07-18,Male,Active,Atlanta,GA,30301,2026-01-01,183040,Salary,Exempt,Bi-Weekly,,P4,Annual Bonus,18304,EEID00451
EMP00452,Blake,,Stewart,Blake Stewart,Product Manager,Product Design,Product,EMP00245,2022-03-28,blake.stewart@theguild.com,1980-08-04,Non-Binary,Active,Boise,ID,83701,2026-01-01,106790,Salary,Exempt,Monthly,,P2,Annual Bonus,3203,EEID00452
EMP00453,Mia,,Johnson,Mia Johnson,Customer Success Associate,Customer Support,Customer Success,EMP00366,2022-03-19,mia.johnson@theguild.com,1998-04-30,Non-Binary,Contractor,Provo,UT,84601,2026-01-01,63718,Salary,Exempt,Bi-Weekly,,P1,Commission,6371,EEID00453
EMP00454,Leo,,Parker,Leo Parker,Senior Account Executive,Channel & Partnerships,Sales & Revenue,EMP00344,2018-01-13,leo.parker@theguild.com,1995-07-01,,Active,Boise,ID,83701,2026-01-01,128672,Salary,Exempt,Bi-Weekly,,P3,Annual Bonus,3860,EEID00454
EMP00455,Taylor,,Green,Taylor Green,Software Engineer,Architecture,Engineering & Technology,EMP00257,2022-01-15,taylor.green@theguild.com,1977-01-19,Non-Binary,Active,Denver,CO,80201,2026-01-01,111142,Salary,Non-Exempt,Monthly,,P2,No Bonus,0,EEID00455
EMP00456,Samantha,,Green,Samantha Green,Marketing Coordinator,Sales Enablement,Marketing,EMP00344,2019-08-10,samantha.green@theguild.com,1998-04-30,Male,Active,Seattle,WA,98101,2026-01-01,70601,Hourly,Non-Exempt,Bi-Weekly,,P1,No Bonus,0,EEID00456
EMP00457,Violet,,Edwards,Violet Edwards,Staff Software Engineer,Data Engineering,Engineering & Technology,EMP00250,2019-03-09,violet.edwards@theguild.com,1994-07-05,Male,Active,Chicago,IL,60601,2026-01-01,142581,Salary,Exempt,Bi-Weekly,,P4,Annual Bonus,4277,EEID00457
EMP00458,Ella,,Cook,Ella Cook,Senior Marketing Manager,Marketing Operations,Marketing,EMP00024,2024-09-26,ella.cook@theguild.com,1977-11-25,Non-Binary,Terminated,Raleigh,NC,27601,2026-01-01,148612,Salary,Exempt,Bi-Weekly,2026-07-21,P3,Annual Bonus,22291,EEID00458
EMP00459,Noah,,Nelson,Noah Nelson,HR Generalist,Payroll,G&A,EMP00013,2022-04-07,noah.nelson@theguild.com,2000-11-17,Male,Active,Los Angeles,CA,90001,2026-01-01,99069,Salary,Exempt,Bi-Weekly,,P2,Annual Bonus,7925,EEID00459
EMP00460,Quinn,,Hill,Quinn Hill,CS Team Lead,Customer Support,Customer Success,EMP00429,2024-01-14,quinn.hill@theguild.com,1995-08-30,Non-Binary,Active,Boulder,CO,80301,2026-01-01,179518,Salary,Exempt,Monthly,,P4,Commission,17951,EEID00460
EMP00461,Emma,,Morris,Emma Morris,Product Manager,Product Operations,Product,EMP00306,2020-06-02,emma.morris@theguild.com,1997-03-16,Non-Binary,Active,Boulder,CO,80301,2026-01-01,82250,Salary,Non-Exempt,Twice a Month,,P2,No Bonus,0,EEID00461
EMP00462,Quinn,,Collins,Quinn Collins,Account Executive,SMB Sales,Sales & Revenue,EMP00404,2021-10-14,quinn.collins@theguild.com,1993-12-13,,Active,Dallas,TX,75201,2026-01-01,91732,Salary,Exempt,Monthly,,P2,Commission,18346,EEID00462
EMP00463,Liam,,Sanchez,Liam Sanchez,Senior Software Engineer,Architecture,Engineering & Technology,EMP00204,2019-11-02,liam.sanchez@theguild.com,2000-11-21,Female,Active,Los Angeles,CA,90001,2026-01-01,140914,Salary,Exempt,Bi-Weekly,,P3,Commission,42274,EEID00463
EMP00464,Ivy,,Jackson,Ivy Jackson,Product Manager,Product Design,Product,EMP00014,2021-12-27,ivy.jackson@theguild.com,1996-04-03,Female,Active,New York,NY,10001,2026-01-01,117727,Hourly,Non-Exempt,Bi-Weekly,,P2,Annual Bonus,3531,EEID00464
EMP00465,Ashley,,Allen,Ashley Allen,HR Generalist,Procurement,G&A,EMP00023,2025-07-10,ashley.allen@theguild.com,1979-01-08,,Active,Raleigh,NC,27601,2026-01-01,82227,Salary,Exempt,Twice a Month,,P2,No Bonus,0,EEID00465
EMP00466,Olivia,,Baker,Olivia Baker,Finance Associate,Compliance,G&A,EMP00251,2024-08-25,olivia.baker@theguild.com,1983-02-15,,Active,Boulder,CO,80301,2026-01-01,58999,Salary,Exempt,Twice a Month,,P1,Annual Bonus,1769,EEID00466
EMP00467,Stella,,Martin,Stella Martin,CS Manager,Customer Support,Customer Success,EMP00012,2024-01-17,stella.martin@theguild.com,1980-07-26,Female,Active,Lehi,UT,84043,2026-01-01,165923,Hourly,Exempt,Monthly,,M1,Commission,49776,EEID00467
EMP00468,Rachel,,Murphy,Rachel Murphy,CS Team Lead,Renewals,Customer Success,EMP00134,2019-05-26,rachel.murphy@theguild.com,1997-09-14,Non-Binary,Active,Boston,MA,02101,2026-01-01,137565,Salary,Exempt,Bi-Weekly,,P4,Annual Bonus,4126,EEID00468
EMP00469,June,,Hernandez,June Hernandez,Marketing Coordinator,Demand Generation,Marketing,EMP00445,2018-07-03,june.hernandez@theguild.com,1985-08-20,Male,Active,Boulder,CO,80301,2026-01-01,59582,Salary,Exempt,Monthly,,P1,No Bonus,0,EEID00469
EMP00470,Matt,,Martin,Matt Martin,Operations Analyst,Corporate Strategy,Operations,EMP00404,2018-12-08,matt.martin@theguild.com,1986-05-27,,Active,Portland,OR,97201,2026-01-01,88420,Salary,Non-Exempt,Bi-Weekly,,P2,Commission,17684,EEID00470
EMP00471,Reid,,Wilson,Reid Wilson,Software Engineer,Data Engineering,Engineering & Technology,EMP00152,2019-05-26,reid.wilson@theguild.com,1998-11-03,Male,Active,Phoenix,AZ,85001,2026-01-01,107504,Hourly,Exempt,Bi-Weekly,,P2,Annual Bonus,8600,EEID00471
EMP00472,James,,Perez,James Perez,Senior HR Business Partner,Legal,G&A,EMP00282,2019-12-21,james.perez@theguild.com,1998-08-13,Non-Binary,Active,Dallas,TX,75201,2026-01-01,119795,Salary,Exempt,Twice a Month,,P3,Annual Bonus,3593,EEID00472
EMP00473,David,,King,David King,Sales Development Representative,Sales Operations,Sales & Revenue,EMP00367,2025-09-13,david.king@theguild.com,1998-01-14,Female,Active,Lehi,UT,84043,2026-01-01,65420,Hourly,Non-Exempt,Bi-Weekly,,P1,Annual Bonus,1962,EEID00473
EMP00474,Matt,,Harris,Matt Harris,Senior Customer Success Manager,Renewals,Customer Success,EMP00185,2023-11-03,matt.harris@theguild.com,1985-04-06,Non-Binary,Active,Atlanta,GA,30301,2026-01-01,135001,Hourly,Exempt,Bi-Weekly,,P3,Annual Bonus,13500,EEID00474
EMP00475,Aria,,Clark,Aria Clark,Operations Associate,Data Analytics & Insights,Operations,EMP00162,2023-09-15,aria.clark@theguild.com,1981-02-13,,Active,Austin,TX,73301,2026-01-01,58068,Salary,Non-Exempt,Monthly,,P1,Commission,17420,EEID00475
EMP00476,Aria,,Mitchell,Aria Mitchell,Financial Analyst,Legal,G&A,EMP00353,2023-11-15,aria.mitchell@theguild.com,1985-02-04,Female,Active,Boulder,CO,80301,2026-01-01,107851,Salary,Non-Exempt,Bi-Weekly,,P2,No Bonus,0,EEID00476
EMP00477,Ethan,,Morris,Ethan Morris,Staff Product Manager,UX Research,Product,EMP00363,2023-06-02,ethan.morris@theguild.com,1988-03-02,Non-Binary,Contractor,Los Angeles,CA,90001,2026-01-01,146172,Salary,Exempt,Monthly,,P4,Annual Bonus,11693,EEID00477
EMP00478,Alex,,Campbell,Alex Campbell,Senior Financial Analyst,Payroll,G&A,EMP00445,2019-03-15,alex.campbell@theguild.com,1975-03-26,Non-Binary,Active,San Francisco,CA,94101,2026-01-01,145484,Hourly,Exempt,Bi-Weekly,,P3,Annual Bonus,11638,EEID00478
EMP00479,Nora,,Thompson,Nora Thompson,Software Engineer,DevOps & Infrastructure,Engineering & Technology,EMP00112,2021-05-10,nora.thompson@theguild.com,1991-05-08,,Terminated,New York,NY,10001,2026-01-01,106916,Salary,Exempt,Twice a Month,2023-01-15,P2,Commission,21383,EEID00479
EMP00480,Reid,,Collins,Reid Collins,Enterprise Account Executive,Mid-Market Sales,Sales & Revenue,EMP00408,2019-07-02,reid.collins@theguild.com,1992-09-12,,Active,Denver,CO,80201,2026-01-01,158182,Salary,Exempt,Bi-Weekly,,P4,Annual Bonus,4745,EEID00480
EMP00481,Casey,,Hernandez,Casey Hernandez,Senior Financial Analyst,Talent Acquisition,G&A,EMP00467,2022-05-12,casey.hernandez@theguild.com,1980-11-23,Male,Active,New York,NY,10001,2026-01-01,137051,Salary,Exempt,Twice a Month,,P3,Commission,41115,EEID00481
EMP00482,Morgan,,Rodriguez,Morgan Rodriguez,Product Manager,UX Research,Product,EMP00009,2024-12-04,morgan.rodriguez@theguild.com,1981-11-03,Female,Active,Salt Lake City,UT,84101,2026-01-01,108158,Salary,Non-Exempt,Monthly,,P2,Commission,10815,EEID00482
EMP00483,Olivia,,Evans,Olivia Evans,Software Engineer,Data Engineering,Engineering & Technology,EMP00088,2019-06-26,olivia.evans@theguild.com,1992-12-31,Male,Active,Boulder,CO,80301,2026-01-01,111057,Salary,Exempt,Bi-Weekly,,P2,Annual Bonus,3331,EEID00483
EMP00484,Kevin,,Morgan,Kevin Morgan,Design Manager,Product Operations,Product,EMP00009,2018-09-09,kevin.morgan@theguild.com,1997-11-14,,Active,Chicago,IL,60601,2026-01-01,144926,Salary,Exempt,Bi-Weekly,,M1,Commission,28985,EEID00484
EMP00485,Will,,Davis,Will Davis,Senior Account Executive,Revenue Operations,Sales & Revenue,EMP00014,2023-04-18,will.davis@theguild.com,1987-07-27,Male,Active,San Francisco,CA,94101,2026-01-01,125961,Salary,Exempt,Bi-Weekly,,P3,Annual Bonus,10076,EEID00485
EMP00486,Rachel,,Taylor,Rachel Taylor,Marketing Coordinator,Events & Community,Marketing,EMP00134,2022-04-23,rachel.taylor@theguild.com,1978-11-30,Male,Active,Atlanta,GA,30301,2026-01-01,77379,Salary,Exempt,Bi-Weekly,,P1,Annual Bonus,11606,EEID00486
EMP00487,Drew,,Davis,Drew Davis,Staff Software Engineer,Security,Engineering & Technology,EMP00345,2020-02-25,drew.davis@theguild.com,1993-10-04,Non-Binary,Active,Raleigh,NC,27601,2026-01-01,170820,Salary,Exempt,Bi-Weekly,,P4,Annual Bonus,8541,EEID00487
EMP00488,Ethan,,Lewis,Ethan Lewis,HR Coordinator,Legal,G&A,EMP00484,2018-09-07,ethan.lewis@theguild.com,1983-07-14,,Active,Boston,MA,02101,2026-01-01,72162,Salary,Exempt,Bi-Weekly,,P1,Annual Bonus,10824,EEID00488
EMP00489,Reid,,Murphy,Reid Murphy,CS Team Lead,Customer Success Management,Customer Success,EMP00271,2018-02-06,reid.murphy@theguild.com,1998-01-01,,Active,San Francisco,CA,94101,2026-01-01,174794,Salary,Exempt,Bi-Weekly,,P4,Commission,52438,EEID00489
EMP00490,Will,,Nguyen,Will Nguyen,Associate Product Manager,UX Research,Product,EMP00250,2020-05-10,will.nguyen@theguild.com,1998-12-24,Male,Active,New York,NY,10001,2026-01-01,56494,Salary,Exempt,Bi-Weekly,,P1,Annual Bonus,2824,EEID00490
EMP00491,Dylan,,Baker,Dylan Baker,Senior Customer Success Manager,Implementation & Onboarding,Customer Success,EMP00301,2019-12-25,dylan.baker@theguild.com,1986-06-26,Male,Active,San Jose,CA,95101,2026-01-01,145074,Salary,Exempt,Bi-Weekly,,P3,Annual Bonus,11605,EEID00491
EMP00492,Noah,,Nelson,Noah Nelson,Account Executive,Sales Development,Sales & Revenue,EMP00376,2023-07-25,noah.nelson@theguild.com,1983-02-21,,Active,Chicago,IL,60601,2026-01-01,93364,Hourly,Non-Exempt,Bi-Weekly,,P2,Commission,9336,EEID00492
EMP00493,Andrew,,Gonzalez,Andrew Gonzalez,Customer Success Manager,Professional Services,Customer Success,EMP00157,2020-10-01,andrew.gonzalez@theguild.com,1995-05-31,,Terminated,Boise,ID,83701,2026-01-01,100326,Salary,Exempt,Bi-Weekly,2025-03-18,P2,Annual Bonus,10032,EEID00493
EMP00494,Isla,,Rodriguez,Isla Rodriguez,HRBP Lead,Finance,G&A,EMP00009,2019-08-08,isla.rodriguez@theguild.com,1975-08-10,Male,Active,San Jose,CA,95101,2026-01-01,142211,Salary,Exempt,Bi-Weekly,,P4,Annual Bonus,11376,EEID00494
EMP00495,June,,Campbell,June Campbell,Operations Associate,Data Analytics & Insights,Operations,EMP00414,2024-02-05,june.campbell@theguild.com,1986-12-31,Male,Active,Salt Lake City,UT,84101,2026-01-01,70742,Salary,Non-Exempt,Bi-Weekly,,P1,Annual Bonus,2122,EEID00495
EMP00496,Riley,,Miller,Riley Miller,Senior CS Manager,Implementation & Onboarding,Customer Success,EMP00012,2020-07-14,riley.miller@theguild.com,1992-04-04,Male,Active,Phoenix,AZ,85001,2026-01-01,209779,Hourly,Exempt,Bi-Weekly,,M2,Annual Bonus,16782,EEID00496
EMP00497,Lauren,,Davis,Lauren Davis,Senior Product Manager,Product Management,Product,EMP00344,2023-12-13,lauren.davis@theguild.com,1990-01-08,Female,Active,Austin,TX,73301,2026-01-01,145350,Salary,Exempt,Bi-Weekly,,P3,Annual Bonus,14535,EEID00497
EMP00498,Stephanie,,Cook,Stephanie Cook,Senior HR Business Partner,Facilities & Admin,G&A,EMP00467,2021-08-04,stephanie.cook@theguild.com,1981-08-18,,Active,Portland,OR,97201,2026-01-01,122766,Salary,Exempt,Monthly,,P3,Annual Bonus,6138,EEID00498
EMP00499,Ivy,,Stewart,Ivy Stewart,Senior Software Engineer,DevOps & Infrastructure,Engineering & Technology,EMP00134,2023-05-26,ivy.stewart@theguild.com,1993-07-27,Non-Binary,Active,Dallas,TX,75201,2026-01-01,126171,Salary,Exempt,Bi-Weekly,,P3,Commission,25234,EEID00499
EMP00500,Kayla,,Harris,Kayla Harris,Associate Director of Marketing,Corporate Communications,Marketing,EMP00391,2020-04-12,kayla.harris@theguild.com,1975-10-09,Non-Binary,Active,Chicago,IL,60601,2026-01-01,140479,Salary,Exempt,Bi-Weekly,,P4,Annual Bonus,4214,EEID00500
EMP00501,Amanda,,Rogers,Amanda Rogers,Senior Software Engineer,Software Engineering,Engineering & Technology,EMP00151,2018-08-17,amanda.rogers@theguild.com,1981-03-07,Male,Active,Lehi,UT,84043,2026-01-01,135172,Hourly,Exempt,Bi-Weekly,,P3,Annual Bonus,6758,EEID00501
EMP00502,Noah,,Phillips,Noah Phillips,Junior Software Engineer,Platform Engineering,Engineering & Technology,EMP00157,2024-05-20,noah.phillips@theguild.com,1993-09-06,Female,Active,Atlanta,GA,30301,2026-01-01,82441,Salary,Exempt,Bi-Weekly,,P1,Annual Bonus,2473,EEID00502
EMP00503,Leo,,Campbell,Leo Campbell,Senior Product Manager,UX Research,Product,EMP00092,2022-10-02,leo.campbell@theguild.com,1995-05-19,Non-Binary,Active,San Jose,CA,95101,2026-01-01,123793,Salary,Exempt,Bi-Weekly,,P3,Annual Bonus,12379,EEID00503
EMP00504,Samantha,,Ramirez,Samantha Ramirez,Staff Product Manager,UX Research,Product,EMP00023,2025-04-27,samantha.ramirez@theguild.com,1993-03-04,,Active,Boston,MA,02101,2026-01-01,161240,Salary,Exempt,Twice a Month,,P4,Commission,32248,EEID00504
EMP00505,Avery,,Collins,Avery Collins,Sales Development Representative,Channel & Partnerships,Sales & Revenue,EMP00344,2018-02-14,avery.collins@theguild.com,1988-11-12,Female,Active,Salt Lake City,UT,84101,2026-01-01,66885,Salary,Exempt,Monthly,,P1,Annual Bonus,10032,EEID00505
EMP00506,Casey,,Thomas,Casey Thomas,Sales Development Representative,Mid-Market Sales,Sales & Revenue,EMP00341,2020-03-09,casey.thomas@theguild.com,1989-02-08,,Active,Salt Lake City,UT,84101,2026-01-01,56574,Salary,Non-Exempt,Bi-Weekly,,P1,Commission,16972,EEID00506
EMP00507,Chris,,Roberts,Chris Roberts,Finance Associate,Legal,G&A,EMP00366,2023-03-12,chris.roberts@theguild.com,1978-07-14,Male,Active,San Jose,CA,95101,2026-01-01,74240,Salary,Exempt,Bi-Weekly,,P1,No Bonus,0,EEID00507
EMP00508,Nicole,,Collins,Nicole Collins,HR Generalist,People & HR,G&A,EMP00345,2024-11-05,nicole.collins@theguild.com,1978-05-13,Female,Active,Boise,ID,83701,2026-01-01,88598,Hourly,Exempt,Twice a Month,,P2,Annual Bonus,4429,EEID00508
EMP00509,David,,Collins,David Collins,Senior Software Engineer,Quality Assurance,Engineering & Technology,EMP00416,2022-01-28,david.collins@theguild.com,1990-11-07,Male,Active,Salt Lake City,UT,84101,2026-01-01,111167,Salary,Exempt,Monthly,,P3,Annual Bonus,16675,EEID00509
EMP00510,Andrew,,Turner,Andrew Turner,Operations Manager,FP&A,Operations,EMP00135,2022-07-01,andrew.turner@theguild.com,1993-05-07,Female,Contractor,Provo,UT,84601,2026-01-01,177617,Hourly,Exempt,Monthly,,P4,Annual Bonus,14209,EEID00510
EMP00511,Ethan,,Allen,Ethan Allen,Senior Operations Analyst,Program Management,Operations,EMP00415,2024-04-16,ethan.allen@theguild.com,1975-05-11,Female,Active,San Jose,CA,95101,2026-01-01,138157,Salary,Exempt,Bi-Weekly,,P3,No Bonus,0,EEID00511
EMP00512,Emma,,Harris,Emma Harris,Product Manager,Product Operations,Product,EMP00353,2022-06-14,emma.harris@theguild.com,1994-06-06,Female,Active,Lehi,UT,84043,2026-01-01,86127,Hourly,Exempt,Monthly,,P2,Annual Bonus,2583,EEID00512
EMP00513,Luke,,Jones,Luke Jones,Enterprise Account Executive,Revenue Operations,Sales & Revenue,EMP00282,2021-08-04,luke.jones@theguild.com,2000-06-27,Male,Active,Lehi,UT,84043,2026-01-01,142492,Salary,Exempt,Twice a Month,,P4,Annual Bonus,7124,EEID00513
EMP00514,Quinn,,Morgan,Quinn Morgan,Operations Manager,Data Analytics & Insights,Operations,EMP00010,2019-12-23,quinn.morgan@theguild.com,1978-10-01,Female,Contractor,Phoenix,AZ,85001,2026-01-01,148860,Salary,Exempt,Bi-Weekly,,P4,No Bonus,0,EEID00514
EMP00515,Olivia,,Sanchez,Olivia Sanchez,Staff Software Engineer,Data Engineering,Engineering & Technology,EMP00261,2019-11-05,olivia.sanchez@theguild.com,1983-11-28,Non-Binary,Active,San Jose,CA,95101,2026-01-01,178885,Salary,Exempt,Twice a Month,,P4,Annual Bonus,14310,EEID00515
EMP00516,Ivy,,Walker,Ivy Walker,CS Team Lead,Renewals,Customer Success,EMP00204,2021-07-20,ivy.walker@theguild.com,1975-08-21,Female,Active,Provo,UT,84601,2026-01-01,135650,Salary,Exempt,Bi-Weekly,,P4,No Bonus,0,EEID00516
EMP00517,Matt,,Young,Matt Young,Senior Ops Manager,Data Analytics & Insights,Operations,EMP00014,2022-09-18,matt.young@theguild.com,1999-07-01,Female,Active,Provo,UT,84601,2026-01-01,179527,Salary,Exempt,Monthly,,M2,Annual Bonus,8976,EEID00517
EMP00518,Nicole,,Thompson,Nicole Thompson,Associate Product Manager,Product Design,Product,EMP00306,2021-12-13,nicole.thompson@theguild.com,1999-05-02,,Terminated,Seattle,WA,98101,2026-01-01,55530,Hourly,Non-Exempt,Twice a Month,2025-10-25,P1,Commission,11106,EEID00518
EMP00519,Daniel,,Morgan,Daniel Morgan,Product Manager,Product Operations,Product,EMP00289,2025-04-14,daniel.morgan@theguild.com,1975-09-27,,Active,Phoenix,AZ,85001,2026-01-01,105006,Salary,Exempt,Monthly,,P2,Annual Bonus,3150,EEID00519
EMP00520,Violet,,Campbell,Violet Campbell,Operations Associate,Program Management,Operations,EMP00301,2023-04-08,violet.campbell@theguild.com,1980-07-31,Non-Binary,Active,Denver,CO,80201,2026-01-01,76879,Salary,Non-Exempt,Twice a Month,,P1,Annual Bonus,3843,EEID00520
EMP00521,Owen,,Rogers,Owen Rogers,Senior Ops Manager,FP&A,Operations,EMP00014,2018-03-05,owen.rogers@theguild.com,1976-03-06,Female,Active,Phoenix,AZ,85001,2026-01-01,167538,Salary,Exempt,Monthly,,M2,Commission,16753,EEID00521
EMP00522,Wren,,Stewart,Wren Stewart,Finance Manager,Procurement,G&A,EMP00193,2019-12-13,wren.stewart@theguild.com,1993-01-30,Non-Binary,Active,Dallas,TX,75201,2026-01-01,160648,Salary,Exempt,Twice a Month,,P4,Annual Bonus,16064,EEID00522
EMP00523,Stella,,Anderson,Stella Anderson,Staff Software Engineer,Quality Assurance,Engineering & Technology,EMP00208,2024-08-27,stella.anderson@theguild.com,1981-11-12,Male,Active,San Francisco,CA,94101,2026-01-01,156129,Hourly,Exempt,Monthly,,P4,No Bonus,0,EEID00523
EMP00524,Bryn,,Harris,Bryn Harris,Senior Software Engineer,Quality Assurance,Engineering & Technology,EMP00245,2021-01-31,bryn.harris@theguild.com,1978-09-21,Female,Active,Lehi,UT,84043,2026-01-01,147763,Salary,Exempt,Twice a Month,,P3,Annual Bonus,4432,EEID00524
EMP00525,Ash,,Murphy,Ash Murphy,Junior Software Engineer,DevOps & Infrastructure,Engineering & Technology,EMP00261,2023-07-05,ash.murphy@theguild.com,1975-12-26,,Terminated,Austin,TX,73301,2026-01-01,64255,Hourly,Non-Exempt,Bi-Weekly,2023-07-10,P1,Commission,6425,EEID00525
EMP00526,Cole,,Baker,Cole Baker,Staff Software Engineer,Security,Engineering & Technology,EMP00185,2023-06-06,cole.baker@theguild.com,1999-07-07,Male,Active,Boston,MA,02101,2026-01-01,145558,Salary,Exempt,Monthly,,P4,Annual Bonus,11644,EEID00526
EMP00527,Wren,,Campbell,Wren Campbell,Sales Development Representative,Mid-Market Sales,Sales & Revenue,EMP00362,2025-10-03,wren.campbell@theguild.com,1980-09-04,Non-Binary,Active,Denver,CO,80201,2026-01-01,62087,Salary,Non-Exempt,Bi-Weekly,,P1,Annual Bonus,1862,EEID00527
EMP00528,Ivy,,Gonzalez,Ivy Gonzalez,Senior Software Engineer,AI & Machine Learning,Engineering & Technology,EMP00408,2025-09-15,ivy.gonzalez@theguild.com,1987-08-11,,Active,Dallas,TX,75201,2026-01-01,137492,Salary,Exempt,Bi-Weekly,,P3,Annual Bonus,6874,EEID00528
EMP00529,Ash,,Edwards,Ash Edwards,Operations Analyst,Program Management,Operations,EMP00404,2024-05-12,ash.edwards@theguild.com,1990-10-31,Non-Binary,Active,Portland,OR,97201,2026-01-01,109239,Salary,Exempt,Twice a Month,,P2,Commission,10923,EEID00529
EMP00530,Aurora,,Hernandez,Aurora Hernandez,Staff Software Engineer,Architecture,Engineering & Technology,EMP00011,2018-10-25,aurora.hernandez@theguild.com,1984-08-26,Non-Binary,Active,Los Angeles,CA,90001,2026-01-01,161103,Hourly,Exempt,Bi-Weekly,,P4,Annual Bonus,8055,EEID00530
EMP00531,Matt,,Evans,Matt Evans,Sales Manager,Mid-Market Sales,Sales & Revenue,EMP00010,2023-11-30,matt.evans@theguild.com,1984-10-02,Male,Terminated,Austin,TX,73301,2026-01-01,150498,Hourly,Exempt,Bi-Weekly,2026-02-24,M1,Commission,15049,EEID00531
EMP00532,Drew,,Rivera,Drew Rivera,Operations Manager,Business Operations,Operations,EMP00204,2019-05-04,drew.rivera@theguild.com,1980-07-26,,Active,Raleigh,NC,27601,2026-01-01,155979,Hourly,Exempt,Monthly,,P4,Annual Bonus,15597,EEID00532
EMP00533,Rowan,,Lee,Rowan Lee,Customer Success Associate,Professional Services,Customer Success,EMP00008,2018-10-12,rowan.lee@theguild.com,1996-01-29,Male,Terminated,New York,NY,10001,2026-01-01,76091,Hourly,Exempt,Monthly,2024-08-05,P1,Annual Bonus,2282,EEID00533
EMP00534,Will,,Moore,Will Moore,Senior Account Executive,Revenue Operations,Sales & Revenue,EMP00306,2019-02-25,will.moore@theguild.com,1976-04-24,Female,Active,Minneapolis,MN,55401,2026-01-01,130777,Hourly,Exempt,Monthly,,P3,Annual Bonus,19616,EEID00534
EMP00535,Jordan,,Rodriguez,Jordan Rodriguez,Staff Software Engineer,AI & Machine Learning,Engineering & Technology,EMP00193,2019-03-30,jordan.rodriguez@theguild.com,1977-02-25,Non-Binary,Active,Atlanta,GA,30301,2026-01-01,140768,Salary,Exempt,Monthly,,P4,Annual Bonus,4223,EEID00535
EMP00536,Hannah,,Perez,Hannah Perez,Financial Analyst,Payroll,G&A,EMP00112,2020-09-12,hannah.perez@theguild.com,2000-12-03,,Active,New York,NY,10001,2026-01-01,110192,Hourly,Non-Exempt,Monthly,,P2,Commission,33057,EEID00536
EMP00537,Olivia,,Lee,Olivia Lee,Senior Operations Analyst,FP&A,Operations,EMP00251,2020-05-20,olivia.lee@theguild.com,1975-08-04,Female,Active,Denver,CO,80201,2026-01-01,128134,Salary,Exempt,Monthly,,P3,Commission,12813,EEID00537
EMP00538,Zoe,,Gonzalez,Zoe Gonzalez,Senior Marketing Manager,Brand Marketing,Marketing,EMP00152,2023-01-28,zoe.gonzalez@theguild.com,1998-01-12,Female,Active,Seattle,WA,98101,2026-01-01,147945,Salary,Exempt,Bi-Weekly,,P3,Annual Bonus,14794,EEID00538
EMP00539,Kevin,,Jones,Kevin Jones,Senior Account Executive,Channel & Partnerships,Sales & Revenue,EMP00088,2018-04-28,kevin.jones@theguild.com,1996-05-12,,Active,Chicago,IL,60601,2026-01-01,135209,Salary,Exempt,Twice a Month,,P3,Annual Bonus,10816,EEID00539
EMP00540,Hannah,,Davis,Hannah Davis,Customer Success Manager,Customer Success Management,Customer Success,EMP00408,2025-04-10,hannah.davis@theguild.com,1992-02-28,,Active,San Jose,CA,95101,2026-01-01,112911,Hourly,Non-Exempt,Bi-Weekly,,P2,Annual Bonus,3387,EEID00540
EMP00541,Emma,,Gonzalez,Emma Gonzalez,Associate Director of Marketing,Content Marketing,Marketing,EMP00014,2024-06-14,emma.gonzalez@theguild.com,1986-12-10,Female,Active,Seattle,WA,98101,2026-01-01,179640,Salary,Exempt,Monthly,,P4,Annual Bonus,5389,EEID00541
EMP00542,Reid,,Miller,Reid Miller,Enterprise Account Executive,Sales Development,Sales & Revenue,EMP00245,2021-11-24,reid.miller@theguild.com,1987-12-02,Non-Binary,Active,Portland,OR,97201,2026-01-01,141639,Hourly,Exempt,Bi-Weekly,,P4,Annual Bonus,7081,EEID00542
EMP00543,David,,Lopez,David Lopez,Senior Customer Success Manager,Renewals,Customer Success,EMP00024,2022-10-19,david.lopez@theguild.com,1989-12-26,Male,Active,Los Angeles,CA,90001,2026-01-01,125651,Hourly,Exempt,Bi-Weekly,,P3,Annual Bonus,12565,EEID00543
EMP00544,Hannah,,Rivera,Hannah Rivera,Junior Software Engineer,Quality Assurance,Engineering & Technology,EMP00008,2025-08-17,hannah.rivera@theguild.com,1988-01-15,Female,Active,Chicago,IL,60601,2026-01-01,74108,Hourly,Exempt,Monthly,,P1,Annual Bonus,11116,EEID00544
EMP00545,Matt,,Evans,Matt Evans,Senior Software Engineer,DevOps & Infrastructure,Engineering & Technology,EMP00257,2021-05-18,matt.evans@theguild.com,1989-12-20,,Active,Portland,OR,97201,2026-01-01,127988,Salary,Exempt,Twice a Month,,P3,Annual Bonus,10239,EEID00545
EMP00546,Sam,,Mitchell,Sam Mitchell,Customer Success Manager,Renewals,Customer Success,EMP00355,2019-01-01,sam.mitchell@theguild.com,1983-09-11,,Active,Chicago,IL,60601,2026-01-01,89282,Hourly,Non-Exempt,Bi-Weekly,,P2,No Bonus,0,EEID00546
EMP00547,Olivia,,Rivera,Olivia Rivera,HR Generalist,Compliance,G&A,EMP00376,2025-11-14,olivia.rivera@theguild.com,1990-05-26,Male,Active,Portland,OR,97201,2026-01-01,101705,Salary,Exempt,Monthly,,P2,Commission,30511,EEID00547
EMP00548,Ezra,,Torres,Ezra Torres,Operations Associate,Data Analytics & Insights,Operations,EMP00152,2021-04-22,ezra.torres@theguild.com,1975-09-13,,Active,Salt Lake City,UT,84101,2026-01-01,70280,Salary,Non-Exempt,Twice a Month,,P1,Annual Bonus,2108,EEID00548
EMP00549,Nicole,,Jackson,Nicole Jackson,Senior Ops Manager,Program Management,Operations,EMP00014,2021-03-06,nicole.jackson@theguild.com,1997-07-08,Female,Active,San Francisco,CA,94101,2026-01-01,178201,Salary,Exempt,Bi-Weekly,,M2,Annual Bonus,14256,EEID00549
EMP00550,Sam,,Martinez,Sam Martinez,HR Coordinator,Talent Acquisition,G&A,EMP00437,2024-09-11,sam.martinez@theguild.com,1988-12-09,Female,Terminated,Dallas,TX,75201,2026-01-01,56053,Hourly,Non-Exempt,Monthly,2024-05-24,P1,Annual Bonus,4484,EEID00550
EMP00551,Ella,,Collins,Ella Collins,Customer Success Manager,Customer Support,Customer Success,EMP00204,2019-01-29,ella.collins@theguild.com,1981-03-20,,Active,Austin,TX,73301,2026-01-01,107283,Salary,Non-Exempt,Bi-Weekly,,P2,Commission,21456,EEID00551
EMP00552,Finn,,Morgan,Finn Morgan,HRBP Lead,Procurement,G&A,EMP00429,2024-11-24,finn.morgan@theguild.com,1988-07-25,Female,Active,Lehi,UT,84043,2026-01-01,161886,Salary,Exempt,Twice a Month,,P4,Annual Bonus,8094,EEID00552
EMP00553,Chris,,Adams,Chris Adams,Customer Success Associate,Solutions Engineering,Customer Success,EMP00008,2025-04-15,chris.adams@theguild.com,1979-10-20,Non-Binary,Active,Boulder,CO,80301,2026-01-01,68203,Hourly,Exempt,Monthly,,P1,Annual Bonus,5456,EEID00553
EMP00554,Emma,,Torres,Emma Torres,Marketing Coordinator,Events & Community,Marketing,EMP00151,2018-01-27,emma.torres@theguild.com,1996-10-02,Female,Active,Raleigh,NC,27601,2026-01-01,71916,Salary,Exempt,Bi-Weekly,,P1,Annual Bonus,5753,EEID00554
EMP00555,James,,Smith,James Smith,Product Manager,Product Management,Product,EMP00011,2023-06-05,james.smith@theguild.com,1983-04-04,Female,Active,Minneapolis,MN,55401,2026-01-01,111047,Hourly,Exempt,Monthly,,P2,Annual Bonus,11104,EEID00555
EMP00556,Skyler,,Mitchell,Skyler Mitchell,Marketing Coordinator,Brand Marketing,Marketing,EMP00250,2025-06-27,skyler.mitchell@theguild.com,1979-06-27,,Active,Lehi,UT,84043,2026-01-01,81822,Salary,Non-Exempt,Twice a Month,,P1,Annual Bonus,6545,EEID00556
EMP00557,Olivia,,Sanchez,Olivia Sanchez,Associate Director of Marketing,Brand Marketing,Marketing,EMP00416,2022-12-26,olivia.sanchez@theguild.com,1976-11-29,Non-Binary,Active,Dallas,TX,75201,2026-01-01,153574,Salary,Exempt,Bi-Weekly,,P4,Annual Bonus,23036,EEID00557
EMP00558,Hazel,,Rivera,Hazel Rivera,HR Generalist,Compliance,G&A,EMP00521,2024-04-25,hazel.rivera@theguild.com,1990-03-21,,Active,Austin,TX,73301,2026-01-01,102861,Salary,Exempt,Bi-Weekly,,P2,No Bonus,0,EEID00558
EMP00559,Olivia,,Edwards,Olivia Edwards,Operations Associate,Data Analytics & Insights,Operations,EMP00185,2021-11-26,olivia.edwards@theguild.com,1993-02-10,Male,Active,Boulder,CO,80301,2026-01-01,70458,Salary,Exempt,Bi-Weekly,,P1,Commission,21137,EEID00559
EMP00560,Taylor,,Nguyen,Taylor Nguyen,HR Coordinator,People & HR,G&A,EMP00342,2018-09-11,taylor.nguyen@theguild.com,1986-03-27,Male,Active,Chicago,IL,60601,2026-01-01,70611,Salary,Exempt,Twice a Month,,P1,Commission,7061,EEID00560
EMP00561,Sarah,,Lewis,Sarah Lewis,Operations Associate,Data Analytics & Insights,Operations,EMP00415,2025-08-12,sarah.lewis@theguild.com,1987-11-01,Female,Active,Provo,UT,84601,2026-01-01,58527,Salary,Exempt,Bi-Weekly,,P1,Commission,11705,EEID00561
EMP00562,Ryan,,Ramirez,Ryan Ramirez,Operations Analyst,Program Management,Operations,EMP00208,2018-10-22,ryan.ramirez@theguild.com,1990-04-14,Female,Active,New York,NY,10001,2026-01-01,86304,Salary,Non-Exempt,Twice a Month,,P2,Commission,25891,EEID00562
EMP00563,Kevin,,Morris,Kevin Morris,Senior Product Manager,Product Operations,Product,EMP00404,2019-02-18,kevin.morris@theguild.com,1980-04-16,,Active,Austin,TX,73301,2026-01-01,133762,Salary,Exempt,Bi-Weekly,,P3,Commission,26752,EEID00563
EMP00564,Avery,,Green,Avery Green,Senior CS Manager,Implementation & Onboarding,Customer Success,EMP00012,2020-09-15,avery.green@theguild.com,1998-03-23,Non-Binary,Active,Boston,MA,02101,2026-01-01,196089,Salary,Exempt,Monthly,,M2,Commission,58826,EEID00564
EMP00565,Emerson,,Brown,Emerson Brown,CS Team Lead,Renewals,Customer Success,EMP00345,2024-02-19,emerson.brown@theguild.com,1989-10-14,Male,Active,Denver,CO,80201,2026-01-01,137115,Salary,Exempt,Monthly,,P4,Annual Bonus,6855,EEID00565
EMP00566,Violet,,Jones,Violet Jones,Operations Associate,Program Management,Operations,EMP00055,2023-09-11,violet.jones@theguild.com,1985-02-07,Non-Binary,Terminated,New York,NY,10001,2026-01-01,68639,Salary,Exempt,Monthly,2025-09-07,P1,Annual Bonus,6863,EEID00566
EMP00567,Ivy,,Martin,Ivy Martin,Operations Manager,Corporate Strategy,Operations,EMP00014,2025-10-19,ivy.martin@theguild.com,1980-08-13,,Active,San Francisco,CA,94101,2026-01-01,155008,Hourly,Exempt,Monthly,,M1,Commission,31001,EEID00567
EMP00568,Jade,,Rodriguez,Jade Rodriguez,Senior Engineering Manager,IT,Engineering & Technology,EMP00008,2024-01-06,jade.rodriguez@theguild.com,2000-06-24,Male,Terminated,Chicago,IL,60601,2026-01-01,172487,Salary,Exempt,Monthly,2024-05-02,M2,Annual Bonus,17248,EEID00568
EMP00569,Kayla,,Stewart,Kayla Stewart,Senior Engineering Manager,DevOps & Infrastructure,Engineering & Technology,EMP00008,2023-05-15,kayla.stewart@theguild.com,1980-06-28,Male,Active,Chicago,IL,60601,2026-01-01,152865,Salary,Exempt,Bi-Weekly,,M2,Commission,30573,EEID00569
EMP00570,Jake,,Wright,Jake Wright,Senior Product Manager,Product Operations,Product,EMP00362,2023-08-25,jake.wright@theguild.com,1979-09-07,Male,Active,Salt Lake City,UT,84101,2026-01-01,124838,Salary,Exempt,Bi-Weekly,,P3,Annual Bonus,18725,EEID00570
EMP00571,Owen,,Turner,Owen Turner,Customer Success Manager,Professional Services,Customer Success,EMP00564,2022-12-09,owen.turner@theguild.com,1995-05-10,Male,Active,Atlanta,GA,30301,2026-01-01,99984,Salary,Exempt,Bi-Weekly,,P2,No Bonus,0,EEID00571
EMP00572,Violet,,Morris,Violet Morris,Staff Software Engineer,Data Engineering,Engineering & Technology,EMP00282,2022-12-24,violet.morris@theguild.com,1976-12-28,Female,Active,Dallas,TX,75201,2026-01-01,138913,Hourly,Exempt,Monthly,,P4,Commission,27782,EEID00572
EMP00573,Noah,,Lopez,Noah Lopez,Senior Financial Analyst,Payroll,G&A,EMP00011,2022-11-13,noah.lopez@theguild.com,1994-03-06,Male,Terminated,Portland,OR,97201,2026-01-01,127793,Salary,Exempt,Monthly,2024-11-19,P3,Annual Bonus,19168,EEID00573
EMP00574,Jade,,Harris,Jade Harris,HRBP Lead,Facilities & Admin,G&A,EMP00568,2020-09-02,jade.harris@theguild.com,1980-11-30,Male,Active,Portland,OR,97201,2026-01-01,182134,Salary,Exempt,Twice a Month,,P4,Commission,54640,EEID00574
EMP00575,Olivia,,Garcia,Olivia Garcia,Staff Product Manager,UX Research,Product,EMP00271,2025-05-30,olivia.garcia@theguild.com,1989-05-26,Non-Binary,Active,Boise,ID,83701,2026-01-01,158704,Salary,Exempt,Monthly,,P4,Annual Bonus,23805,EEID00575
EMP00576,Kai,,Robinson,Kai Robinson,Engineering Manager,IT,Engineering & Technology,EMP00008,2021-07-10,kai.robinson@theguild.com,1977-11-15,,Active,San Jose,CA,95101,2026-01-01,161795,Salary,Exempt,Bi-Weekly,,M1,Commission,48538,EEID00576
EMP00577,Hannah,,Evans,Hannah Evans,Operations Manager,Data Analytics & Insights,Operations,EMP00171,2020-01-25,hannah.evans@theguild.com,1997-09-24,,Active,Boise,ID,83701,2026-01-01,176309,Salary,Exempt,Bi-Weekly,,P4,Annual Bonus,5289,EEID00577
EMP00578,Riley,,Scott,Riley Scott,Senior HR Manager,Talent Acquisition,G&A,EMP00013,2023-09-08,riley.scott@theguild.com,1994-11-28,Male,Active,San Jose,CA,95101,2026-01-01,194458,Salary,Exempt,Bi-Weekly,,M2,Annual Bonus,5833,EEID00578
EMP00579,Tyler,,Wilson,Tyler Wilson,Enterprise Account Executive,Revenue Operations,Sales & Revenue,EMP00151,2022-03-15,tyler.wilson@theguild.com,1996-02-11,Non-Binary,Active,Boise,ID,83701,2026-01-01,153552,Salary,Exempt,Bi-Weekly,,P4,Commission,46065,EEID00579
EMP00580,Ryan,,White,Ryan White,Junior Software Engineer,Data Engineering,Engineering & Technology,EMP00341,2025-05-15,ryan.white@theguild.com,1981-09-24,,Active,Boulder,CO,80301,2026-01-01,81477,Salary,Exempt,Twice a Month,,P1,Commission,8147,EEID00580
EMP00581,Sarah,,Morgan,Sarah Morgan,Associate Product Manager,Product Operations,Product,EMP00521,2020-09-22,sarah.morgan@theguild.com,1991-03-28,Female,Active,Los Angeles,CA,90001,2026-01-01,76600,Salary,Exempt,Bi-Weekly,,P1,Annual Bonus,6128,EEID00581
EMP00582,Nate,,Campbell,Nate Campbell,Staff Software Engineer,Security,Engineering & Technology,EMP00567,2020-07-30,nate.campbell@theguild.com,2000-07-16,Female,Active,Atlanta,GA,30301,2026-01-01,158067,Hourly,Exempt,Bi-Weekly,,P4,Commission,31613,EEID00582
EMP00583,Owen,,Mitchell,Owen Mitchell,Senior CS Manager,Renewals,Customer Success,EMP00012,2020-03-22,owen.mitchell@theguild.com,1983-01-26,,Active,Phoenix,AZ,85001,2026-01-01,170568,Salary,Exempt,Twice a Month,,M2,No Bonus,0,EEID00583
EMP00584,Lauren,,Davis,Lauren Davis,Associate Director of Marketing,Marketing Operations,Marketing,EMP00408,2022-05-09,lauren.davis@theguild.com,1993-12-11,Non-Binary,Active,Boston,MA,02101,2026-01-01,137233,Salary,Exempt,Bi-Weekly,,P4,Commission,41169,EEID00584
EMP00585,Nora,,Roberts,Nora Roberts,Customer Success Associate,Customer Support,Customer Success,EMP00088,2023-01-17,nora.roberts@theguild.com,1994-07-18,Non-Binary,Part Time,San Jose,CA,95101,2026-01-01,74381,Salary,Non-Exempt,Twice a Month,,P1,Commission,22314,EEID00585
EMP00586,Amanda,,Phillips,Amanda Phillips,Associate Product Manager,Product Management,Product,EMP00342,2021-10-29,amanda.phillips@theguild.com,1977-03-02,,Active,Boulder,CO,80301,2026-01-01,67431,Salary,Exempt,Bi-Weekly,,P1,Annual Bonus,6743,EEID00586
EMP00587,Ella,,Harris,Ella Harris,Sales Development Representative,SMB Sales,Sales & Revenue,EMP00282,2019-05-01,ella.harris@theguild.com,1987-11-30,Non-Binary,Active,Boise,ID,83701,2026-01-01,72011,Salary,Exempt,Bi-Weekly,,P1,Annual Bonus,3600,EEID00587
EMP00588,Kai,,Anderson,Kai Anderson,Senior Product Manager,UX Research,Product,EMP00282,2024-01-21,kai.anderson@theguild.com,1999-02-17,Female,Active,Denver,CO,80201,2026-01-01,148675,Salary,Exempt,Monthly,,P3,Commission,14867,EEID00588
EMP00589,Cole,,Morris,Cole Morris,Senior Operations Analyst,Business Operations,Operations,EMP00134,2023-07-14,cole.morris@theguild.com,1986-10-19,Male,Active,Salt Lake City,UT,84101,2026-01-01,139137,Salary,Exempt,Monthly,,P3,Commission,27827,EEID00589
EMP00590,Olivia,,Phillips,Olivia Phillips,Finance Associate,Legal,G&A,EMP00342,2025-09-18,olivia.phillips@theguild.com,1989-02-13,Male,Active,Los Angeles,CA,90001,2026-01-01,57436,Salary,Non-Exempt,Monthly,,P1,No Bonus,0,EEID00590
EMP00591,David,,Morgan,David Morgan,Finance Associate,Procurement,G&A,EMP00578,2020-02-06,david.morgan@theguild.com,1997-04-13,Non-Binary,Active,Chicago,IL,60601,2026-01-01,59485,Salary,Non-Exempt,Twice a Month,,P1,Annual Bonus,5948,EEID00591
EMP00592,Megan,,Baker,Megan Baker,Software Engineer,Architecture,Engineering & Technology,EMP00445,2020-12-13,megan.baker@theguild.com,1992-01-22,Female,Active,Denver,CO,80201,2026-01-01,84408,Salary,Exempt,Twice a Month,,P2,No Bonus,0,EEID00592
EMP00593,Ivy,,King,Ivy King,HR Generalist,People & HR,G&A,EMP00445,2019-04-06,ivy.king@theguild.com,1987-11-20,,Active,Dallas,TX,75201,2026-01-01,111788,Salary,Non-Exempt,Bi-Weekly,,P2,Annual Bonus,5589,EEID00593
EMP00594,Ella,,Thomas,Ella Thomas,Senior HR Manager,Payroll,G&A,EMP00013,2025-09-15,ella.thomas@theguild.com,1985-07-14,Male,Active,New York,NY,10001,2026-01-01,157440,Hourly,Exempt,Twice a Month,,M2,Commission,31488,EEID00594
EMP00595,Sam,,Allen,Sam Allen,Senior Ops Manager,Product Operations,Product,EMP00009,2023-06-12,sam.allen@theguild.com,1984-10-27,Non-Binary,Active,Phoenix,AZ,85001,2026-01-01,176950,Hourly,Exempt,Bi-Weekly,,M2,Annual Bonus,14156,EEID00595
EMP00596,Aria,,Lewis,Aria Lewis,Marketing Specialist,Product Marketing,Marketing,EMP00134,2021-09-27,aria.lewis@theguild.com,1990-10-27,Male,Active,San Francisco,CA,94101,2026-01-01,101606,Salary,Non-Exempt,Monthly,,P2,No Bonus,0,EEID00596
EMP00597,Wren,,Wilson,Wren Wilson,Enterprise Account Executive,Sales Development,Sales & Revenue,EMP00363,2023-11-27,wren.wilson@theguild.com,1979-08-07,,Active,Denver,CO,80201,2026-01-01,145577,Salary,Exempt,Monthly,,P4,Annual Bonus,4367,EEID00597
EMP00598,Riley,,Hernandez,Riley Hernandez,Sales Manager,Sales Operations,Sales & Revenue,EMP00010,2021-01-10,riley.hernandez@theguild.com,1978-10-23,Male,Active,Dallas,TX,75201,2026-01-01,169146,Hourly,Exempt,Bi-Weekly,,M1,No Bonus,0,EEID00598
EMP00599,Finn,,Phillips,Finn Phillips,Finance Manager,Payroll,G&A,EMP00013,2018-04-06,finn.phillips@theguild.com,1988-07-21,Non-Binary,Active,Boise,ID,83701,2026-01-01,158547,Salary,Exempt,Bi-Weekly,,M1,Commission,47564,EEID00599
EMP00600,Megan,,Miller,Megan Miller,Enterprise Account Executive,Account Management,Sales & Revenue,EMP00567,2022-06-01,megan.miller@theguild.com,1991-09-20,Male,Active,Salt Lake City,UT,84101,2026-01-01,161629,Salary,Exempt,Twice a Month,,P4,Annual Bonus,16162,EEID00600
EMP00601,Jason,,Torres,Jason Torres,Staff Software Engineer,Platform Engineering,Engineering & Technology,EMP00088,2019-11-25,jason.torres@theguild.com,1984-04-25,,Active,Los Angeles,CA,90001,2026-01-01,171906,Salary,Exempt,Monthly,,P4,Annual Bonus,25785,EEID00601
EMP00602,Michael,,Martinez,Michael Martinez,Marketing Specialist,Corporate Communications,Marketing,EMP00384,2024-05-04,michael.martinez@theguild.com,1993-03-27,Male,Active,Los Angeles,CA,90001,2026-01-01,96516,Salary,Exempt,Bi-Weekly,,P2,No Bonus,0,EEID00602
EMP00603,Brian,,Parker,Brian Parker,Senior Customer Success Manager,Professional Services,Customer Success,EMP00439,2018-11-14,brian.parker@theguild.com,1991-11-08,Female,Active,Austin,TX,73301,2026-01-01,135236,Salary,Exempt,Twice a Month,,P3,No Bonus,0,EEID00603
EMP00604,Ryan,,King,Ryan King,Finance Manager,Legal,G&A,EMP00467,2024-02-19,ryan.king@theguild.com,1993-10-03,,Active,Boulder,CO,80301,2026-01-01,162799,Hourly,Exempt,Bi-Weekly,,P4,No Bonus,0,EEID00604
EMP00605,Emma,,Davis,Emma Davis,Senior Marketing Manager,Marketing Operations,Marketing,EMP00162,2020-10-26,emma.davis@theguild.com,1996-03-06,,Active,Boulder,CO,80301,2026-01-01,141949,Salary,Exempt,Bi-Weekly,,P3,Commission,42584,EEID00605
EMP00606,Luke,,Morgan,Luke Morgan,Finance Manager,People & HR,G&A,EMP00171,2020-02-08,luke.morgan@theguild.com,1983-12-09,Male,Active,Austin,TX,73301,2026-01-01,162282,Salary,Exempt,Bi-Weekly,,P4,No Bonus,0,EEID00606
EMP00607,Luke,,Miller,Luke Miller,Junior Software Engineer,IT,Engineering & Technology,EMP00245,2021-06-06,luke.miller@theguild.com,1991-06-23,,Active,San Francisco,CA,94101,2026-01-01,73322,Salary,Non-Exempt,Bi-Weekly,,P1,Commission,21996,EEID00607
EMP00608,Sage,,Wright,Sage Wright,Finance Manager,Talent Acquisition,G&A,EMP00013,2025-03-26,sage.wright@theguild.com,1992-03-06,Non-Binary,Active,Provo,UT,84601,2026-01-01,134184,Salary,Exempt,Bi-Weekly,,M1,Commission,40255,EEID00608
EMP00609,Skyler,,Carter,Skyler Carter,Marketing Specialist,Product Marketing,Marketing,EMP00151,2022-12-06,skyler.carter@theguild.com,1994-01-30,,Active,San Francisco,CA,94101,2026-01-01,89600,Salary,Exempt,Monthly,,P2,Annual Bonus,13440,EEID00609
EMP00610,Will,,Allen,Will Allen,Operations Manager,Business Operations,Operations,EMP00437,2019-11-12,will.allen@theguild.com,1987-06-17,Female,Active,Boulder,CO,80301,2026-01-01,181284,Salary,Exempt,Monthly,,P4,Commission,18128,EEID00610
EMP00611,Sage,,Lewis,Sage Lewis,Associate Director of Marketing,Marketing Operations,Marketing,EMP00362,2020-02-22,sage.lewis@theguild.com,1992-02-27,Non-Binary,Active,Atlanta,GA,30301,2026-01-01,136657,Hourly,Exempt,Bi-Weekly,,P4,Commission,40997,EEID00611
EMP00612,Jordan,,Gonzalez,Jordan Gonzalez,Marketing Coordinator,Events & Community,Marketing,EMP00363,2023-05-15,jordan.gonzalez@theguild.com,1992-11-12,Male,Terminated,San Francisco,CA,94101,2026-01-01,58083,Salary,Exempt,Bi-Weekly,2025-10-26,P1,No Bonus,0,EEID00612
EMP00613,Olivia,,Baker,Olivia Baker,Staff Software Engineer,Software Engineering,Engineering & Technology,EMP00437,2024-11-15,olivia.baker@theguild.com,1981-11-14,Female,Active,Lehi,UT,84043,2026-01-01,146388,Salary,Exempt,Monthly,,P4,Annual Bonus,4391,EEID00613
EMP00614,Michael,,Clark,Michael Clark,Operations Manager,Business Operations,Operations,EMP00014,2021-07-20,michael.clark@theguild.com,1982-08-04,Non-Binary,Leave of Absence,Denver,CO,80201,2026-01-01,155657,Salary,Exempt,Bi-Weekly,,M1,No Bonus,0,EEID00614
EMP00615,Nora,,Clark,Nora Clark,Operations Manager,Business Operations,Operations,EMP00014,2021-06-28,nora.clark@theguild.com,1987-04-13,Non-Binary,Active,Boise,ID,83701,2026-01-01,131310,Salary,Exempt,Twice a Month,,M1,Annual Bonus,3939,EEID00615
EMP00616,Mia,,Robinson,Mia Robinson,Senior CS Manager,Renewals,Customer Success,EMP00012,2020-06-09,mia.robinson@theguild.com,1991-10-20,,Active,Boston,MA,02101,2026-01-01,155935,Salary,Exempt,Monthly,,M2,Annual Bonus,4678,EEID00616
EMP00617,Kayla,,Martin,Kayla Martin,Operations Analyst,Corporate Strategy,Operations,EMP00289,2020-03-27,kayla.martin@theguild.com,1982-12-11,Non-Binary,Active,New York,NY,10001,2026-01-01,104858,Salary,Non-Exempt,Bi-Weekly,,P2,Annual Bonus,8388,EEID00617
EMP00618,Kai,,Taylor,Kai Taylor,Senior Software Engineer,IT,Engineering & Technology,EMP00415,2024-05-18,kai.taylor@theguild.com,1984-06-13,,Active,Boston,MA,02101,2026-01-01,139278,Salary,Exempt,Twice a Month,,P3,Annual Bonus,20891,EEID00618
EMP00619,Ben,,Wilson,Ben Wilson,Sales Manager,Sales Operations,Sales & Revenue,EMP00010,2024-07-31,ben.wilson@theguild.com,1989-06-27,Non-Binary,Active,Seattle,WA,98101,2026-01-01,150650,Salary,Exempt,Twice a Month,,M1,Annual Bonus,15065,EEID00619
EMP00620,Peyton,,Cook,Peyton Cook,Senior Software Engineer,AI & Machine Learning,Engineering & Technology,EMP00437,2023-03-28,peyton.cook@theguild.com,1999-07-12,Female,Active,Seattle,WA,98101,2026-01-01,132617,Salary,Exempt,Bi-Weekly,,P3,Annual Bonus,6630,EEID00620
EMP00621,Kai,,Collins,Kai Collins,CS Team Lead,Professional Services,Customer Success,EMP00257,2022-07-02,kai.collins@theguild.com,1988-06-19,Male,Active,Boise,ID,83701,2026-01-01,150963,Salary,Exempt,Twice a Month,,P4,No Bonus,0,EEID00621
EMP00622,Finn,,Miller,Finn Miller,Associate Director of Marketing,Sales Enablement,Marketing,EMP00162,2018-08-09,finn.miller@theguild.com,1979-01-21,Non-Binary,Terminated,Boulder,CO,80301,2026-01-01,168567,Salary,Exempt,Bi-Weekly,2026-05-07,P4,Annual Bonus,13485,EEID00622
EMP00623,Dylan,,Robinson,Dylan Robinson,Marketing Specialist,Content Marketing,Marketing,EMP00334,2020-09-29,dylan.robinson@theguild.com,1981-11-30,Non-Binary,Active,Chicago,IL,60601,2026-01-01,99744,Salary,Non-Exempt,Monthly,,P2,No Bonus,0,EEID00623
EMP00624,Ivy,,Hernandez,Ivy Hernandez,Enterprise Account Executive,Mid-Market Sales,Sales & Revenue,EMP00366,2019-07-01,ivy.hernandez@theguild.com,1992-12-08,Non-Binary,Active,Chicago,IL,60601,2026-01-01,178806,Salary,Exempt,Twice a Month,,P4,Annual Bonus,14304,EEID00624
EMP00625,Miles,,Green,Miles Green,Marketing Coordinator,Brand Marketing,Marketing,EMP00250,2020-07-31,miles.green@theguild.com,1981-03-12,,Active,Los Angeles,CA,90001,2026-01-01,80160,Salary,Non-Exempt,Monthly,,P1,No Bonus,0,EEID00625
EMP00626,Riley,,Wilson,Riley Wilson,Senior Sales Manager,Channel & Partnerships,Sales & Revenue,EMP00010,2019-11-01,riley.wilson@theguild.com,1992-11-11,Male,Active,Raleigh,NC,27601,2026-01-01,159879,Salary,Exempt,Bi-Weekly,,M2,Commission,15987,EEID00626
EMP00627,Michael,,Thompson,Michael Thompson,Finance Manager,Legal,G&A,EMP00134,2025-07-08,michael.thompson@theguild.com,1993-01-07,,Active,Dallas,TX,75201,2026-01-01,155907,Hourly,Exempt,Monthly,,P4,Commission,46772,EEID00627
EMP00628,Will,,Ramirez,Will Ramirez,Enterprise Account Executive,Mid-Market Sales,Sales & Revenue,EMP00344,2022-04-20,will.ramirez@theguild.com,1978-08-03,Female,Active,Atlanta,GA,30301,2026-01-01,181663,Salary,Exempt,Bi-Weekly,,P4,Commission,54498,EEID00628
EMP00629,Mia,,Morgan,Mia Morgan,HRBP Lead,Facilities & Admin,G&A,EMP00289,2025-09-12,mia.morgan@theguild.com,1991-07-26,Non-Binary,Active,Raleigh,NC,27601,2026-01-01,165458,Hourly,Exempt,Bi-Weekly,,P4,Annual Bonus,24818,EEID00629
EMP00630,Mia,,Mitchell,Mia Mitchell,Account Executive,Enterprise Sales,Sales & Revenue,EMP00010,2018-05-30,mia.mitchell@theguild.com,1998-10-31,,Active,Salt Lake City,UT,84101,2026-01-01,107332,Salary,Exempt,Bi-Weekly,,P2,No Bonus,0,EEID00630
EMP00631,Andrew,,Garcia,Andrew Garcia,CS Manager,Customer Success Management,Customer Success,EMP00012,2021-08-30,andrew.garcia@theguild.com,1991-09-21,Male,Contractor,Boise,ID,83701,2026-01-01,138002,Salary,Exempt,Twice a Month,,M1,Annual Bonus,4140,EEID00631
EMP00632,Drew,,Phillips,Drew Phillips,HR Coordinator,Legal,G&A,EMP00306,2020-02-24,drew.phillips@theguild.com,2000-08-10,Non-Binary,Active,San Francisco,CA,94101,2026-01-01,79551,Salary,Non-Exempt,Monthly,,P1,Commission,7955,EEID00632
EMP00633,Skyler,,Allen,Skyler Allen,Customer Success Associate,Customer Support,Customer Success,EMP00408,2021-01-21,skyler.allen@theguild.com,1975-03-24,,Active,Boston,MA,02101,2026-01-01,62051,Salary,Exempt,Twice a Month,,P1,Annual Bonus,4964,EEID00633
EMP00634,Morgan,,Edwards,Morgan Edwards,Associate Director of Marketing,Content Marketing,Marketing,EMP00245,2025-12-26,morgan.edwards@theguild.com,1995-08-31,,Active,Los Angeles,CA,90001,2026-01-01,149504,Salary,Exempt,Monthly,,P4,Commission,29900,EEID00634
EMP00635,June,,Harris,June Harris,Senior Marketing Manager,Demand Generation,Marketing,EMP00429,2022-05-17,june.harris@theguild.com,1986-06-21,,Active,Raleigh,NC,27601,2026-01-01,114946,Salary,Exempt,Bi-Weekly,,P3,No Bonus,0,EEID00635
EMP00636,Bryn,,Garcia,Bryn Garcia,Senior Financial Analyst,Compliance,G&A,EMP00363,2025-01-03,bryn.garcia@theguild.com,1982-06-24,Non-Binary,Active,Los Angeles,CA,90001,2026-01-01,139707,Hourly,Exempt,Twice a Month,,P3,Annual Bonus,6985,EEID00636
EMP00637,Luna,,Parker,Luna Parker,Staff Software Engineer,Data Engineering,Engineering & Technology,EMP00134,2019-03-30,luna.parker@theguild.com,2000-08-08,Non-Binary,Active,Seattle,WA,98101,2026-01-01,170231,Salary,Exempt,Twice a Month,,P4,Annual Bonus,8511,EEID00637
EMP00638,Ryan,,Evans,Ryan Evans,Senior Operations Analyst,FP&A,Operations,EMP00282,2023-12-22,ryan.evans@theguild.com,1992-08-04,Female,Active,Atlanta,GA,30301,2026-01-01,144272,Salary,Exempt,Bi-Weekly,,P3,Commission,43281,EEID00638
EMP00639,Violet,,Parker,Violet Parker,Associate Director of Marketing,Marketing Operations,Marketing,EMP00289,2019-02-07,violet.parker@theguild.com,1992-03-12,,Active,Los Angeles,CA,90001,2026-01-01,161217,Hourly,Exempt,Bi-Weekly,,P4,No Bonus,0,EEID00639
EMP00640,Owen,,Gonzalez,Owen Gonzalez,Financial Analyst,Finance,G&A,EMP00342,2025-05-03,owen.gonzalez@theguild.com,1992-06-18,Female,Active,Boston,MA,02101,2026-01-01,81496,Hourly,Exempt,Bi-Weekly,,P2,Annual Bonus,12224,EEID00640
EMP00641,Ezra,,White,Ezra White,HR Generalist,Talent Acquisition,G&A,EMP00024,2024-10-06,ezra.white@theguild.com,1994-11-25,Female,Terminated,Provo,UT,84601,2026-01-01,99200,Hourly,Non-Exempt,Bi-Weekly,2024-02-28,P2,No Bonus,0,EEID00641
EMP00642,Hazel,,Allen,Hazel Allen,Senior Financial Analyst,Legal,G&A,EMP00024,2022-09-05,hazel.allen@theguild.com,1986-08-31,Male,Active,San Jose,CA,95101,2026-01-01,135291,Hourly,Exempt,Twice a Month,,P3,Commission,13529,EEID00642
EMP00643,Kai,,Walker,Kai Walker,Operations Manager,Business Operations,Operations,EMP00496,2020-12-11,kai.walker@theguild.com,1980-01-06,Female,Active,Minneapolis,MN,55401,2026-01-01,161177,Hourly,Exempt,Monthly,,P4,Annual Bonus,8058,EEID00643
EMP00644,Owen,,Carter,Owen Carter,Enterprise Account Executive,SMB Sales,Sales & Revenue,EMP00344,2021-11-03,owen.carter@theguild.com,1988-03-31,,Active,Austin,TX,73301,2026-01-01,141365,Hourly,Exempt,Twice a Month,,P4,Annual Bonus,11309,EEID00644
EMP00645,Aurora,,Roberts,Aurora Roberts,Account Executive,Sales Operations,Sales & Revenue,EMP00245,2021-06-02,aurora.roberts@theguild.com,1996-04-27,,Terminated,Atlanta,GA,30301,2026-01-01,81700,Salary,Non-Exempt,Bi-Weekly,2026-02-28,P2,Commission,24510,EEID00645
EMP00646,Stephanie,,Campbell,Stephanie Campbell,Senior Ops Manager,Corporate Strategy,Operations,EMP00014,2020-11-28,stephanie.campbell@theguild.com,1991-05-03,,Active,Denver,CO,80201,2026-01-01,191730,Salary,Exempt,Bi-Weekly,,M2,Commission,19173,EEID00646
EMP00647,Emerson,,Cook,Emerson Cook,Senior Product Manager,UX Research,Product,EMP00614,2018-02-28,emerson.cook@theguild.com,1977-11-26,Non-Binary,Active,Boulder,CO,80301,2026-01-01,136801,Hourly,Exempt,Bi-Weekly,,P3,Commission,27360,EEID00647
EMP00648,Aria,,Wilson,Aria Wilson,Associate Product Manager,Product Design,Product,EMP00416,2018-05-15,aria.wilson@theguild.com,1992-11-15,Male,Active,San Francisco,CA,94101,2026-01-01,71344,Salary,Exempt,Bi-Weekly,,P1,No Bonus,0,EEID00648
EMP00649,Finn,,Jones,Finn Jones,Sales Development Representative,Mid-Market Sales,Sales & Revenue,EMP00257,2024-10-31,finn.jones@theguild.com,1986-12-03,Non-Binary,Active,Boston,MA,02101,2026-01-01,63018,Salary,Exempt,Twice a Month,,P1,Annual Bonus,1890,EEID00649
EMP00650,Kevin,,Phillips,Kevin Phillips,Operations Analyst,Business Operations,Operations,EMP00246,2021-07-30,kevin.phillips@theguild.com,1978-04-11,Female,Active,Provo,UT,84601,2026-01-01,93613,Hourly,Non-Exempt,Monthly,,P2,Commission,9361,EEID00650
EMP00651,Daniel,,Lewis,Daniel Lewis,Software Engineer,IT,Engineering & Technology,EMP00009,2022-07-26,daniel.lewis@theguild.com,1987-02-22,,Active,Seattle,WA,98101,2026-01-01,117311,Hourly,Exempt,Twice a Month,,P2,Annual Bonus,9384,EEID00651
EMP00652,Luke,,Allen,Luke Allen,Senior Marketing Manager,Marketing Operations,Marketing,EMP00282,2023-06-21,luke.allen@theguild.com,1975-04-17,Non-Binary,Active,Boulder,CO,80301,2026-01-01,127357,Salary,Exempt,Twice a Month,,P3,Annual Bonus,6367,EEID00652
EMP00653,Violet,,Hernandez,Violet Hernandez,Senior Product Manager,Product Management,Product,EMP00608,2021-06-12,violet.hernandez@theguild.com,1997-07-05,Non-Binary,Active,Boston,MA,02101,2026-01-01,127441,Salary,Exempt,Monthly,,P3,Annual Bonus,6372,EEID00653
EMP00654,Isla,,Walker,Isla Walker,Software Engineer,Data Engineering,Engineering & Technology,EMP00193,2025-04-30,isla.walker@theguild.com,1993-09-13,Non-Binary,Active,Boston,MA,02101,2026-01-01,90249,Salary,Exempt,Bi-Weekly,,P2,Commission,18049,EEID00654
EMP00655,Hannah,,Walker,Hannah Walker,Senior Operations Analyst,Data Analytics & Insights,Operations,EMP00415,2018-08-15,hannah.walker@theguild.com,1993-05-03,Non-Binary,Active,Provo,UT,84601,2026-01-01,125666,Hourly,Exempt,Twice a Month,,P3,Annual Bonus,12566,EEID00655
EMP00656,Ezra,,Evans,Ezra Evans,Account Executive,Enterprise Sales,Sales & Revenue,EMP00363,2023-08-23,ezra.evans@theguild.com,1994-09-28,Non-Binary,Active,Phoenix,AZ,85001,2026-01-01,99319,Hourly,Non-Exempt,Bi-Weekly,,P2,Annual Bonus,14897,EEID00656
EMP00657,Sarah,,Thomas,Sarah Thomas,Staff Product Manager,UX Research,Product,EMP00445,2025-03-04,sarah.thomas@theguild.com,1990-05-16,Non-Binary,Active,Boise,ID,83701,2026-01-01,180075,Hourly,Exempt,Monthly,,P4,Annual Bonus,5402,EEID00657
EMP00658,Kai,,Morgan,Kai Morgan,Sales Development Representative,Mid-Market Sales,Sales & Revenue,EMP00152,2021-09-04,kai.morgan@theguild.com,2000-09-09,Non-Binary,Active,Provo,UT,84601,2026-01-01,82011,Salary,Exempt,Monthly,,P1,Commission,8201,EEID00658
EMP00659,Morgan,,Rodriguez,Morgan Rodriguez,Senior Operations Analyst,Business Operations,Operations,EMP00185,2025-08-07,morgan.rodriguez@theguild.com,1986-08-14,Non-Binary,Active,Chicago,IL,60601,2026-01-01,119077,Hourly,Exempt,Bi-Weekly,,P3,Annual Bonus,5953,EEID00659
EMP00660,Amanda,,Davis,Amanda Davis,Finance Manager,Payroll,G&A,EMP00496,2024-01-16,amanda.davis@theguild.com,1997-01-26,Non-Binary,Active,Provo,UT,84601,2026-01-01,138950,Hourly,Exempt,Monthly,,P4,Commission,27790,EEID00660
EMP00661,James,,Campbell,James Campbell,Junior Software Engineer,DevOps & Infrastructure,Engineering & Technology,EMP00429,2019-09-16,james.campbell@theguild.com,1989-10-27,Male,Active,Denver,CO,80201,2026-01-01,73806,Salary,Non-Exempt,Bi-Weekly,,P1,Commission,14761,EEID00661
EMP00662,Bryn,,Perez,Bryn Perez,Associate Director of Marketing,Sales Enablement,Marketing,EMP00367,2020-07-01,bryn.perez@theguild.com,1989-08-26,,Active,Chicago,IL,60601,2026-01-01,175874,Salary,Exempt,Twice a Month,,P4,Annual Bonus,14069,EEID00662
EMP00663,Bryn,,Morgan,Bryn Morgan,Account Executive,SMB Sales,Sales & Revenue,EMP00060,2021-07-15,bryn.morgan@theguild.com,1985-04-28,Female,Active,Boise,ID,83701,2026-01-01,91900,Salary,Exempt,Bi-Weekly,,P2,Annual Bonus,7352,EEID00663
EMP00664,Will,,Hernandez,Will Hernandez,Marketing Specialist,Marketing Operations,Marketing,EMP00414,2023-01-05,will.hernandez@theguild.com,1994-09-03,,Active,Dallas,TX,75201,2026-01-01,88998,Salary,Non-Exempt,Bi-Weekly,,P2,Commission,8899,EEID00664
EMP00665,Brian,,Evans,Brian Evans,Marketing Manager,Brand Marketing,Marketing,EMP00011,2020-05-11,brian.evans@theguild.com,1979-01-27,Non-Binary,Active,Raleigh,NC,27601,2026-01-01,169584,Salary,Exempt,Bi-Weekly,,M1,Commission,16958,EEID00665
EMP00666,Jake,,Allen,Jake Allen,Senior Engineering Manager,IT,Engineering & Technology,EMP00008,2021-05-16,jake.allen@theguild.com,1985-04-15,Male,Active,Salt Lake City,UT,84101,2026-01-01,206196,Salary,Exempt,Twice a Month,,M2,No Bonus,0,EEID00666
EMP00667,Leo,,Johnson,Leo Johnson,Sales Manager,Revenue Operations,Sales & Revenue,EMP00010,2025-05-31,leo.johnson@theguild.com,1988-02-23,Non-Binary,Active,Raleigh,NC,27601,2026-01-01,128385,Salary,Exempt,Monthly,,M1,Commission,12838,EEID00667
EMP00668,Ryan,,Clark,Ryan Clark,Product Manager,Product Design,Product,EMP00157,2021-08-08,ryan.clark@theguild.com,1976-04-11,Male,Active,Denver,CO,80201,2026-01-01,87169,Salary,Non-Exempt,Bi-Weekly,,P2,Annual Bonus,13075,EEID00668
EMP00669,Taylor,,Rivera,Taylor Rivera,Marketing Specialist,Demand Generation,Marketing,EMP00366,2020-07-01,taylor.rivera@theguild.com,1979-02-18,,Active,Boulder,CO,80301,2026-01-01,115355,Salary,Exempt,Monthly,,P2,Annual Bonus,9228,EEID00669
EMP00670,Daniel,,Walker,Daniel Walker,Associate Director of Marketing,Sales Enablement,Marketing,EMP00437,2024-01-21,daniel.walker@theguild.com,1991-05-26,Male,Active,Portland,OR,97201,2026-01-01,155409,Salary,Exempt,Bi-Weekly,,P4,No Bonus,0,EEID00670
EMP00671,Violet,,Campbell,Violet Campbell,Operations Analyst,Program Management,Operations,EMP00616,2020-10-23,violet.campbell@theguild.com,1983-04-13,Non-Binary,Active,Seattle,WA,98101,2026-01-01,94781,Hourly,Non-Exempt,Monthly,,P2,Annual Bonus,4739,EEID00671
EMP00672,Hazel,,Carter,Hazel Carter,Senior Customer Success Manager,Solutions Engineering,Customer Success,EMP00363,2018-07-16,hazel.carter@theguild.com,1983-11-17,Female,Active,Provo,UT,84601,2026-01-01,132657,Salary,Exempt,Twice a Month,,P3,No Bonus,0,EEID00672
EMP00673,Matt,,Baker,Matt Baker,Senior Software Engineer,Security,Engineering & Technology,EMP00439,2024-12-19,matt.baker@theguild.com,1986-10-15,,Active,Denver,CO,80201,2026-01-01,136508,Hourly,Exempt,Twice a Month,,P3,Annual Bonus,13650,EEID00673
EMP00674,Olivia,,Nelson,Olivia Nelson,Senior Operations Analyst,Program Management,Operations,EMP00445,2018-09-16,olivia.nelson@theguild.com,1991-05-24,,Active,Minneapolis,MN,55401,2026-01-01,127346,Salary,Exempt,Bi-Weekly,,P3,Commission,25469,EEID00674
EMP00675,June,,Rodriguez,June Rodriguez,Junior Software Engineer,Security,Engineering & Technology,EMP00301,2023-08-30,june.rodriguez@theguild.com,1983-03-11,,Active,Atlanta,GA,30301,2026-01-01,78353,Salary,Non-Exempt,Twice a Month,,P1,Commission,7835,EEID00675
EMP00676,Matt,,Morris,Matt Morris,HR Generalist,Talent Acquisition,G&A,EMP00152,2023-12-15,matt.morris@theguild.com,1982-06-25,Non-Binary,Active,Boulder,CO,80301,2026-01-01,119382,Salary,Non-Exempt,Bi-Weekly,,P2,No Bonus,0,EEID00676
EMP00677,David,,Mitchell,David Mitchell,Product Manager,Product Design,Product,EMP00014,2021-08-11,david.mitchell@theguild.com,1981-02-08,Non-Binary,Contractor,Dallas,TX,75201,2026-01-01,98246,Salary,Non-Exempt,Twice a Month,,P2,Commission,19649,EEID00677
EMP00678,Sarah,,Taylor,Sarah Taylor,Finance Associate,Facilities & Admin,G&A,EMP00151,2022-09-13,sarah.taylor@theguild.com,1992-07-16,Female,Active,Boston,MA,02101,2026-01-01,59597,Salary,Non-Exempt,Bi-Weekly,,P1,No Bonus,0,EEID00678
EMP00679,Dylan,,Jones,Dylan Jones,Senior Design Manager,UX Research,Product,EMP00009,2019-04-26,dylan.jones@theguild.com,1998-05-09,Non-Binary,Active,Portland,OR,97201,2026-01-01,163489,Salary,Exempt,Monthly,,M2,No Bonus,0,EEID00679
EMP00680,Rowan,,Walker,Rowan Walker,Associate Product Manager,Product Operations,Product,EMP00679,2022-10-11,rowan.walker@theguild.com,1982-07-22,,Active,Portland,OR,97201,2026-01-01,57306,Salary,Non-Exempt,Bi-Weekly,,P1,Annual Bonus,5730,EEID00680
EMP00681,Jason,,King,Jason King,Senior Software Engineer,DevOps & Infrastructure,Engineering & Technology,EMP00391,2021-09-08,jason.king@theguild.com,1993-10-28,Non-Binary,Active,Seattle,WA,98101,2026-01-01,133342,Salary,Exempt,Bi-Weekly,,P3,Annual Bonus,20001,EEID00681
EMP00682,Michael,,Smith,Michael Smith,Staff Software Engineer,IT,Engineering & Technology,EMP00271,2019-03-18,michael.smith@theguild.com,1979-06-04,Male,Active,Raleigh,NC,27601,2026-01-01,178622,Hourly,Exempt,Twice a Month,,P4,Annual Bonus,26793,EEID00682
EMP00683,Tyler,,White,Tyler White,CS Team Lead,Renewals,Customer Success,EMP00614,2022-11-04,tyler.white@theguild.com,1976-02-25,Female,Active,Minneapolis,MN,55401,2026-01-01,157760,Salary,Exempt,Twice a Month,,P4,No Bonus,0,EEID00683
EMP00684,Taylor,,Baker,Taylor Baker,Enterprise Account Executive,Mid-Market Sales,Sales & Revenue,EMP00355,2018-07-15,taylor.baker@theguild.com,1989-07-22,,Active,Atlanta,GA,30301,2026-01-01,151614,Salary,Exempt,Bi-Weekly,,P4,Annual Bonus,15161,EEID00684
EMP00685,Ryan,,Wilson,Ryan Wilson,CS Team Lead,Solutions Engineering,Customer Success,EMP00056,2019-01-06,ryan.wilson@theguild.com,1993-03-19,Non-Binary,Active,Boise,ID,83701,2026-01-01,167757,Salary,Exempt,Bi-Weekly,,P4,Annual Bonus,5032,EEID00685
EMP00686,Rachel,,Parker,Rachel Parker,Associate Director of Marketing,Product Marketing,Marketing,EMP00362,2024-07-11,rachel.parker@theguild.com,1988-12-05,Non-Binary,Active,Boston,MA,02101,2026-01-01,163689,Salary,Exempt,Monthly,,P4,Annual Bonus,8184,EEID00686
EMP00687,Liam,,Adams,Liam Adams,HR Coordinator,Legal,G&A,EMP00667,2024-11-17,liam.adams@theguild.com,2000-07-28,Male,Active,Atlanta,GA,30301,2026-01-01,59776,Hourly,Exempt,Twice a Month,,P1,Annual Bonus,4782,EEID00687
EMP00688,Jason,,Lewis,Jason Lewis,Operations Analyst,Business Operations,Operations,EMP00245,2020-06-03,jason.lewis@theguild.com,1981-07-09,Male,Active,Chicago,IL,60601,2026-01-01,112407,Salary,Exempt,Twice a Month,,P2,No Bonus,0,EEID00688
EMP00689,Kayla,,Johnson,Kayla Johnson,Operations Manager,Program Management,Operations,EMP00185,2020-12-07,kayla.johnson@theguild.com,1991-04-30,Non-Binary,Active,Provo,UT,84601,2026-01-01,162022,Hourly,Exempt,Twice a Month,,P4,No Bonus,0,EEID00689
EMP00690,Chloe,,White,Chloe White,Associate Product Manager,UX Research,Product,EMP00665,2019-03-06,chloe.white@theguild.com,1985-03-21,Non-Binary,Active,Lehi,UT,84043,2026-01-01,83178,Salary,Exempt,Twice a Month,,P1,Commission,16635,EEID00690
EMP00691,Hazel,,Moore,Hazel Moore,CS Team Lead,Customer Success Management,Customer Success,EMP00162,2019-08-29,hazel.moore@theguild.com,1977-11-10,Non-Binary,Active,Minneapolis,MN,55401,2026-01-01,139237,Salary,Exempt,Bi-Weekly,,P4,Commission,41771,EEID00691
EMP00692,Olivia,,Torres,Olivia Torres,Enterprise Account Executive,Enterprise Sales,Sales & Revenue,EMP00215,2023-09-12,olivia.torres@theguild.com,1993-04-06,Female,Active,Salt Lake City,UT,84101,2026-01-01,160968,Salary,Exempt,Bi-Weekly,,P4,Annual Bonus,24145,EEID00692
EMP00693,Alex,,Adams,Alex Adams,Junior Software Engineer,AI & Machine Learning,Engineering & Technology,EMP00157,2023-07-21,alex.adams@theguild.com,1980-05-11,Non-Binary,Active,Chicago,IL,60601,2026-01-01,68556,Salary,Exempt,Monthly,,P1,No Bonus,0,EEID00693
EMP00694,David,,Sanchez,David Sanchez,CS Team Lead,Renewals,Customer Success,EMP00437,2019-12-28,david.sanchez@theguild.com,1994-04-22,Non-Binary,Active,Los Angeles,CA,90001,2026-01-01,180640,Salary,Exempt,Monthly,,P4,Annual Bonus,14451,EEID00694
EMP00695,Emily,,Lopez,Emily Lopez,Senior Account Executive,Channel & Partnerships,Sales & Revenue,EMP00060,2022-03-09,emily.lopez@theguild.com,1979-04-14,Female,Active,San Francisco,CA,94101,2026-01-01,134604,Salary,Exempt,Monthly,,P3,No Bonus,0,EEID00695
EMP00696,Isla,,Smith,Isla Smith,Junior Software Engineer,AI & Machine Learning,Engineering & Technology,EMP00193,2024-09-22,isla.smith@theguild.com,1991-10-14,Female,Active,Raleigh,NC,27601,2026-01-01,60648,Salary,Exempt,Bi-Weekly,,P1,Annual Bonus,3032,EEID00696
EMP00697,Andrew,,Allen,Andrew Allen,Operations Manager,Product Operations,Product,EMP00009,2024-10-07,andrew.allen@theguild.com,1981-12-18,Non-Binary,Active,Boston,MA,02101,2026-01-01,139099,Salary,Exempt,Monthly,,M1,Commission,13909,EEID00697
EMP00698,Jade,,Morris,Jade Morris,Marketing Coordinator,Corporate Communications,Marketing,EMP00151,2023-05-22,jade.morris@theguild.com,1979-06-07,Male,Active,Raleigh,NC,27601,2026-01-01,66983,Salary,Non-Exempt,Monthly,,P1,Annual Bonus,2009,EEID00698
EMP00699,Isla,,Torres,Isla Torres,CS Team Lead,Renewals,Customer Success,EMP00135,2022-03-25,isla.torres@theguild.com,1978-09-11,,Active,Denver,CO,80201,2026-01-01,155992,Salary,Exempt,Twice a Month,,P4,Commission,31198,EEID00699
EMP00700,Cole,,Miller,Cole Miller,Senior Account Executive,Account Management,Sales & Revenue,EMP00665,2024-05-28,cole.miller@theguild.com,1999-05-08,Female,Active,San Jose,CA,95101,2026-01-01,149830,Salary,Exempt,Monthly,,P3,Annual Bonus,22474,EEID00700
EMP00701,Avery,,Wright,Avery Wright,Staff Software Engineer,Software Engineering,Engineering & Technology,EMP00014,2025-11-03,avery.wright@theguild.com,1977-01-02,Female,Active,Phoenix,AZ,85001,2026-01-01,170242,Salary,Exempt,Bi-Weekly,,P4,No Bonus,0,EEID00701
EMP00702,Ezra,,Lopez,Ezra Lopez,Design Manager,UX Research,Product,EMP00009,2019-04-22,ezra.lopez@theguild.com,1988-01-11,Male,Active,San Jose,CA,95101,2026-01-01,157430,Hourly,Exempt,Bi-Weekly,,M1,No Bonus,0,EEID00702
EMP00703,Luke,,Lopez,Luke Lopez,Associate Director of Marketing,Product Marketing,Marketing,EMP00583,2022-08-04,luke.lopez@theguild.com,1975-06-17,,Active,Portland,OR,97201,2026-01-01,144284,Hourly,Exempt,Bi-Weekly,,P4,Annual Bonus,11542,EEID00703
EMP00704,Noah,,Moore,Noah Moore,Operations Manager,Corporate Strategy,Operations,EMP00646,2019-04-18,noah.moore@theguild.com,1982-02-16,,Active,Minneapolis,MN,55401,2026-01-01,176060,Salary,Exempt,Bi-Weekly,,P4,Annual Bonus,5281,EEID00704
EMP00705,Rachel,,Wright,Rachel Wright,Senior Account Executive,SMB Sales,Sales & Revenue,EMP00289,2020-04-07,rachel.wright@theguild.com,1978-11-18,,Active,Provo,UT,84601,2026-01-01,140144,Salary,Exempt,Monthly,,P3,Annual Bonus,14014,EEID00705
EMP00706,Chris,,King,Chris King,Junior Software Engineer,IT,Engineering & Technology,EMP00367,2019-08-08,chris.king@theguild.com,1994-10-30,Male,Active,Austin,TX,73301,2026-01-01,82298,Salary,Non-Exempt,Bi-Weekly,,P1,Commission,24689,EEID00706
EMP00707,Brian,,Phillips,Brian Phillips,Account Executive,Enterprise Sales,Sales & Revenue,EMP00353,2018-09-18,brian.phillips@theguild.com,1985-02-07,Female,Active,San Jose,CA,95101,2026-01-01,91503,Hourly,Non-Exempt,Bi-Weekly,,P2,Annual Bonus,13725,EEID00707
EMP00708,Luke,,Carter,Luke Carter,Senior Finance Manager,Compliance,G&A,EMP00013,2025-09-05,luke.carter@theguild.com,1977-12-03,,Active,Boston,MA,02101,2026-01-01,189430,Salary,Exempt,Bi-Weekly,,M2,Annual Bonus,5682,EEID00708
EMP00709,Emerson,,Phillips,Emerson Phillips,Product Manager,UX Research,Product,EMP00366,2018-05-25,emerson.phillips@theguild.com,2000-04-13,Male,Active,San Jose,CA,95101,2026-01-01,80386,Hourly,Exempt,Bi-Weekly,,P2,No Bonus,0,EEID00709
EMP00710,Leo,,Morgan,Leo Morgan,CS Team Lead,Renewals,Customer Success,EMP00445,2024-01-07,leo.morgan@theguild.com,1991-02-26,Female,Active,Atlanta,GA,30301,2026-01-01,179753,Hourly,Exempt,Twice a Month,,P4,Annual Bonus,17975,EEID00710
EMP00711,Ben,,Baker,Ben Baker,HRBP Lead,People & HR,G&A,EMP00702,2025-12-20,ben.baker@theguild.com,1999-04-16,Female,Active,Salt Lake City,UT,84101,2026-01-01,159122,Salary,Exempt,Monthly,,P4,Commission,31824,EEID00711
EMP00712,Chris,,Morris,Chris Morris,HRBP Lead,Procurement,G&A,EMP00697,2025-06-18,chris.morris@theguild.com,1992-11-22,Female,Active,Dallas,TX,75201,2026-01-01,165184,Hourly,Exempt,Bi-Weekly,,P4,Annual Bonus,13214,EEID00712
EMP00713,Kayla,,Wilson,Kayla Wilson,Senior HR Business Partner,Talent Acquisition,G&A,EMP00363,2024-02-02,kayla.wilson@theguild.com,1995-04-16,Non-Binary,Active,Denver,CO,80201,2026-01-01,131752,Hourly,Exempt,Bi-Weekly,,P3,Commission,13175,EEID00713
EMP00714,Avery,,Gonzalez,Avery Gonzalez,Product Manager,UX Research,Product,EMP00414,2025-08-19,avery.gonzalez@theguild.com,2000-04-09,Female,Active,Denver,CO,80201,2026-01-01,91817,Hourly,Exempt,Bi-Weekly,,P2,No Bonus,0,EEID00714
EMP00715,Bryn,,Edwards,Bryn Edwards,Senior Operations Analyst,Corporate Strategy,Operations,EMP00445,2018-03-29,bryn.edwards@theguild.com,1975-05-23,Male,Active,Boise,ID,83701,2026-01-01,113556,Salary,Exempt,Monthly,,P3,Annual Bonus,3406,EEID00715
EMP00716,Emily,,Lee,Emily Lee,Account Executive,Sales Development,Sales & Revenue,EMP00598,2019-02-20,emily.lee@theguild.com,2000-03-15,Female,Terminated,Minneapolis,MN,55401,2026-01-01,103785,Hourly,Non-Exempt,Bi-Weekly,2026-04-09,P2,Annual Bonus,8302,EEID00716
EMP00717,Ryan,,Clark,Ryan Clark,Staff Software Engineer,Architecture,Engineering & Technology,EMP00282,2018-06-11,ryan.clark@theguild.com,1981-01-30,,Active,Chicago,IL,60601,2026-01-01,180866,Salary,Exempt,Bi-Weekly,,P4,Commission,18086,EEID00717
EMP00718,Noah,,Walker,Noah Walker,Senior Product Manager,Product Management,Product,EMP00010,2018-10-10,noah.walker@theguild.com,1982-12-13,Female,Contractor,Provo,UT,84601,2026-01-01,134316,Salary,Exempt,Bi-Weekly,,P3,Annual Bonus,10745,EEID00718
EMP00719,Liam,,Rogers,Liam Rogers,Product Manager,Product Management,Product,EMP00355,2020-02-26,liam.rogers@theguild.com,1998-01-11,Non-Binary,Active,Raleigh,NC,27601,2026-01-01,85444,Salary,Non-Exempt,Bi-Weekly,,P2,Annual Bonus,6835,EEID00719
EMP00720,Cole,,Lee,Cole Lee,Senior Product Manager,Product Management,Product,EMP00345,2019-06-20,cole.lee@theguild.com,1975-06-24,Male,Active,Minneapolis,MN,55401,2026-01-01,133373,Salary,Exempt,Bi-Weekly,,P3,Commission,13337,EEID00720
EMP00721,Noah,,Gonzalez,Noah Gonzalez,Senior Marketing Manager,Sales Enablement,Marketing,EMP00496,2020-12-07,noah.gonzalez@theguild.com,1999-10-12,Female,Active,Phoenix,AZ,85001,2026-01-01,129038,Hourly,Exempt,Bi-Weekly,,P3,Annual Bonus,10323,EEID00721
EMP00722,Ben,,Moore,Ben Moore,Junior Software Engineer,IT,Engineering & Technology,EMP00092,2018-09-24,ben.moore@theguild.com,1981-11-28,Female,Active,New York,NY,10001,2026-01-01,84354,Salary,Exempt,Monthly,,P1,Annual Bonus,6748,EEID00722
EMP00723,Sarah,,Smith,Sarah Smith,Senior Financial Analyst,Finance,G&A,EMP00599,2018-08-19,sarah.smith@theguild.com,1981-03-22,Female,Contractor,Minneapolis,MN,55401,2026-01-01,143191,Salary,Exempt,Monthly,,P3,Commission,14319,EEID00723
EMP00724,Rachel,,Garcia,Rachel Garcia,Finance Manager,Legal,G&A,EMP00013,2024-10-15,rachel.garcia@theguild.com,1983-05-07,,Active,Boulder,CO,80301,2026-01-01,166987,Salary,Exempt,Twice a Month,,M1,Annual Bonus,16698,EEID00724
EMP00725,Peyton,,Murphy,Peyton Murphy,Operations Associate,Business Operations,Operations,EMP00261,2021-08-09,peyton.murphy@theguild.com,1985-03-19,Female,Active,Lehi,UT,84043,2026-01-01,61478,Salary,Exempt,Monthly,,P1,Annual Bonus,3073,EEID00725
EMP00726,Peyton,,Jackson,Peyton Jackson,Senior Customer Success Manager,Professional Services,Customer Success,EMP00353,2018-09-22,peyton.jackson@theguild.com,1977-10-06,Male,Active,Boulder,CO,80301,2026-01-01,121446,Salary,Exempt,Bi-Weekly,,P3,Annual Bonus,6072,EEID00726
EMP00727,Dylan,,Cook,Dylan Cook,Finance Manager,Finance,G&A,EMP00708,2021-07-30,dylan.cook@theguild.com,1995-03-22,Non-Binary,Active,Los Angeles,CA,90001,2026-01-01,135786,Salary,Exempt,Monthly,,P4,Commission,27157,EEID00727
EMP00728,Chloe,,Young,Chloe Young,Account Executive,Account Management,Sales & Revenue,EMP00646,2023-01-27,chloe.young@theguild.com,1981-11-06,Female,Active,Minneapolis,MN,55401,2026-01-01,82798,Hourly,Non-Exempt,Twice a Month,,P2,Commission,16559,EEID00728
EMP00729,Luna,,Johnson,Luna Johnson,Operations Manager,Corporate Strategy,Operations,EMP00009,2018-03-09,luna.johnson@theguild.com,1992-07-20,,Active,Boston,MA,02101,2026-01-01,158967,Salary,Exempt,Bi-Weekly,,P4,Annual Bonus,4769,EEID00729
EMP00730,Sam,,Perez,Sam Perez,Product Manager,Product Management,Product,EMP00193,2018-09-02,sam.perez@theguild.com,1990-11-07,Male,Active,Raleigh,NC,27601,2026-01-01,94925,Hourly,Non-Exempt,Bi-Weekly,,P2,Commission,28477,EEID00730
EMP00731,Ella,,Turner,Ella Turner,Senior Marketing Manager,Marketing Operations,Marketing,EMP00011,2024-12-08,ella.turner@theguild.com,1994-03-30,Male,Contractor,Boston,MA,02101,2026-01-01,182145,Salary,Exempt,Bi-Weekly,,M2,No Bonus,0,EEID00731
EMP00732,Isla,,Jackson,Isla Jackson,Account Executive,Revenue Operations,Sales & Revenue,EMP00010,2020-08-14,isla.jackson@theguild.com,1989-01-07,,Active,Phoenix,AZ,85001,2026-01-01,84136,Salary,Exempt,Bi-Weekly,,P2,No Bonus,0,EEID00732
EMP00733,Sage,,Perez,Sage Perez,Customer Success Manager,Implementation & Onboarding,Customer Success,EMP00595,2019-01-27,sage.perez@theguild.com,1992-03-25,Female,Active,Chicago,IL,60601,2026-01-01,118852,Hourly,Non-Exempt,Monthly,,P2,Annual Bonus,17827,EEID00733
EMP00734,Michael,,King,Michael King,Senior Marketing Manager,Corporate Communications,Marketing,EMP00193,2020-10-07,michael.king@theguild.com,1985-01-07,Male,Active,Portland,OR,97201,2026-01-01,130531,Salary,Exempt,Bi-Weekly,,P3,Annual Bonus,13053,EEID00734
EMP00735,Lily,,Stewart,Lily Stewart,Senior Customer Success Manager,Professional Services,Customer Success,EMP00594,2018-09-06,lily.stewart@theguild.com,1983-09-29,Non-Binary,Terminated,Denver,CO,80201,2026-01-01,125589,Salary,Exempt,Bi-Weekly,2024-02-14,P3,No Bonus,0,EEID00735
EMP00736,Noah,,Ramirez,Noah Ramirez,Financial Analyst,Finance,G&A,EMP00011,2025-01-07,noah.ramirez@theguild.com,1992-02-20,Female,Active,Phoenix,AZ,85001,2026-01-01,81656,Salary,Non-Exempt,Twice a Month,,P2,Annual Bonus,8165,EEID00736
EMP00737,Nate,,Miller,Nate Miller,Enterprise Account Executive,Account Management,Sales & Revenue,EMP00134,2023-05-09,nate.miller@theguild.com,1991-07-18,Female,Active,San Francisco,CA,94101,2026-01-01,173435,Salary,Exempt,Monthly,,P4,Annual Bonus,26015,EEID00737
EMP00738,Noah,,Scott,Noah Scott,Staff Software Engineer,Platform Engineering,Engineering & Technology,EMP00731,2019-06-25,noah.scott@theguild.com,1997-04-12,Male,Active,Salt Lake City,UT,84101,2026-01-01,175178,Salary,Exempt,Monthly,,P4,Commission,17517,EEID00738
EMP00739,Amanda,,Martinez,Amanda Martinez,Software Engineer,Architecture,Engineering & Technology,EMP00345,2023-11-20,amanda.martinez@theguild.com,1993-09-04,,Active,Los Angeles,CA,90001,2026-01-01,103401,Salary,Non-Exempt,Twice a Month,,P2,Commission,10340,EEID00739
EMP00740,Jade,,Stewart,Jade Stewart,Junior Software Engineer,Security,Engineering & Technology,EMP00023,2018-06-22,jade.stewart@theguild.com,1984-10-28,Female,Active,Lehi,UT,84043,2026-01-01,62840,Salary,Exempt,Bi-Weekly,,P1,Commission,6284,EEID00740
EMP00741,Amanda,,Allen,Amanda Allen,Enterprise Account Executive,Revenue Operations,Sales & Revenue,EMP00011,2018-05-28,amanda.allen@theguild.com,1984-05-14,Female,Active,Phoenix,AZ,85001,2026-01-01,167258,Salary,Exempt,Monthly,,P4,Annual Bonus,25088,EEID00741
EMP00742,Alex,,Thompson,Alex Thompson,Senior Financial Analyst,Legal,G&A,EMP00152,2023-09-24,alex.thompson@theguild.com,1992-06-03,Female,Active,Boise,ID,83701,2026-01-01,118944,Salary,Exempt,Bi-Weekly,,P3,Commission,23788,EEID00742
EMP00743,Drew,,Taylor,Drew Taylor,Senior Account Executive,Sales Development,Sales & Revenue,EMP00289,2018-06-20,drew.taylor@theguild.com,1992-05-19,Male,Active,Minneapolis,MN,55401,2026-01-01,147628,Hourly,Exempt,Bi-Weekly,,P3,Annual Bonus,4428,EEID00743
EMP00744,Megan,,Parker,Megan Parker,Customer Success Manager,Renewals,Customer Success,EMP00014,2020-06-05,megan.parker@theguild.com,1983-02-12,Non-Binary,Active,Chicago,IL,60601,2026-01-01,110394,Salary,Exempt,Monthly,,P2,Annual Bonus,3311,EEID00744
EMP00745,Violet,,Phillips,Violet Phillips,Associate Director of Marketing,Events & Community,Marketing,EMP00567,2024-12-11,violet.phillips@theguild.com,1977-03-30,Male,Active,Chicago,IL,60601,2026-01-01,166468,Salary,Exempt,Monthly,,P4,Annual Bonus,4994,EEID00745
EMP00746,Alex,,Martin,Alex Martin,Marketing Specialist,Sales Enablement,Marketing,EMP00215,2018-04-02,alex.martin@theguild.com,1988-05-05,Male,Active,Phoenix,AZ,85001,2026-01-01,104120,Salary,Exempt,Bi-Weekly,,P2,Commission,31236,EEID00746
EMP00747,Will,,Martinez,Will Martinez,Account Executive,Account Management,Sales & Revenue,EMP00171,2025-11-18,will.martinez@theguild.com,2000-04-06,,Active,Austin,TX,73301,2026-01-01,111228,Salary,Non-Exempt,Bi-Weekly,,P2,Annual Bonus,3336,EEID00747
EMP00748,Stephanie,,Wilson,Stephanie Wilson,Junior Software Engineer,Platform Engineering,Engineering & Technology,EMP00429,2021-02-27,stephanie.wilson@theguild.com,1996-06-29,Female,Active,San Francisco,CA,94101,2026-01-01,69171,Salary,Exempt,Bi-Weekly,,P1,No Bonus,0,EEID00748
EMP00749,Taylor,,Carter,Taylor Carter,Enterprise Account Executive,Sales Development,Sales & Revenue,EMP00408,2018-12-29,taylor.carter@theguild.com,1991-06-23,,Active,Raleigh,NC,27601,2026-01-01,171910,Salary,Exempt,Monthly,,P4,Annual Bonus,13752,EEID00749
EMP00750,June,,Hernandez,June Hernandez,Account Executive,Revenue Operations,Sales & Revenue,EMP00171,2025-07-30,june.hernandez@theguild.com,1999-04-29,,Active,Atlanta,GA,30301,2026-01-01,106673,Hourly,Non-Exempt,Bi-Weekly,,P2,Annual Bonus,10667,EEID00750
